
OS:Version,
  {ba220dcb-905e-4c86-a484-23aee18627df}, !- Handle
  3.9.0;                                  !- Version Identifier

OS:SimulationControl,
  {102ffd5a-b5cd-4e65-a3bc-0d1741dc5517}, !- Handle
  ,                                       !- Do Zone Sizing Calculation
  ,                                       !- Do System Sizing Calculation
  ,                                       !- Do Plant Sizing Calculation
  No;                                     !- Run Simulation for Sizing Periods

OS:Timestep,
  {228d5105-5ce6-45b3-9ecf-c65967c47c37}, !- Handle
  4;                                      !- Number of Timesteps per Hour

OS:ShadowCalculation,
  {d85d1da8-f5b9-48c0-9d2b-86a2079216b0}, !- Handle
  PolygonClipping,                        !- Shading Calculation Method
  ,                                       !- Shading Calculation Update Frequency Method
  20,                                     !- Shading Calculation Update Frequency
  200,                                    !- Maximum Figures in Shadow Overlap Calculations
  ,                                       !- Polygon Clipping Algorithm
  512,                                    !- Pixel Counting Resolution
  ,                                       !- Sky Diffuse Modeling Algorithm
  No,                                     !- Output External Shading Calculation Results
  No,                                     !- Disable Self-Shading Within Shading Zone Groups
  No;                                     !- Disable Self-Shading From Shading Zone Groups to Other Zones

OS:SurfaceConvectionAlgorithm:Outside,
  {0ad21f5b-acc2-4963-abaa-3fa67b0a1f83}, !- Handle
  DOE-2;                                  !- Algorithm

OS:SurfaceConvectionAlgorithm:Inside,
  {9880e39c-6d59-4aae-980a-cc89b5fb21fd}, !- Handle
  TARP;                                   !- Algorithm

OS:ZoneCapacitanceMultiplier:ResearchSpecial,
  {e362817d-b089-4ee7-b59c-f64a2de6a6c3}, !- Handle
  7,                                      !- Temperature Capacity Multiplier
  15,                                     !- Humidity Capacity Multiplier
  ;                                       !- Carbon Dioxide Capacity Multiplier

OS:ConvergenceLimits,
  {633b9472-dcb5-41cd-98d0-add9f095d373}, !- Handle
  0;                                      !- Minimum System Timestep {minutes}

OS:RunPeriod,
  {022639c3-003f-4384-b84f-a39a0cfbb16e}, !- Handle
  Run Period 1,                           !- Name
  1,                                      !- Begin Month
  1,                                      !- Begin Day of Month
  12,                                     !- End Month
  31,                                     !- End Day of Month
  ,                                       !- Use Weather File Holidays and Special Days
  ,                                       !- Use Weather File Daylight Saving Period
  ,                                       !- Apply Weekend Holiday Rule
  ,                                       !- Use Weather File Rain Indicators
  ,                                       !- Use Weather File Snow Indicators
  ;                                       !- Number of Times Runperiod to be Repeated

OS:PerformancePrecisionTradeoffs,
  {0d555886-66ae-4f13-819c-39f081bea4ac}, !- Handle
  ,                                       !- Use Coil Direct Solutions
  CarrollMRT;                             !- Zone Radiant Exchange Algorithm

OS:WeatherFile,
  {0269d3d2-39a4-4b45-ac10-60b786b5c4de}, !- Handle
  Meriden Markham Muni,                   !- City
  CT,                                     !- State Province Region
  USA,                                    !- Country
  customized weather file,                !- Data Source
  725027,                                 !- WMO Number
  41.51,                                  !- Latitude {deg}
  -72.83,                                 !- Longitude {deg}
  -5,                                     !- Time Zone {hr}
  32,                                     !- Elevation {m}
  /weather/G0900090.epw,                  !- Url
  E1F9E87E,                               !- Checksum
  2018,                                   !- Start Date Actual Year
  Monday;                                 !- Start Day of Week

OS:YearDescription,
  {c98bd4ff-0dfd-40ff-976b-931426101049}, !- Handle
  2018,                                   !- Calendar Year
  ,                                       !- Day of Week for Start Day
  ;                                       !- Is Leap Year

OS:Site,
  {8d905761-8629-412a-9259-07033efcc9aa}, !- Handle
  Meriden Markham Muni_CT,                !- Name
  41.51,                                  !- Latitude {deg}
  -72.83,                                 !- Longitude {deg}
  -5,                                     !- Time Zone {hr}
  32,                                     !- Elevation {m}
  Suburbs,                                !- Terrain
  Yes;                                    !- Keep Site Location Information

OS:RunPeriodControl:DaylightSavingTime,
  {7410860a-98f8-4388-beca-e9d0cf69e230}, !- Handle
  Mar 11,                                 !- Start Date
  Nov 4;                                  !- End Date

OS:Site:GroundTemperature:Shallow,
  {b317ec1f-5260-4b4d-b86e-952e0ea07010}, !- Handle
  5.94667425736282,                       !- January Surface Ground Temperature {C}
  3.86290670618466,                       !- February Surface Ground Temperature {C}
  3.6960311278513,                        !- March Surface Ground Temperature {C}
  4.68488530390665,                       !- April Surface Ground Temperature {C}
  8.65458378790493,                       !- May Surface Ground Temperature {C}
  12.6057897323299,                       !- June Surface Ground Temperature {C}
  16.0312741169127,                       !- July Surface Ground Temperature {C}
  18.2012342264744,                       !- August Surface Ground Temperature {C}
  18.3855842565253,                       !- September Surface Ground Temperature {C}
  16.6206864279137,                       !- October Surface Ground Temperature {C}
  13.2825539062903,                       !- November Surface Ground Temperature {C}
  9.45255486669554;                       !- December Surface Ground Temperature {C}

OS:ThermalZone,
  {00b24524-14db-4c7c-9c7b-d69b1015508a}, !- Handle
  conditioned space,                      !- Name
  1,                                      !- Multiplier
  ,                                       !- Ceiling Height {m}
  257.796571373568,                       !- Volume {m3}
  ,                                       !- Floor Area {m2}
  ,                                       !- Zone Inside Convection Algorithm
  ,                                       !- Zone Outside Convection Algorithm
  ,                                       !- Zone Conditioning Equipment List Name
  {9f4c5b81-061b-41a1-b924-047fc182330a}, !- Zone Air Inlet Port List
  {a5a3eb21-1808-47b9-8606-d6ef627cbe06}, !- Zone Air Exhaust Port List
  {5220b547-c9e6-4146-8a32-061ea1d95e34}, !- Zone Air Node Name
  {7cfc2377-0d72-4440-b6e3-038c2c75de40}, !- Zone Return Air Port List
  ,                                       !- Primary Daylighting Control Name
  ,                                       !- Fraction of Zone Controlled by Primary Daylighting Control
  ,                                       !- Secondary Daylighting Control Name
  ,                                       !- Fraction of Zone Controlled by Secondary Daylighting Control
  ,                                       !- Illuminance Map Name
  ,                                       !- Group Rendering Name
  {afeffb87-9604-4714-a69e-cc3c8b479c91}, !- Thermostat Name
  No;                                     !- Use Ideal Air Loads

OS:Node,
  {2ca9a3cd-ac4e-4fdd-869f-9657ed66b5c1}, !- Handle
  Node 1,                                 !- Name
  {5220b547-c9e6-4146-8a32-061ea1d95e34}, !- Inlet Port
  ;                                       !- Outlet Port

OS:Connection,
  {5220b547-c9e6-4146-8a32-061ea1d95e34}, !- Handle
  {00b24524-14db-4c7c-9c7b-d69b1015508a}, !- Source Object
  11,                                     !- Outlet Port
  {2ca9a3cd-ac4e-4fdd-869f-9657ed66b5c1}, !- Target Object
  2;                                      !- Inlet Port

OS:PortList,
  {9f4c5b81-061b-41a1-b924-047fc182330a}, !- Handle
  {00b24524-14db-4c7c-9c7b-d69b1015508a}, !- HVAC Component
  {09e85406-4b63-41e7-a298-8a7653b30ebe}, !- Port 1
  {0f8e1320-640c-4c34-a91f-055d36eb6a21}; !- Port 2

OS:PortList,
  {a5a3eb21-1808-47b9-8606-d6ef627cbe06}, !- Handle
  {00b24524-14db-4c7c-9c7b-d69b1015508a}, !- HVAC Component
  {89ebfb6d-53b5-4838-b22c-ea24ef192fb8}; !- Port 1

OS:PortList,
  {7cfc2377-0d72-4440-b6e3-038c2c75de40}, !- Handle
  {00b24524-14db-4c7c-9c7b-d69b1015508a}, !- HVAC Component
  {88e46a5c-948e-4669-9f8d-5d2ab1b09a2a}; !- Port 1

OS:Sizing:Zone,
  {23a38e37-5476-41d9-b24b-7e4fb4935841}, !- Handle
  {00b24524-14db-4c7c-9c7b-d69b1015508a}, !- Zone or ZoneList Name
  SupplyAirTemperature,                   !- Zone Cooling Design Supply Air Temperature Input Method
  14,                                     !- Zone Cooling Design Supply Air Temperature {C}
  11.11,                                  !- Zone Cooling Design Supply Air Temperature Difference {deltaC}
  SupplyAirTemperature,                   !- Zone Heating Design Supply Air Temperature Input Method
  40,                                     !- Zone Heating Design Supply Air Temperature {C}
  11.11,                                  !- Zone Heating Design Supply Air Temperature Difference {deltaC}
  0.0085,                                 !- Zone Cooling Design Supply Air Humidity Ratio {kg-H2O/kg-air}
  0.008,                                  !- Zone Heating Design Supply Air Humidity Ratio {kg-H2O/kg-air}
  ,                                       !- Zone Heating Sizing Factor
  ,                                       !- Zone Cooling Sizing Factor
  DesignDay,                              !- Cooling Design Air Flow Method
  ,                                       !- Cooling Design Air Flow Rate {m3/s}
  ,                                       !- Cooling Minimum Air Flow per Zone Floor Area {m3/s-m2}
  ,                                       !- Cooling Minimum Air Flow {m3/s}
  ,                                       !- Cooling Minimum Air Flow Fraction
  DesignDay,                              !- Heating Design Air Flow Method
  ,                                       !- Heating Design Air Flow Rate {m3/s}
  ,                                       !- Heating Maximum Air Flow per Zone Floor Area {m3/s-m2}
  ,                                       !- Heating Maximum Air Flow {m3/s}
  ,                                       !- Heating Maximum Air Flow Fraction
  No,                                     !- Account for Dedicated Outdoor Air System
  NeutralSupplyAir,                       !- Dedicated Outdoor Air System Control Strategy
  autosize,                               !- Dedicated Outdoor Air Low Setpoint Temperature for Design {C}
  autosize,                               !- Dedicated Outdoor Air High Setpoint Temperature for Design {C}
  Sensible Load Only No Latent Load,      !- Zone Load Sizing Method
  HumidityRatioDifference,                !- Zone Latent Cooling Design Supply Air Humidity Ratio Input Method
  ,                                       !- Zone Dehumidification Design Supply Air Humidity Ratio {kgWater/kgDryAir}
  0.005,                                  !- Zone Cooling Design Supply Air Humidity Ratio Difference {kgWater/kgDryAir}
  HumidityRatioDifference,                !- Zone Latent Heating Design Supply Air Humidity Ratio Input Method
  ,                                       !- Zone Humidification Design Supply Air Humidity Ratio {kgWater/kgDryAir}
  0.005,                                  !- Zone Humidification Design Supply Air Humidity Ratio Difference {kgWater/kgDryAir}
  ,                                       !- Zone Humidistat Dehumidification Set Point Schedule Name
  ,                                       !- Zone Humidistat Humidification Set Point Schedule Name
  ,                                       !- Design Zone Air Distribution Effectiveness in Cooling Mode
  ,                                       !- Design Zone Air Distribution Effectiveness in Heating Mode
  ,                                       !- Design Zone Secondary Recirculation Fraction {dimensionless}
  ,                                       !- Design Minimum Zone Ventilation Efficiency {dimensionless}
  Coincident;                             !- Sizing Option

OS:ZoneHVAC:EquipmentList,
  {d233a323-1307-47f0-86da-b4b615a5eece}, !- Handle
  Zone HVAC Equipment List 1,             !- Name
  {00b24524-14db-4c7c-9c7b-d69b1015508a}, !- Thermal Zone
  ,                                       !- Load Distribution Scheme
  {28022c5d-6379-45a5-b753-42de8898e2bc}, !- Zone Equipment 1
  1,                                      !- Zone Equipment Cooling Sequence 1
  1,                                      !- Zone Equipment Heating or No-Load Sequence 1
  {e4fa9fce-0e2d-4260-a066-d371efd12eb3}, !- Zone Equipment Sequential Cooling Fraction Schedule Name 1
  {4dd1554d-467d-4a48-8058-0512a9966b00}, !- Zone Equipment Sequential Heating Fraction Schedule Name 1
  {b83829ae-b523-4252-be70-a642e5381959}, !- Zone Equipment 2
  2,                                      !- Zone Equipment Cooling Sequence 2
  2,                                      !- Zone Equipment Heating or No-Load Sequence 2
  {874268c8-7e97-40f4-99e3-3495f8eaad18}, !- Zone Equipment Sequential Cooling Fraction Schedule Name 2
  {ff998fae-749b-49c4-a15e-c4bb24e14290}, !- Zone Equipment Sequential Heating Fraction Schedule Name 2
  {9e55d1c4-8ea4-412c-b4b8-22f2c4021322}, !- Zone Equipment 3
  3,                                      !- Zone Equipment Cooling Sequence 3
  3,                                      !- Zone Equipment Heating or No-Load Sequence 3
  {bbedf490-daea-4568-9d2e-4488713daeb4}, !- Zone Equipment Sequential Cooling Fraction Schedule Name 3
  {ac041583-4678-4a68-a8fa-9c6b469c2fcb}; !- Zone Equipment Sequential Heating Fraction Schedule Name 3

OS:AdditionalProperties,
  {f96777fd-6685-4e73-afe1-b5a37aaffc6d}, !- Handle
  {00b24524-14db-4c7c-9c7b-d69b1015508a}, !- Object Name
  ObjectType,                             !- Feature Name 1
  String,                                 !- Feature Data Type 1
  conditioned space;                      !- Feature Value 1

OS:Space,
  {07609d97-2580-4575-9dfc-ffbe3579d777}, !- Handle
  conditioned space 1,                    !- Name
  ,                                       !- Space Type Name
  ,                                       !- Default Construction Set Name
  ,                                       !- Default Schedule Set Name
  ,                                       !- Direction of Relative North {deg}
  ,                                       !- X Origin {m}
  ,                                       !- Y Origin {m}
  ,                                       !- Z Origin {m}
  ,                                       !- Building Story Name
  {00b24524-14db-4c7c-9c7b-d69b1015508a}, !- Thermal Zone Name
  ,                                       !- Part of Total Floor Area
  ,                                       !- Design Specification Outdoor Air Object Name
  ,                                       !- Building Unit Name
  257.796571373568;                       !- Volume {m3}

OS:Schedule:Ruleset,
  {186e3b83-c38f-4dcc-8746-e1c7d8eaebb3}, !- Handle
  heating setpoint,                       !- Name
  {a09c7b44-5659-4aab-a4b7-dfe7f30520b9}, !- Schedule Type Limits Name
  {fe83d7ca-9189-459e-91ad-7a09ec7d881e}; !- Default Day Schedule Name

OS:Schedule:Day,
  {fe83d7ca-9189-459e-91ad-7a09ec7d881e}, !- Handle
  heating setpoint default day,           !- Name
  {a09c7b44-5659-4aab-a4b7-dfe7f30520b9}, !- Schedule Type Limits Name
  ,                                       !- Interpolate to Timestep
  24,                                     !- Hour 1
  0,                                      !- Minute 1
  0;                                      !- Value Until Time 1

OS:Schedule:Rule,
  {21d5cd40-fc38-47dc-bdf3-f65ba34a826b}, !- Handle
  heating setpoint weekday rule,          !- Name
  {186e3b83-c38f-4dcc-8746-e1c7d8eaebb3}, !- Schedule Ruleset Name
  1,                                      !- Rule Order
  {f9e3bfd1-aaf7-42f9-ae31-8a8a85068676}, !- Day Schedule Name
  No,                                     !- Apply Sunday
  Yes,                                    !- Apply Monday
  Yes,                                    !- Apply Tuesday
  Yes,                                    !- Apply Wednesday
  Yes,                                    !- Apply Thursday
  Yes,                                    !- Apply Friday
  No,                                     !- Apply Saturday
  DateRange,                              !- Date Specification Type
  1,                                      !- Start Month
  1,                                      !- Start Day
  12,                                     !- End Month
  31;                                     !- End Day

OS:Schedule:Day,
  {f9e3bfd1-aaf7-42f9-ae31-8a8a85068676}, !- Handle
  heating setpoint day,                   !- Name
  {a09c7b44-5659-4aab-a4b7-dfe7f30520b9}, !- Schedule Type Limits Name
  ,                                       !- Interpolate to Timestep
  3,                                      !- Hour 1
  0,                                      !- Minute 1
  19.4444444444444,                       !- Value Until Time 1
  5,                                      !- Hour 2
  0,                                      !- Minute 2
  20.2777777777778,                       !- Value Until Time 2
  13,                                     !- Hour 3
  0,                                      !- Minute 3
  19.4444444444444,                       !- Value Until Time 3
  18,                                     !- Hour 4
  0,                                      !- Minute 4
  20.2777777777778,                       !- Value Until Time 4
  24,                                     !- Hour 5
  0,                                      !- Minute 5
  19.4444444444444;                       !- Value Until Time 5

OS:Schedule:Rule,
  {2990a411-046f-404a-89fd-76051201d9a6}, !- Handle
  heating setpoint weekend rule,          !- Name
  {186e3b83-c38f-4dcc-8746-e1c7d8eaebb3}, !- Schedule Ruleset Name
  0,                                      !- Rule Order
  {10775fb4-3eb3-4398-98b1-09fcc7a46e96}, !- Day Schedule Name
  Yes,                                    !- Apply Sunday
  No,                                     !- Apply Monday
  No,                                     !- Apply Tuesday
  No,                                     !- Apply Wednesday
  No,                                     !- Apply Thursday
  No,                                     !- Apply Friday
  Yes,                                    !- Apply Saturday
  DateRange,                              !- Date Specification Type
  1,                                      !- Start Month
  1,                                      !- Start Day
  12,                                     !- End Month
  31;                                     !- End Day

OS:Schedule:Day,
  {10775fb4-3eb3-4398-98b1-09fcc7a46e96}, !- Handle
  heating setpoint day 1,                 !- Name
  {a09c7b44-5659-4aab-a4b7-dfe7f30520b9}, !- Schedule Type Limits Name
  ,                                       !- Interpolate to Timestep
  3,                                      !- Hour 1
  0,                                      !- Minute 1
  19.4444444444444,                       !- Value Until Time 1
  18,                                     !- Hour 2
  0,                                      !- Minute 2
  20.2777777777778,                       !- Value Until Time 2
  24,                                     !- Hour 3
  0,                                      !- Minute 3
  19.4444444444444;                       !- Value Until Time 3

OS:Schedule:Ruleset,
  {246b456e-ac51-4546-8efa-599365a95c0a}, !- Handle
  cooling setpoint,                       !- Name
  {a09c7b44-5659-4aab-a4b7-dfe7f30520b9}, !- Schedule Type Limits Name
  {5f6b012c-a181-478f-b02e-93fe04794d1e}; !- Default Day Schedule Name

OS:Schedule:Day,
  {5f6b012c-a181-478f-b02e-93fe04794d1e}, !- Handle
  cooling setpoint default day,           !- Name
  {a09c7b44-5659-4aab-a4b7-dfe7f30520b9}, !- Schedule Type Limits Name
  ,                                       !- Interpolate to Timestep
  24,                                     !- Hour 1
  0,                                      !- Minute 1
  0;                                      !- Value Until Time 1

OS:Schedule:Rule,
  {39e0c6a9-3c55-495e-aa00-dd21974c1833}, !- Handle
  cooling setpoint weekday rule,          !- Name
  {246b456e-ac51-4546-8efa-599365a95c0a}, !- Schedule Ruleset Name
  1,                                      !- Rule Order
  {615bcda6-b45f-44a3-9984-e3f6628320f0}, !- Day Schedule Name
  No,                                     !- Apply Sunday
  Yes,                                    !- Apply Monday
  Yes,                                    !- Apply Tuesday
  Yes,                                    !- Apply Wednesday
  Yes,                                    !- Apply Thursday
  Yes,                                    !- Apply Friday
  No,                                     !- Apply Saturday
  DateRange,                              !- Date Specification Type
  1,                                      !- Start Month
  1,                                      !- Start Day
  12,                                     !- End Month
  31;                                     !- End Day

OS:Schedule:Day,
  {615bcda6-b45f-44a3-9984-e3f6628320f0}, !- Handle
  cooling setpoint day,                   !- Name
  {a09c7b44-5659-4aab-a4b7-dfe7f30520b9}, !- Schedule Type Limits Name
  ,                                       !- Interpolate to Timestep
  3,                                      !- Hour 1
  0,                                      !- Minute 1
  19.4444444444444,                       !- Value Until Time 1
  5,                                      !- Hour 2
  0,                                      !- Minute 2
  20.2777777777778,                       !- Value Until Time 2
  13,                                     !- Hour 3
  0,                                      !- Minute 3
  19.4444444444444,                       !- Value Until Time 3
  18,                                     !- Hour 4
  0,                                      !- Minute 4
  20.2777777777778,                       !- Value Until Time 4
  24,                                     !- Hour 5
  0,                                      !- Minute 5
  19.4444444444444;                       !- Value Until Time 5

OS:Schedule:Rule,
  {b04f50e2-89dc-4b98-a5cf-412b25394e62}, !- Handle
  cooling setpoint weekend rule,          !- Name
  {246b456e-ac51-4546-8efa-599365a95c0a}, !- Schedule Ruleset Name
  0,                                      !- Rule Order
  {63940f4d-01e3-4d82-a3aa-8afcffcfa376}, !- Day Schedule Name
  Yes,                                    !- Apply Sunday
  No,                                     !- Apply Monday
  No,                                     !- Apply Tuesday
  No,                                     !- Apply Wednesday
  No,                                     !- Apply Thursday
  No,                                     !- Apply Friday
  Yes,                                    !- Apply Saturday
  DateRange,                              !- Date Specification Type
  1,                                      !- Start Month
  1,                                      !- Start Day
  12,                                     !- End Month
  31;                                     !- End Day

OS:Schedule:Day,
  {63940f4d-01e3-4d82-a3aa-8afcffcfa376}, !- Handle
  cooling setpoint day 1,                 !- Name
  {a09c7b44-5659-4aab-a4b7-dfe7f30520b9}, !- Schedule Type Limits Name
  ,                                       !- Interpolate to Timestep
  3,                                      !- Hour 1
  0,                                      !- Minute 1
  19.4444444444444,                       !- Value Until Time 1
  18,                                     !- Hour 2
  0,                                      !- Minute 2
  20.2777777777778,                       !- Value Until Time 2
  24,                                     !- Hour 3
  0,                                      !- Minute 3
  19.4444444444444;                       !- Value Until Time 3

OS:ThermostatSetpoint:DualSetpoint,
  {afeffb87-9604-4714-a69e-cc3c8b479c91}, !- Handle
  conditioned space temperature setpoint, !- Name
  {186e3b83-c38f-4dcc-8746-e1c7d8eaebb3}, !- Heating Setpoint Temperature Schedule Name
  {246b456e-ac51-4546-8efa-599365a95c0a}, !- Cooling Setpoint Temperature Schedule Name
  0;                                      !- Temperature Difference Between Cutout And Setpoint {deltaC}

OS:ScheduleTypeLimits,
  {a09c7b44-5659-4aab-a4b7-dfe7f30520b9}, !- Handle
  Temperature,                            !- Name
  ,                                       !- Lower Limit Value
  ,                                       !- Upper Limit Value
  Continuous,                             !- Numeric Type
  Temperature;                            !- Unit Type

OS:Surface,
  {622894ab-15b1-4225-897a-6dfe140b167f}, !- Handle
  Roof1,                                  !- Name
  RoofCeiling,                            !- Surface Type
  {88e05b20-02ea-42e7-a079-809357f49cc5}, !- Construction Name
  {07609d97-2580-4575-9dfc-ffbe3579d777}, !- Space Name
  Outdoors,                               !- Outside Boundary Condition
  ,                                       !- Outside Boundary Condition Object
  SunExposed,                             !- Sun Exposure
  WindExposed,                            !- Wind Exposure
  ,                                       !- View Factor to Ground
  ,                                       !- Number of Vertices
  -5.14110055143838, 5.14110055143838, 7.3152, !- X,Y,Z Vertex 1 {m}
  -5.14110055143838, -5.14110055143838, 7.3152, !- X,Y,Z Vertex 2 {m}
  5.14110055143838, -5.14110055143838, 7.3152, !- X,Y,Z Vertex 3 {m}
  5.14110055143838, 5.14110055143838, 7.3152; !- X,Y,Z Vertex 4 {m}

OS:AdditionalProperties,
  {cab5727c-5f8c-4a4c-9bc5-b994f2643639}, !- Handle
  {622894ab-15b1-4225-897a-6dfe140b167f}, !- Object Name
  Length,                                 !- Feature Name 1
  Double,                                 !- Feature Data Type 1
  33.734255586866006,                     !- Feature Value 1
  Width,                                  !- Feature Name 2
  Double,                                 !- Feature Data Type 2
  33.734255586865999,                     !- Feature Value 2
  Azimuth,                                !- Feature Name 3
  Integer,                                !- Feature Data Type 3
  0,                                      !- Feature Value 3
  Tilt,                                   !- Feature Name 4
  Double,                                 !- Feature Data Type 4
  0,                                      !- Feature Value 4
  SurfaceType,                            !- Feature Name 5
  String,                                 !- Feature Data Type 5
  Roof;                                   !- Feature Value 5

OS:Material,
  {8db146a3-2539-486d-a150-9c892dbe08da}, !- Handle
  asphalt or fiberglass shingles,         !- Name
  Rough,                                  !- Roughness
  0.00635,                                !- Thickness {m}
  0.162714,                               !- Conductivity {W/m-K}
  1121.4,                                 !- Density {kg/m3}
  1465.45,                                !- Specific Heat {J/kg-K}
  0.9,                                    !- Thermal Absorptance
  0.85,                                   !- Solar Absorptance
  0.85;                                   !- Visible Absorptance

OS:Material,
  {1065f3bd-80e5-43fe-868f-27844dd42d17}, !- Handle
  roof rigid ins,                         !- Name
  Rough,                                  !- Roughness
  0.051816,                               !- Thickness {m}
  0.029427,                               !- Conductivity {W/m-K}
  32.04,                                  !- Density {kg/m3}
  1214.23,                                !- Specific Heat {J/kg-K}
  0.9,                                    !- Thermal Absorptance
  0.7,                                    !- Solar Absorptance
  0.7;                                    !- Visible Absorptance

OS:Material,
  {7174fc06-8b8d-40e7-8ecd-3c85fe80d91e}, !- Handle
  osb sheathing 0.75 in.,                 !- Name
  Rough,                                  !- Roughness
  0.01905,                                !- Thickness {m}
  0.1154577,                              !- Conductivity {W/m-K}
  512.64,                                 !- Density {kg/m3}
  1214.23,                                !- Specific Heat {J/kg-K}
  0.9,                                    !- Thermal Absorptance
  0.7,                                    !- Solar Absorptance
  0.7;                                    !- Visible Absorptance

OS:Material,
  {71d563ef-2072-4838-a33f-e8bc79092249}, !- Handle
  roof stud and cavity,                   !- Name
  Rough,                                  !- Roughness
  0.2032,                                 !- Thickness {m}
  0.667293750402582,                      !- Conductivity {W/m-K}
  78.34581,                               !- Density {kg/m3}
  1123.46101114405,                       !- Specific Heat {J/kg-K}
  0.9,                                    !- Thermal Absorptance
  0.7,                                    !- Solar Absorptance
  0.7;                                    !- Visible Absorptance

OS:Material,
  {c7823df4-8540-4afa-b293-e248f3232a03}, !- Handle
  gypsum board,                           !- Name
  Rough,                                  !- Roughness
  0.0127,                                 !- Thickness {m}
  0.1602906,                              !- Conductivity {W/m-K}
  801,                                    !- Density {kg/m3}
  837.4,                                  !- Specific Heat {J/kg-K}
  0.9,                                    !- Thermal Absorptance
  0.6,                                    !- Solar Absorptance
  0.6;                                    !- Visible Absorptance

OS:Construction,
  {88e05b20-02ea-42e7-a079-809357f49cc5}, !- Handle
  Roof1 construction,                     !- Name
  ,                                       !- Surface Rendering Name
  {8db146a3-2539-486d-a150-9c892dbe08da}, !- Layer 1
  {1065f3bd-80e5-43fe-868f-27844dd42d17}, !- Layer 2
  {7174fc06-8b8d-40e7-8ecd-3c85fe80d91e}, !- Layer 3
  {71d563ef-2072-4838-a33f-e8bc79092249}, !- Layer 4
  {c7823df4-8540-4afa-b293-e248f3232a03}; !- Layer 5

OS:Surface,
  {628ddf41-b0b1-483a-b0af-90673b46c4ec}, !- Handle
  Wall1,                                  !- Name
  Wall,                                   !- Surface Type
  {d4c0e288-a787-460d-96e5-55b343238b4e}, !- Construction Name
  {07609d97-2580-4575-9dfc-ffbe3579d777}, !- Space Name
  Outdoors,                               !- Outside Boundary Condition
  ,                                       !- Outside Boundary Condition Object
  SunExposed,                             !- Sun Exposure
  WindExposed,                            !- Wind Exposure
  ,                                       !- View Factor to Ground
  ,                                       !- Number of Vertices
  8.74083382105263, 1.161670215311, 4.8768, !- X,Y,Z Vertex 1 {m}
  8.74083382105263, 1.161670215311, 7.3152, !- X,Y,Z Vertex 2 {m}
  8.74083382105263, -5.585839784689, 7.3152, !- X,Y,Z Vertex 3 {m}
  8.74083382105263, -5.585839784689, 4.8768; !- X,Y,Z Vertex 4 {m}

OS:AdditionalProperties,
  {6c6cbf68-c59b-42da-8773-7f573a5948ad}, !- Handle
  {628ddf41-b0b1-483a-b0af-90673b46c4ec}, !- Object Name
  Length,                                 !- Feature Name 1
  Double,                                 !- Feature Data Type 1
  22.137499999999999,                     !- Feature Value 1
  Azimuth,                                !- Feature Name 2
  Integer,                                !- Feature Data Type 2
  90,                                     !- Feature Value 2
  Tilt,                                   !- Feature Name 3
  Double,                                 !- Feature Data Type 3
  90,                                     !- Feature Value 3
  SurfaceType,                            !- Feature Name 4
  String,                                 !- Feature Data Type 4
  Wall;                                   !- Feature Value 4

OS:Material,
  {2a956607-fa51-4c6e-924f-de530e44b038}, !- Handle
  wood siding,                            !- Name
  Rough,                                  !- Roughness
  0.0254,                                 !- Thickness {m}
  0.1024175,                              !- Conductivity {W/m-K}
  544.68,                                 !- Density {kg/m3}
  1172.36,                                !- Specific Heat {J/kg-K}
  0.9,                                    !- Thermal Absorptance
  0.85,                                   !- Solar Absorptance
  0.85;                                   !- Visible Absorptance

OS:Material,
  {9cc7f48d-402a-4c4b-940c-7133a886ca7c}, !- Handle
  osb sheathing 0.5 in.,                  !- Name
  Rough,                                  !- Roughness
  0.0127,                                 !- Thickness {m}
  0.1154577,                              !- Conductivity {W/m-K}
  512.64,                                 !- Density {kg/m3}
  1214.23,                                !- Specific Heat {J/kg-K}
  0.9,                                    !- Thermal Absorptance
  0.7,                                    !- Solar Absorptance
  0.7;                                    !- Visible Absorptance

OS:Material,
  {5eac04df-563e-454c-9342-95ca1b6830d1}, !- Handle
  wall stud and cavity,                   !- Name
  Rough,                                  !- Roughness
  0.1397,                                 !- Thickness {m}
  0.550994028857237,                      !- Conductivity {W/m-K}
  139.0536,                               !- Density {kg/m3}
  1170.23755760369,                       !- Specific Heat {J/kg-K}
  0.9,                                    !- Thermal Absorptance
  0.7,                                    !- Solar Absorptance
  0.7;                                    !- Visible Absorptance

OS:Construction,
  {d4c0e288-a787-460d-96e5-55b343238b4e}, !- Handle
  Wall1 construction,                     !- Name
  ,                                       !- Surface Rendering Name
  {2a956607-fa51-4c6e-924f-de530e44b038}, !- Layer 1
  {9cc7f48d-402a-4c4b-940c-7133a886ca7c}, !- Layer 2
  {5eac04df-563e-454c-9342-95ca1b6830d1}, !- Layer 3
  {c7823df4-8540-4afa-b293-e248f3232a03}; !- Layer 4

OS:Surface,
  {b02e2ebe-6cf6-402a-954b-5cdc858d6067}, !- Handle
  Wall2,                                  !- Name
  Wall,                                   !- Surface Type
  {7b5beb22-6868-4714-b61f-0f0b4b257faf}, !- Construction Name
  {07609d97-2580-4575-9dfc-ffbe3579d777}, !- Space Name
  Outdoors,                               !- Outside Boundary Condition
  ,                                       !- Outside Boundary Condition Object
  SunExposed,                             !- Sun Exposure
  WindExposed,                            !- Wind Exposure
  ,                                       !- View Factor to Ground
  ,                                       !- Number of Vertices
  7.81180342105263, -8.74083382105263, 4.8768, !- X,Y,Z Vertex 1 {m}
  7.81180342105263, -8.74083382105263, 7.3152, !- X,Y,Z Vertex 2 {m}
  -4.33066657894737, -8.74083382105263, 7.3152, !- X,Y,Z Vertex 3 {m}
  -4.33066657894737, -8.74083382105263, 4.8768; !- X,Y,Z Vertex 4 {m}

OS:AdditionalProperties,
  {1884eea9-f7d8-4857-831b-cb836d16145a}, !- Handle
  {b02e2ebe-6cf6-402a-954b-5cdc858d6067}, !- Object Name
  Length,                                 !- Feature Name 1
  Double,                                 !- Feature Data Type 1
  39.837500000000006,                     !- Feature Value 1
  Azimuth,                                !- Feature Name 2
  Integer,                                !- Feature Data Type 2
  180,                                    !- Feature Value 2
  Tilt,                                   !- Feature Name 3
  Double,                                 !- Feature Data Type 3
  90,                                     !- Feature Value 3
  SurfaceType,                            !- Feature Name 4
  String,                                 !- Feature Data Type 4
  Wall;                                   !- Feature Value 4

OS:Construction,
  {7b5beb22-6868-4714-b61f-0f0b4b257faf}, !- Handle
  Wall2 construction,                     !- Name
  ,                                       !- Surface Rendering Name
  {2a956607-fa51-4c6e-924f-de530e44b038}, !- Layer 1
  {9cc7f48d-402a-4c4b-940c-7133a886ca7c}, !- Layer 2
  {5eac04df-563e-454c-9342-95ca1b6830d1}, !- Layer 3
  {c7823df4-8540-4afa-b293-e248f3232a03}; !- Layer 4

OS:Surface,
  {a2faebd2-51a4-48a9-89b5-c8f6ade9f542}, !- Handle
  Wall3,                                  !- Name
  Wall,                                   !- Surface Type
  {42ca448c-3240-4b32-bf12-0e2315045083}, !- Construction Name
  {07609d97-2580-4575-9dfc-ffbe3579d777}, !- Space Name
  Outdoors,                               !- Outside Boundary Condition
  ,                                       !- Outside Boundary Condition Object
  SunExposed,                             !- Sun Exposure
  WindExposed,                            !- Wind Exposure
  ,                                       !- View Factor to Ground
  ,                                       !- Number of Vertices
  -8.74083382105263, -2.46524000743312, 4.8768, !- X,Y,Z Vertex 1 {m}
  -8.74083382105263, -2.46524000743312, 7.3152, !- X,Y,Z Vertex 2 {m}
  -8.74083382105263, 3.52026999256688, 7.3152, !- X,Y,Z Vertex 3 {m}
  -8.74083382105263, 3.52026999256688, 4.8768; !- X,Y,Z Vertex 4 {m}

OS:AdditionalProperties,
  {e4ea252b-1444-415d-b224-452aef968010}, !- Handle
  {a2faebd2-51a4-48a9-89b5-c8f6ade9f542}, !- Object Name
  Length,                                 !- Feature Name 1
  Double,                                 !- Feature Data Type 1
  19.637499999999999,                     !- Feature Value 1
  Azimuth,                                !- Feature Name 2
  Integer,                                !- Feature Data Type 2
  270,                                    !- Feature Value 2
  Tilt,                                   !- Feature Name 3
  Double,                                 !- Feature Data Type 3
  90,                                     !- Feature Value 3
  SurfaceType,                            !- Feature Name 4
  String,                                 !- Feature Data Type 4
  Wall;                                   !- Feature Value 4

OS:Construction,
  {42ca448c-3240-4b32-bf12-0e2315045083}, !- Handle
  Wall3 construction,                     !- Name
  ,                                       !- Surface Rendering Name
  {2a956607-fa51-4c6e-924f-de530e44b038}, !- Layer 1
  {9cc7f48d-402a-4c4b-940c-7133a886ca7c}, !- Layer 2
  {5eac04df-563e-454c-9342-95ca1b6830d1}, !- Layer 3
  {c7823df4-8540-4afa-b293-e248f3232a03}; !- Layer 4

OS:Surface,
  {ffdb8e29-e2d6-4712-8ed6-3df6543c7dcc}, !- Handle
  Wall4,                                  !- Name
  Wall,                                   !- Surface Type
  {7ee71b2d-1163-4625-9cc7-a4e7ff8f0720}, !- Construction Name
  {07609d97-2580-4575-9dfc-ffbe3579d777}, !- Space Name
  Outdoors,                               !- Outside Boundary Condition
  ,                                       !- Outside Boundary Condition Object
  SunExposed,                             !- Sun Exposure
  WindExposed,                            !- Wind Exposure
  ,                                       !- View Factor to Ground
  ,                                       !- Number of Vertices
  -7.81180342105263, 8.74083382105263, 4.8768, !- X,Y,Z Vertex 1 {m}
  -7.81180342105263, 8.74083382105263, 7.3152, !- X,Y,Z Vertex 2 {m}
  4.33066657894737, 8.74083382105263, 7.3152, !- X,Y,Z Vertex 3 {m}
  4.33066657894737, 8.74083382105263, 4.8768; !- X,Y,Z Vertex 4 {m}

OS:AdditionalProperties,
  {e3f5e699-4a04-4357-a90a-44c5e78455fd}, !- Handle
  {ffdb8e29-e2d6-4712-8ed6-3df6543c7dcc}, !- Object Name
  Length,                                 !- Feature Name 1
  Double,                                 !- Feature Data Type 1
  39.837500000000006,                     !- Feature Value 1
  Azimuth,                                !- Feature Name 2
  Integer,                                !- Feature Data Type 2
  0,                                      !- Feature Value 2
  Tilt,                                   !- Feature Name 3
  Double,                                 !- Feature Data Type 3
  90,                                     !- Feature Value 3
  SurfaceType,                            !- Feature Name 4
  String,                                 !- Feature Data Type 4
  Wall;                                   !- Feature Value 4

OS:Construction,
  {7ee71b2d-1163-4625-9cc7-a4e7ff8f0720}, !- Handle
  Wall4 construction,                     !- Name
  ,                                       !- Surface Rendering Name
  {2a956607-fa51-4c6e-924f-de530e44b038}, !- Layer 1
  {9cc7f48d-402a-4c4b-940c-7133a886ca7c}, !- Layer 2
  {5eac04df-563e-454c-9342-95ca1b6830d1}, !- Layer 3
  {c7823df4-8540-4afa-b293-e248f3232a03}; !- Layer 4

OS:Surface,
  {a79f31c3-677b-41f1-803b-24567a860b1a}, !- Handle
  Floor1,                                 !- Name
  Floor,                                  !- Surface Type
  {a6663127-1357-492d-b983-f254504ddab1}, !- Construction Name
  {07609d97-2580-4575-9dfc-ffbe3579d777}, !- Space Name
  Adiabatic,                              !- Outside Boundary Condition
  ,                                       !- Outside Boundary Condition Object
  NoSun,                                  !- Sun Exposure
  NoWind,                                 !- Wind Exposure
  ,                                       !- View Factor to Ground
  ,                                       !- Number of Vertices
  -5.14110055143838, -5.14110055143838, 4.8768, !- X,Y,Z Vertex 1 {m}
  -5.14110055143838, 5.14110055143838, 4.8768, !- X,Y,Z Vertex 2 {m}
  5.14110055143838, 5.14110055143838, 4.8768, !- X,Y,Z Vertex 3 {m}
  5.14110055143838, -5.14110055143838, 4.8768; !- X,Y,Z Vertex 4 {m}

OS:AdditionalProperties,
  {c3adf52b-f666-4633-8531-b2abfcf445d3}, !- Handle
  {a79f31c3-677b-41f1-803b-24567a860b1a}, !- Object Name
  SurfaceType,                            !- Feature Name 1
  String,                                 !- Feature Data Type 1
  Floor,                                  !- Feature Value 1
  Tilt,                                   !- Feature Name 2
  Double,                                 !- Feature Data Type 2
  0;                                      !- Feature Value 2

OS:Material,
  {2e95b3da-b46c-4a10-819f-3fe76f4b4fb2}, !- Handle
  floor stud and cavity,                  !- Name
  Rough,                                  !- Roughness
  0.0889,                                 !- Thickness {m}
  2.00347222222222,                       !- Conductivity {W/m-K}
  50.32683,                               !- Density {kg/m3}
  1063.80987585548,                       !- Specific Heat {J/kg-K}
  0.9,                                    !- Thermal Absorptance
  0.7,                                    !- Solar Absorptance
  0.7;                                    !- Visible Absorptance

OS:Material,
  {fc8673ce-d857-4bb5-a9ab-63a116dedb09}, !- Handle
  floor covering,                         !- Name
  Rough,                                  !- Roughness
  0.0127,                                 !- Thickness {m}
  9.015625,                               !- Conductivity {W/m-K}
  54.468,                                 !- Density {kg/m3}
  1339.84,                                !- Specific Heat {J/kg-K}
  0.9,                                    !- Thermal Absorptance
  0.6,                                    !- Solar Absorptance
  0.6;                                    !- Visible Absorptance

OS:Construction,
  {a6663127-1357-492d-b983-f254504ddab1}, !- Handle
  Floor1 construction,                    !- Name
  ,                                       !- Surface Rendering Name
  {2e95b3da-b46c-4a10-819f-3fe76f4b4fb2}, !- Layer 1
  {fc8673ce-d857-4bb5-a9ab-63a116dedb09}; !- Layer 2

OS:Surface,
  {01a1d07c-6161-4364-9c43-354ec8881fab}, !- Handle
  surface Window1,                        !- Name
  Wall,                                   !- Surface Type
  {034cf94b-2f4b-4eae-b597-649c4f38135d}, !- Construction Name
  {07609d97-2580-4575-9dfc-ffbe3579d777}, !- Space Name
  Outdoors,                               !- Outside Boundary Condition
  ,                                       !- Outside Boundary Condition Object
  SunExposed,                             !- Sun Exposure
  WindExposed,                            !- Wind Exposure
  ,                                       !- View Factor to Ground
  ,                                       !- Number of Vertices
  8.74083382105263, -6.51409699280304, 4.87602680811405, !- X,Y,Z Vertex 1 {m}
  8.74083382105263, -6.51409699280304, 5.88341319188595, !- X,Y,Z Vertex 2 {m}
  8.74083382105263, -8.74160701293858, 5.88341319188595, !- X,Y,Z Vertex 3 {m}
  8.74083382105263, -8.74160701293858, 4.87602680811405; !- X,Y,Z Vertex 4 {m}

OS:AdditionalProperties,
  {d10c8767-04fb-434c-b712-93b162a18771}, !- Handle
  {01a1d07c-6161-4364-9c43-354ec8881fab}, !- Object Name
  Length,                                 !- Feature Name 1
  Double,                                 !- Feature Data Type 1
  7.3030303030303036,                     !- Feature Value 1
  Azimuth,                                !- Feature Name 2
  Integer,                                !- Feature Data Type 2
  90,                                     !- Feature Value 2
  Tilt,                                   !- Feature Name 3
  Double,                                 !- Feature Data Type 3
  90,                                     !- Feature Value 3
  SurfaceType,                            !- Feature Name 4
  String,                                 !- Feature Data Type 4
  Window;                                 !- Feature Value 4

OS:SubSurface,
  {b3b80817-91ad-4c0e-b6dd-169f5d60186f}, !- Handle
  Window1,                                !- Name
  FixedWindow,                            !- Sub Surface Type
  {031ce7c4-4ed3-4a8d-bb73-e5c3fb86d6b0}, !- Construction Name
  {01a1d07c-6161-4364-9c43-354ec8881fab}, !- Surface Name
  ,                                       !- Outside Boundary Condition Object
  ,                                       !- View Factor to Ground
  ,                                       !- Frame and Divider Name
  ,                                       !- Multiplier
  ,                                       !- Number of Vertices
  8.74083382105263, -6.51487018468899, 4.8768, !- X,Y,Z Vertex 1 {m}
  8.74083382105263, -6.51487018468899, 5.88264, !- X,Y,Z Vertex 2 {m}
  8.74083382105263, -8.74083382105263, 5.88264, !- X,Y,Z Vertex 3 {m}
  8.74083382105263, -8.74083382105263, 4.8768; !- X,Y,Z Vertex 4 {m}

OS:ShadingSurfaceGroup,
  {89f6d15b-db46-420a-98d7-6cc6a233a8ba}, !- Handle
  Window1 Shading Surfaces,               !- Name
  Space,                                  !- Shading Surface Type
  {07609d97-2580-4575-9dfc-ffbe3579d777}, !- Space Name
  ,                                       !- Direction of Relative North {deg}
  ,                                       !- X Origin {m}
  ,                                       !- Y Origin {m}
  ,                                       !- Z Origin {m}
  {b3b80817-91ad-4c0e-b6dd-169f5d60186f}; !- Shaded Object Name

OS:ShadingSurface,
  {66f0357c-e058-4cc1-938a-e1fce654f698}, !- Handle
  Window1 overhangs,                      !- Name
  ,                                       !- Construction Name
  {89f6d15b-db46-420a-98d7-6cc6a233a8ba}, !- Shading Surface Group Name
  ,                                       !- Transmittance Schedule Name
  ,                                       !- Number of Vertices
  8.74083382105263, -6.21007018468899, 6.18744, !- X,Y,Z Vertex 1 {m}
  8.74083382105263, -9.04563382105263, 6.18744, !- X,Y,Z Vertex 2 {m}
  9.35043382105263, -9.04563382105263, 6.18744, !- X,Y,Z Vertex 3 {m}
  9.35043382105263, -6.21007018468899, 6.18744; !- X,Y,Z Vertex 4 {m}

OS:WindowMaterial:SimpleGlazingSystem,
  {7e5e2b01-d7cd-4956-bc02-4cc807ef497e}, !- Handle
  WindowMaterial,                         !- Name
  4.76952,                                !- U-Factor {W/m2-K}
  0.63;                                   !- Solar Heat Gain Coefficient

OS:Construction,
  {031ce7c4-4ed3-4a8d-bb73-e5c3fb86d6b0}, !- Handle
  WindowConstruction,                     !- Name
  ,                                       !- Surface Rendering Name
  {7e5e2b01-d7cd-4956-bc02-4cc807ef497e}; !- Layer 1

OS:Schedule:Ruleset,
  {815c93a1-d129-4a58-84c7-bded7fc33b42}, !- Handle
  trans schedule winter=0.85 summer=0.7,  !- Name
  {383444ce-e592-4689-81de-b50cc6c74ca3}, !- Schedule Type Limits Name
  {881c469d-abf1-4071-9f7f-5de0e2a96fb4}; !- Default Day Schedule Name

OS:Schedule:Day,
  {881c469d-abf1-4071-9f7f-5de0e2a96fb4}, !- Handle
  trans schedule winter=0.85 summer=0.7 default day, !- Name
  {383444ce-e592-4689-81de-b50cc6c74ca3}, !- Schedule Type Limits Name
  ,                                       !- Interpolate to Timestep
  24,                                     !- Hour 1
  0,                                      !- Minute 1
  0;                                      !- Value Until Time 1

OS:ScheduleTypeLimits,
  {383444ce-e592-4689-81de-b50cc6c74ca3}, !- Handle
  Fractional,                             !- Name
  0,                                      !- Lower Limit Value
  1,                                      !- Upper Limit Value
  Continuous;                             !- Numeric Type

OS:Schedule:Rule,
  {cef37f16-1c4d-4c2b-8da3-c5003c7ab44c}, !- Handle
  trans schedule winter=0.85 summer=0.7 allday rule, !- Name
  {815c93a1-d129-4a58-84c7-bded7fc33b42}, !- Schedule Ruleset Name
  2,                                      !- Rule Order
  {0ad6116f-47d3-441b-8224-526876c037d1}, !- Day Schedule Name
  Yes,                                    !- Apply Sunday
  Yes,                                    !- Apply Monday
  Yes,                                    !- Apply Tuesday
  Yes,                                    !- Apply Wednesday
  Yes,                                    !- Apply Thursday
  Yes,                                    !- Apply Friday
  Yes,                                    !- Apply Saturday
  DateRange,                              !- Date Specification Type
  1,                                      !- Start Month
  1,                                      !- Start Day
  4,                                      !- End Month
  30;                                     !- End Day

OS:Schedule:Day,
  {0ad6116f-47d3-441b-8224-526876c037d1}, !- Handle
  trans schedule winter=0.85 summer=0.7 day, !- Name
  {383444ce-e592-4689-81de-b50cc6c74ca3}, !- Schedule Type Limits Name
  ,                                       !- Interpolate to Timestep
  24,                                     !- Hour 1
  0,                                      !- Minute 1
  0.85;                                   !- Value Until Time 1

OS:Schedule:Rule,
  {72d6c311-3db4-4ce6-b4cc-1a98df0fbe9f}, !- Handle
  trans schedule winter=0.85 summer=0.7 allday rule 1, !- Name
  {815c93a1-d129-4a58-84c7-bded7fc33b42}, !- Schedule Ruleset Name
  1,                                      !- Rule Order
  {30e250bd-9b93-49ff-bb1f-e7b593b09810}, !- Day Schedule Name
  Yes,                                    !- Apply Sunday
  Yes,                                    !- Apply Monday
  Yes,                                    !- Apply Tuesday
  Yes,                                    !- Apply Wednesday
  Yes,                                    !- Apply Thursday
  Yes,                                    !- Apply Friday
  Yes,                                    !- Apply Saturday
  DateRange,                              !- Date Specification Type
  5,                                      !- Start Month
  1,                                      !- Start Day
  10,                                     !- End Month
  31;                                     !- End Day

OS:Schedule:Day,
  {30e250bd-9b93-49ff-bb1f-e7b593b09810}, !- Handle
  trans schedule winter=0.85 summer=0.7 day 1, !- Name
  {383444ce-e592-4689-81de-b50cc6c74ca3}, !- Schedule Type Limits Name
  ,                                       !- Interpolate to Timestep
  24,                                     !- Hour 1
  0,                                      !- Minute 1
  0.7;                                    !- Value Until Time 1

OS:Schedule:Rule,
  {c8f477bc-10e4-40fe-a429-997ae7d3836d}, !- Handle
  trans schedule winter=0.85 summer=0.7 allday rule 2, !- Name
  {815c93a1-d129-4a58-84c7-bded7fc33b42}, !- Schedule Ruleset Name
  0,                                      !- Rule Order
  {8974b40e-6cc3-4a2e-befd-3312e6af3bf6}, !- Day Schedule Name
  Yes,                                    !- Apply Sunday
  Yes,                                    !- Apply Monday
  Yes,                                    !- Apply Tuesday
  Yes,                                    !- Apply Wednesday
  Yes,                                    !- Apply Thursday
  Yes,                                    !- Apply Friday
  Yes,                                    !- Apply Saturday
  DateRange,                              !- Date Specification Type
  11,                                     !- Start Month
  1,                                      !- Start Day
  12,                                     !- End Month
  31;                                     !- End Day

OS:Schedule:Day,
  {8974b40e-6cc3-4a2e-befd-3312e6af3bf6}, !- Handle
  trans schedule winter=0.85 summer=0.7 day 2, !- Name
  {383444ce-e592-4689-81de-b50cc6c74ca3}, !- Schedule Type Limits Name
  ,                                       !- Interpolate to Timestep
  24,                                     !- Hour 1
  0,                                      !- Minute 1
  0.85;                                   !- Value Until Time 1

OS:SurfaceProperty:IncidentSolarMultiplier,
  {51fbdf6a-e582-4bcf-9537-428e54788082}, !- Handle
  {b3b80817-91ad-4c0e-b6dd-169f5d60186f}, !- Surface Name
  1,                                      !- Incident Solar Multiplier {dimensionless}
  {815c93a1-d129-4a58-84c7-bded7fc33b42}; !- Incident Solar Multiplier Schedule Name

OS:Surface,
  {ac4c2a18-7873-493b-b165-2e80cfd6bfd8}, !- Handle
  surface Window2,                        !- Name
  Wall,                                   !- Surface Type
  {034cf94b-2f4b-4eae-b597-649c4f38135d}, !- Construction Name
  {07609d97-2580-4575-9dfc-ffbe3579d777}, !- Space Name
  Outdoors,                               !- Outside Boundary Condition
  ,                                       !- Outside Boundary Condition Object
  SunExposed,                             !- Sun Exposure
  WindExposed,                            !- Wind Exposure
  ,                                       !- View Factor to Ground
  ,                                       !- Number of Vertices
  -5.25915823859436, -8.74083382105263, 4.87626125964699, !- X,Y,Z Vertex 1 {m}
  -5.25915823859436, -8.74083382105263, 6.03557874035301, !- X,Y,Z Vertex 2 {m}
  -8.74137256140564, -8.74083382105263, 6.03557874035301, !- X,Y,Z Vertex 3 {m}
  -8.74137256140564, -8.74083382105263, 4.87626125964699; !- X,Y,Z Vertex 4 {m}

OS:AdditionalProperties,
  {d1833f5e-0d0b-4211-b97e-8d2f7fabb34d}, !- Handle
  {ac4c2a18-7873-493b-b165-2e80cfd6bfd8}, !- Object Name
  Length,                                 !- Feature Name 1
  Double,                                 !- Feature Data Type 1
  11.421052631578947,                     !- Feature Value 1
  Azimuth,                                !- Feature Name 2
  Integer,                                !- Feature Data Type 2
  180,                                    !- Feature Value 2
  Tilt,                                   !- Feature Name 3
  Double,                                 !- Feature Data Type 3
  90,                                     !- Feature Value 3
  SurfaceType,                            !- Feature Name 4
  String,                                 !- Feature Data Type 4
  Window;                                 !- Feature Value 4

OS:SubSurface,
  {09a1dc05-0024-4d3d-a6db-995aba845951}, !- Handle
  Window2,                                !- Name
  FixedWindow,                            !- Sub Surface Type
  {b8c928ab-188c-47e5-83db-9a6156c484ad}, !- Construction Name
  {ac4c2a18-7873-493b-b165-2e80cfd6bfd8}, !- Surface Name
  ,                                       !- Outside Boundary Condition Object
  ,                                       !- View Factor to Ground
  ,                                       !- Frame and Divider Name
  ,                                       !- Multiplier
  ,                                       !- Number of Vertices
  -5.25969697894737, -8.74083382105263, 4.8768, !- X,Y,Z Vertex 1 {m}
  -5.25969697894737, -8.74083382105263, 6.03504, !- X,Y,Z Vertex 2 {m}
  -8.74083382105263, -8.74083382105263, 6.03504, !- X,Y,Z Vertex 3 {m}
  -8.74083382105263, -8.74083382105263, 4.8768; !- X,Y,Z Vertex 4 {m}

OS:ShadingSurfaceGroup,
  {7ab1898d-f7ba-402e-abeb-8fb7e26045e0}, !- Handle
  Window2 Shading Surfaces,               !- Name
  Space,                                  !- Shading Surface Type
  {07609d97-2580-4575-9dfc-ffbe3579d777}, !- Space Name
  ,                                       !- Direction of Relative North {deg}
  ,                                       !- X Origin {m}
  ,                                       !- Y Origin {m}
  ,                                       !- Z Origin {m}
  {09a1dc05-0024-4d3d-a6db-995aba845951}; !- Shaded Object Name

OS:ShadingSurface,
  {cfca9260-d707-4468-b478-84e0c6c30d65}, !- Handle
  Window2 overhangs,                      !- Name
  ,                                       !- Construction Name
  {7ab1898d-f7ba-402e-abeb-8fb7e26045e0}, !- Shading Surface Group Name
  ,                                       !- Transmittance Schedule Name
  ,                                       !- Number of Vertices
  -4.95489697894737, -8.74083382105263, 6.33984, !- X,Y,Z Vertex 1 {m}
  -9.04563382105263, -8.74083382105263, 6.33984, !- X,Y,Z Vertex 2 {m}
  -9.04563382105263, -9.35043382105263, 6.33984, !- X,Y,Z Vertex 3 {m}
  -4.95489697894737, -9.35043382105263, 6.33984; !- X,Y,Z Vertex 4 {m}

OS:Construction,
  {b8c928ab-188c-47e5-83db-9a6156c484ad}, !- Handle
  WindowConstruction 1,                   !- Name
  ,                                       !- Surface Rendering Name
  {7e5e2b01-d7cd-4956-bc02-4cc807ef497e}; !- Layer 1

OS:SurfaceProperty:IncidentSolarMultiplier,
  {09d4bde8-8512-46c0-8ff6-b07d7cd82f80}, !- Handle
  {09a1dc05-0024-4d3d-a6db-995aba845951}, !- Surface Name
  1,                                      !- Incident Solar Multiplier {dimensionless}
  {815c93a1-d129-4a58-84c7-bded7fc33b42}; !- Incident Solar Multiplier Schedule Name

OS:Surface,
  {5915bbaf-a2c4-4db9-921a-74bfd950fe65}, !- Handle
  surface Window3,                        !- Name
  Wall,                                   !- Surface Type
  {034cf94b-2f4b-4eae-b597-649c4f38135d}, !- Construction Name
  {07609d97-2580-4575-9dfc-ffbe3579d777}, !- Space Name
  Outdoors,                               !- Outside Boundary Condition
  ,                                       !- Outside Boundary Condition Object
  SunExposed,                             !- Sun Exposure
  WindExposed,                            !- Wind Exposure
  ,                                       !- View Factor to Ground
  ,                                       !- Number of Vertices
  -8.74083382105263, 4.44855732820967, 4.87605693564279, !- X,Y,Z Vertex 1 {m}
  -8.74083382105263, 4.44855732820967, 5.79194306435721, !- X,Y,Z Vertex 2 {m}
  -8.74083382105263, 6.89860345692409, 5.79194306435721, !- X,Y,Z Vertex 3 {m}
  -8.74083382105263, 6.89860345692409, 4.87605693564279; !- X,Y,Z Vertex 4 {m}

OS:AdditionalProperties,
  {a8fc338c-9642-4b61-9228-bb54f89fb670}, !- Handle
  {5915bbaf-a2c4-4db9-921a-74bfd950fe65}, !- Object Name
  Length,                                 !- Feature Name 1
  Double,                                 !- Feature Data Type 1
  8.0333333333333332,                     !- Feature Value 1
  Azimuth,                                !- Feature Name 2
  Integer,                                !- Feature Data Type 2
  270,                                    !- Feature Value 2
  Tilt,                                   !- Feature Name 3
  Double,                                 !- Feature Data Type 3
  90,                                     !- Feature Value 3
  SurfaceType,                            !- Feature Name 4
  String,                                 !- Feature Data Type 4
  Window;                                 !- Feature Value 4

OS:SubSurface,
  {b26687cf-cae9-4e99-b16b-371e30269c7c}, !- Handle
  Window3,                                !- Name
  FixedWindow,                            !- Sub Surface Type
  {ff214ad8-0479-440b-bfb3-94e121194eda}, !- Construction Name
  {5915bbaf-a2c4-4db9-921a-74bfd950fe65}, !- Surface Name
  ,                                       !- Outside Boundary Condition Object
  ,                                       !- View Factor to Ground
  ,                                       !- Frame and Divider Name
  ,                                       !- Multiplier
  ,                                       !- Number of Vertices
  -8.74083382105263, 4.44930039256688, 4.8768, !- X,Y,Z Vertex 1 {m}
  -8.74083382105263, 4.44930039256688, 5.7912, !- X,Y,Z Vertex 2 {m}
  -8.74083382105263, 6.89786039256688, 5.7912, !- X,Y,Z Vertex 3 {m}
  -8.74083382105263, 6.89786039256688, 4.8768; !- X,Y,Z Vertex 4 {m}

OS:ShadingSurfaceGroup,
  {2d7a80de-0e70-4d51-8426-ac85268d92e5}, !- Handle
  Window3 Shading Surfaces,               !- Name
  Space,                                  !- Shading Surface Type
  {07609d97-2580-4575-9dfc-ffbe3579d777}, !- Space Name
  ,                                       !- Direction of Relative North {deg}
  ,                                       !- X Origin {m}
  ,                                       !- Y Origin {m}
  ,                                       !- Z Origin {m}
  {b26687cf-cae9-4e99-b16b-371e30269c7c}; !- Shaded Object Name

OS:ShadingSurface,
  {a18ce04a-efef-4700-8fde-ad01ed50f92f}, !- Handle
  Window3 overhangs,                      !- Name
  ,                                       !- Construction Name
  {2d7a80de-0e70-4d51-8426-ac85268d92e5}, !- Shading Surface Group Name
  ,                                       !- Transmittance Schedule Name
  ,                                       !- Number of Vertices
  -8.74083382105263, 4.14450039256688, 6.096, !- X,Y,Z Vertex 1 {m}
  -8.74083382105263, 7.20266039256688, 6.096, !- X,Y,Z Vertex 2 {m}
  -11.7888338210526, 7.20266039256688, 6.096, !- X,Y,Z Vertex 3 {m}
  -11.7888338210526, 4.14450039256688, 6.096; !- X,Y,Z Vertex 4 {m}

OS:Construction,
  {ff214ad8-0479-440b-bfb3-94e121194eda}, !- Handle
  WindowConstruction 2,                   !- Name
  ,                                       !- Surface Rendering Name
  {7e5e2b01-d7cd-4956-bc02-4cc807ef497e}; !- Layer 1

OS:SurfaceProperty:IncidentSolarMultiplier,
  {7587b236-795a-4365-a417-b084e3a09ab0}, !- Handle
  {b26687cf-cae9-4e99-b16b-371e30269c7c}, !- Surface Name
  1,                                      !- Incident Solar Multiplier {dimensionless}
  {815c93a1-d129-4a58-84c7-bded7fc33b42}; !- Incident Solar Multiplier Schedule Name

OS:Surface,
  {ddc0abc9-3169-41d9-a990-484905c206ad}, !- Handle
  surface Window4,                        !- Name
  Wall,                                   !- Surface Type
  {034cf94b-2f4b-4eae-b597-649c4f38135d}, !- Construction Name
  {07609d97-2580-4575-9dfc-ffbe3579d777}, !- Space Name
  Outdoors,                               !- Outside Boundary Condition
  ,                                       !- Outside Boundary Condition Object
  SunExposed,                             !- Sun Exposure
  WindExposed,                            !- Wind Exposure
  ,                                       !- View Factor to Ground
  ,                                       !- Number of Vertices
  5.25915823859436, 8.74083382105263, 4.87626125964699, !- X,Y,Z Vertex 1 {m}
  5.25915823859436, 8.74083382105263, 6.03557874035301, !- X,Y,Z Vertex 2 {m}
  8.74137256140564, 8.74083382105263, 6.03557874035301, !- X,Y,Z Vertex 3 {m}
  8.74137256140564, 8.74083382105263, 4.87626125964699; !- X,Y,Z Vertex 4 {m}

OS:AdditionalProperties,
  {aff01df3-1c9d-435e-9d5a-f0a6e124b59b}, !- Handle
  {ddc0abc9-3169-41d9-a990-484905c206ad}, !- Object Name
  Length,                                 !- Feature Name 1
  Double,                                 !- Feature Data Type 1
  11.421052631578947,                     !- Feature Value 1
  Azimuth,                                !- Feature Name 2
  Integer,                                !- Feature Data Type 2
  0,                                      !- Feature Value 2
  Tilt,                                   !- Feature Name 3
  Double,                                 !- Feature Data Type 3
  90,                                     !- Feature Value 3
  SurfaceType,                            !- Feature Name 4
  String,                                 !- Feature Data Type 4
  Window;                                 !- Feature Value 4

OS:SubSurface,
  {674fdcc9-82ac-4829-83e0-05d72ee18b24}, !- Handle
  Window4,                                !- Name
  FixedWindow,                            !- Sub Surface Type
  {c3c4cc33-1537-41a7-b734-4706e977556d}, !- Construction Name
  {ddc0abc9-3169-41d9-a990-484905c206ad}, !- Surface Name
  ,                                       !- Outside Boundary Condition Object
  ,                                       !- View Factor to Ground
  ,                                       !- Frame and Divider Name
  ,                                       !- Multiplier
  ,                                       !- Number of Vertices
  5.25969697894737, 8.74083382105263, 4.8768, !- X,Y,Z Vertex 1 {m}
  5.25969697894737, 8.74083382105263, 6.03504, !- X,Y,Z Vertex 2 {m}
  8.74083382105263, 8.74083382105263, 6.03504, !- X,Y,Z Vertex 3 {m}
  8.74083382105263, 8.74083382105263, 4.8768; !- X,Y,Z Vertex 4 {m}

OS:ShadingSurfaceGroup,
  {04c87e3c-af60-41b0-b838-abac64773af1}, !- Handle
  Window4 Shading Surfaces,               !- Name
  Space,                                  !- Shading Surface Type
  {07609d97-2580-4575-9dfc-ffbe3579d777}, !- Space Name
  ,                                       !- Direction of Relative North {deg}
  ,                                       !- X Origin {m}
  ,                                       !- Y Origin {m}
  ,                                       !- Z Origin {m}
  {674fdcc9-82ac-4829-83e0-05d72ee18b24}; !- Shaded Object Name

OS:ShadingSurface,
  {b3e2f7c2-de17-40e3-9651-ac9ceaad4f0a}, !- Handle
  Window4 overhangs,                      !- Name
  ,                                       !- Construction Name
  {04c87e3c-af60-41b0-b838-abac64773af1}, !- Shading Surface Group Name
  ,                                       !- Transmittance Schedule Name
  ,                                       !- Number of Vertices
  4.95489697894737, 8.74083382105263, 6.33984, !- X,Y,Z Vertex 1 {m}
  9.04563382105263, 8.74083382105263, 6.33984, !- X,Y,Z Vertex 2 {m}
  9.04563382105263, 9.35043382105263, 6.33984, !- X,Y,Z Vertex 3 {m}
  4.95489697894737, 9.35043382105263, 6.33984; !- X,Y,Z Vertex 4 {m}

OS:Construction,
  {c3c4cc33-1537-41a7-b734-4706e977556d}, !- Handle
  WindowConstruction 3,                   !- Name
  ,                                       !- Surface Rendering Name
  {7e5e2b01-d7cd-4956-bc02-4cc807ef497e}; !- Layer 1

OS:SurfaceProperty:IncidentSolarMultiplier,
  {3c608949-eb27-47f9-973a-c1c281190bfa}, !- Handle
  {674fdcc9-82ac-4829-83e0-05d72ee18b24}, !- Surface Name
  1,                                      !- Incident Solar Multiplier {dimensionless}
  {815c93a1-d129-4a58-84c7-bded7fc33b42}; !- Incident Solar Multiplier Schedule Name

OS:Material,
  {accaba14-ff32-414e-a84b-8c238b7b6427}, !- Handle
  wood siding 1,                          !- Name
  Rough,                                  !- Roughness
  0.0254,                                 !- Thickness {m}
  0.1024175,                              !- Conductivity {W/m-K}
  544.68,                                 !- Density {kg/m3}
  1172.36;                                !- Specific Heat {J/kg-K}

OS:Material,
  {4caa0660-2cf4-424f-b453-e99ba62a7939}, !- Handle
  wall rigid ins,                         !- Name
  Rough,                                  !- Roughness
  0.5129784,                              !- Thickness {m}
  0.029427,                               !- Conductivity {W/m-K}
  32.04,                                  !- Density {kg/m3}
  1214.23,                                !- Specific Heat {J/kg-K}
  0.9,                                    !- Thermal Absorptance
  0.7,                                    !- Solar Absorptance
  0.7;                                    !- Visible Absorptance

OS:Material,
  {b1f6b373-efa5-4c5b-8d0a-8bd2790e9ea4}, !- Handle
  wall stud and cavity 1,                 !- Name
  Rough,                                  !- Roughness
  0.0889,                                 !- Thickness {m}
  0.380278417457636,                      !- Conductivity {W/m-K}
  52.34794524,                            !- Density {kg/m3}
  1209.88641434781,                       !- Specific Heat {J/kg-K}
  0.9,                                    !- Thermal Absorptance
  0.7,                                    !- Solar Absorptance
  0.7;                                    !- Visible Absorptance

OS:Construction,
  {034cf94b-2f4b-4eae-b597-649c4f38135d}, !- Handle
  AdiabaticWallConstruction,              !- Name
  ,                                       !- Surface Rendering Name
  {accaba14-ff32-414e-a84b-8c238b7b6427}, !- Layer 1
  {4caa0660-2cf4-424f-b453-e99ba62a7939}, !- Layer 2
  {b1f6b373-efa5-4c5b-8d0a-8bd2790e9ea4}, !- Layer 3
  {c7823df4-8540-4afa-b293-e248f3232a03}; !- Layer 4

OS:Surface,
  {e71a0277-a92e-42fc-b803-01c0588617ee}, !- Handle
  surface Door1,                          !- Name
  Wall,                                   !- Surface Type
  {66ede5a4-6f98-40f1-97c6-46d02f182fb9}, !- Construction Name
  {07609d97-2580-4575-9dfc-ffbe3579d777}, !- Space Name
  Outdoors,                               !- Outside Boundary Condition
  ,                                       !- Outside Boundary Condition Object
  SunExposed,                             !- Sun Exposure
  WindExposed,                            !- Wind Exposure
  ,                                       !- View Factor to Ground
  ,                                       !- Number of Vertices
  -8.74083382105263, 7.82604294829892, 4.87595215573205, !- X,Y,Z Vertex 1 {m}
  -8.74083382105263, 7.82604294829892, 6.91066384426795, !- X,Y,Z Vertex 2 {m}
  -8.74083382105263, 8.74168166532059, 6.91066384426795, !- X,Y,Z Vertex 3 {m}
  -8.74083382105263, 8.74168166532059, 4.87595215573205; !- X,Y,Z Vertex 4 {m}

OS:AdditionalProperties,
  {92354de1-94bb-404e-bb0d-b7f1539f20f3}, !- Handle
  {e71a0277-a92e-42fc-b803-01c0588617ee}, !- Object Name
  Length,                                 !- Feature Name 1
  Double,                                 !- Feature Data Type 1
  2.9985007496251876,                     !- Feature Value 1
  Azimuth,                                !- Feature Name 2
  Integer,                                !- Feature Data Type 2
  270,                                    !- Feature Value 2
  Tilt,                                   !- Feature Name 3
  Double,                                 !- Feature Data Type 3
  90,                                     !- Feature Value 3
  SurfaceType,                            !- Feature Name 4
  String,                                 !- Feature Data Type 4
  Door;                                   !- Feature Value 4

OS:SubSurface,
  {9b9eaf3c-a383-4417-b92d-7b089a515347}, !- Handle
  Door1,                                  !- Name
  Door,                                   !- Sub Surface Type
  {37155ccd-89c2-4937-8927-c62123fb16d9}, !- Construction Name
  {e71a0277-a92e-42fc-b803-01c0588617ee}, !- Surface Name
  ,                                       !- Outside Boundary Condition Object
  ,                                       !- View Factor to Ground
  ,                                       !- Frame and Divider Name
  ,                                       !- Multiplier
  ,                                       !- Number of Vertices
  -8.74083382105263, 7.82689079256687, 4.8768, !- X,Y,Z Vertex 1 {m}
  -8.74083382105263, 7.82689079256687, 6.909816, !- X,Y,Z Vertex 2 {m}
  -8.74083382105263, 8.74083382105263, 6.909816, !- X,Y,Z Vertex 3 {m}
  -8.74083382105263, 8.74083382105263, 4.8768; !- X,Y,Z Vertex 4 {m}

OS:Material,
  {af98e081-cb66-42bd-92ab-07821c362a10}, !- Handle
  door material,                          !- Name
  Rough,                                  !- Roughness
  0.04445,                                !- Thickness {m}
  0.0612266553480475,                     !- Conductivity {W/m-K}
  512.64,                                 !- Density {kg/m3}
  1214.23,                                !- Specific Heat {J/kg-K}
  0.9,                                    !- Thermal Absorptance
  0.7,                                    !- Solar Absorptance
  0.7;                                    !- Visible Absorptance

OS:Construction,
  {37155ccd-89c2-4937-8927-c62123fb16d9}, !- Handle
  Door,                                   !- Name
  ,                                       !- Surface Rendering Name
  {af98e081-cb66-42bd-92ab-07821c362a10}; !- Layer 1

OS:Material,
  {5fa696a6-40eb-41a1-be31-14181b6d3150}, !- Handle
  wood siding 2,                          !- Name
  Rough,                                  !- Roughness
  0.0254,                                 !- Thickness {m}
  0.1024175,                              !- Conductivity {W/m-K}
  544.68,                                 !- Density {kg/m3}
  1172.36;                                !- Specific Heat {J/kg-K}

OS:Construction,
  {66ede5a4-6f98-40f1-97c6-46d02f182fb9}, !- Handle
  AdiabaticWallConstruction 1,            !- Name
  ,                                       !- Surface Rendering Name
  {5fa696a6-40eb-41a1-be31-14181b6d3150}, !- Layer 1
  {4caa0660-2cf4-424f-b453-e99ba62a7939}, !- Layer 2
  {b1f6b373-efa5-4c5b-8d0a-8bd2790e9ea4}, !- Layer 3
  {c7823df4-8540-4afa-b293-e248f3232a03}; !- Layer 4

OS:InternalMass:Definition,
  {55fcf7bf-e14e-4248-824d-3f8cdf0a8262}, !- Handle
  partition wall mass,                    !- Name
  {77881b16-ee4f-460a-983c-6db656c4383f}, !- Construction Name
  SurfaceArea,                            !- Design Level Calculation Method
  105.72366,                              !- Surface Area {m2}
  ,                                       !- Surface Area per Space Floor Area {dimensionless}
  ;                                       !- Surface Area per Person {m2/person}

OS:InternalMass,
  {bbe4c0a4-9ac0-400e-b5e6-d20584491cc4}, !- Handle
  partition wall mass,                    !- Name
  {55fcf7bf-e14e-4248-824d-3f8cdf0a8262}, !- Internal Mass Definition Name
  {07609d97-2580-4575-9dfc-ffbe3579d777}, !- Space or SpaceType Name
  1;                                      !- Multiplier

OS:Material,
  {95bf1e23-1a6b-4272-a11a-1e39d45ecae5}, !- Handle
  wall stud and cavity 2,                 !- Name
  Rough,                                  !- Roughness
  0.0889,                                 !- Thickness {m}
  0.391763531157105,                      !- Conductivity {W/m-K}
  83.034082224,                           !- Density {kg/m3}
  1211.67419087611,                       !- Specific Heat {J/kg-K}
  0.9,                                    !- Thermal Absorptance
  0.7,                                    !- Solar Absorptance
  0.7;                                    !- Visible Absorptance

OS:Construction,
  {77881b16-ee4f-460a-983c-6db656c4383f}, !- Handle
  PartitionWallConstruction,              !- Name
  ,                                       !- Surface Rendering Name
  {c7823df4-8540-4afa-b293-e248f3232a03}, !- Layer 1
  {95bf1e23-1a6b-4272-a11a-1e39d45ecae5}, !- Layer 2
  {c7823df4-8540-4afa-b293-e248f3232a03}; !- Layer 3

OS:InternalMass:Definition,
  {b5b26a7f-3fa5-4f1d-9073-ef97657377f2}, !- Handle
  furniture mass conditioned space 1,     !- Name
  {e7a81c53-f9c5-46ce-88e9-96a7b6f1cbe3}, !- Construction Name
  SurfaceArea,                            !- Design Level Calculation Method
  42.28946,                               !- Surface Area {m2}
  ,                                       !- Surface Area per Space Floor Area {dimensionless}
  ;                                       !- Surface Area per Person {m2/person}

OS:InternalMass,
  {9d6c6c1c-8612-4e7d-a155-db24b68e47bf}, !- Handle
  furniture mass conditioned space 1,     !- Name
  {b5b26a7f-3fa5-4f1d-9073-ef97657377f2}, !- Internal Mass Definition Name
  {07609d97-2580-4575-9dfc-ffbe3579d777}, !- Space or SpaceType Name
  1;                                      !- Multiplier

OS:Material,
  {f31121be-ba2a-4262-999e-af9e08597809}, !- Handle
  furniture material conditioned space 1, !- Name
  Rough,                                  !- Roughness
  0.1524,                                 !- Thickness {m}
  0.1154577,                              !- Conductivity {W/m-K}
  640.8,                                  !- Density {kg/m3}
  1214.23,                                !- Specific Heat {J/kg-K}
  0.9,                                    !- Thermal Absorptance
  0.6,                                    !- Solar Absorptance
  0.6;                                    !- Visible Absorptance

OS:Construction,
  {e7a81c53-f9c5-46ce-88e9-96a7b6f1cbe3}, !- Handle
  furniture construction conditioned space 1, !- Name
  ,                                       !- Surface Rendering Name
  {f31121be-ba2a-4262-999e-af9e08597809}; !- Layer 1

OS:ShadingSurface,
  {ea2a0111-7999-4d75-a07a-51ce218d5d67}, !- Handle
  Neighbor azimuth 0 distance 27.0,       !- Name
  ,                                       !- Construction Name
  {927bbb6b-7f7c-4f68-9aeb-f8f6cc71f640}, !- Shading Surface Group Name
  ,                                       !- Transmittance Schedule Name
  ,                                       !- Number of Vertices
  -8.74083382105263, 16.9704338210526, 0, !- X,Y,Z Vertex 1 {m}
  -8.74083382105263, 16.9704338210526, 7.3152, !- X,Y,Z Vertex 2 {m}
  8.74083382105263, 16.9704338210526, 7.3152, !- X,Y,Z Vertex 3 {m}
  8.74083382105263, 16.9704338210526, 0;  !- X,Y,Z Vertex 4 {m}

OS:AdditionalProperties,
  {c60af8da-3a15-4f6d-964e-b11cb69e01a0}, !- Handle
  {ea2a0111-7999-4d75-a07a-51ce218d5d67}, !- Object Name
  Azimuth,                                !- Feature Name 1
  Integer,                                !- Feature Data Type 1
  0,                                      !- Feature Value 1
  Distance,                               !- Feature Name 2
  Double,                                 !- Feature Data Type 2
  27;                                     !- Feature Value 2

OS:ShadingSurface,
  {0fe6db38-9d88-45c9-9d73-93f7254c1398}, !- Handle
  Neighbor azimuth 180 distance 27.0,     !- Name
  ,                                       !- Construction Name
  {927bbb6b-7f7c-4f68-9aeb-f8f6cc71f640}, !- Shading Surface Group Name
  ,                                       !- Transmittance Schedule Name
  ,                                       !- Number of Vertices
  8.74083382105263, -16.9704338210526, 0, !- X,Y,Z Vertex 1 {m}
  8.74083382105263, -16.9704338210526, 7.3152, !- X,Y,Z Vertex 2 {m}
  -8.74083382105263, -16.9704338210526, 7.3152, !- X,Y,Z Vertex 3 {m}
  -8.74083382105263, -16.9704338210526, 0; !- X,Y,Z Vertex 4 {m}

OS:AdditionalProperties,
  {24fb6830-95bb-4781-8459-81d1fb5d9b40}, !- Handle
  {0fe6db38-9d88-45c9-9d73-93f7254c1398}, !- Object Name
  Azimuth,                                !- Feature Name 1
  Integer,                                !- Feature Data Type 1
  180,                                    !- Feature Value 1
  Distance,                               !- Feature Name 2
  Double,                                 !- Feature Data Type 2
  27;                                     !- Feature Value 2

OS:ShadingSurfaceGroup,
  {927bbb6b-7f7c-4f68-9aeb-f8f6cc71f640}, !- Handle
  neighbors,                              !- Name
  Building;                               !- Shading Surface Type

OS:ZoneHVAC:IdealLoadsAirSystem,
  {28022c5d-6379-45a5-b753-42de8898e2bc}, !- Handle
  ideal air system,                       !- Name
  ,                                       !- Availability Schedule Name
  {34fa7c54-2abb-4ccb-92d1-72ebeb9880c1}, !- Zone Supply Air Node Name
  {dcd3e49c-9f75-47ed-bf2a-1c7f2530defb}, !- Zone Exhaust Air Node Name
  50,                                     !- Maximum Heating Supply Air Temperature {C}
  10,                                     !- Minimum Cooling Supply Air Temperature {C}
  0.015,                                  !- Maximum Heating Supply Air Humidity Ratio {kg-H2O/kg-air}
  0.01,                                   !- Minimum Cooling Supply Air Humidity Ratio {kg-H2O/kg-air}
  LimitCapacity,                          !- Heating Limit
  ,                                       !- Maximum Heating Air Flow Rate {m3/s}
  0,                                      !- Maximum Sensible Heating Capacity {W}
  NoLimit,                                !- Cooling Limit
  ,                                       !- Maximum Cooling Air Flow Rate {m3/s}
  ,                                       !- Maximum Total Cooling Capacity {W}
  ,                                       !- Heating Availability Schedule Name
  ,                                       !- Cooling Availability Schedule Name
  None,                                   !- Dehumidification Control Type
  ,                                       !- Cooling Sensible Heat Ratio {dimensionless}
  None,                                   !- Humidification Control Type
  ,                                       !- Design Specification Outdoor Air Object Name
  ,                                       !- Demand Controlled Ventilation Type
  ,                                       !- Outdoor Air Economizer Type
  ,                                       !- Heat Recovery Type
  ,                                       !- Sensible Heat Recovery Effectiveness {dimensionless}
  ;                                       !- Latent Heat Recovery Effectiveness {dimensionless}

OS:Node,
  {68d111d4-0824-4abe-85f1-33e21d908cc3}, !- Handle
  Node 2,                                 !- Name
  {89ebfb6d-53b5-4838-b22c-ea24ef192fb8}, !- Inlet Port
  {34fa7c54-2abb-4ccb-92d1-72ebeb9880c1}; !- Outlet Port

OS:Connection,
  {89ebfb6d-53b5-4838-b22c-ea24ef192fb8}, !- Handle
  {a5a3eb21-1808-47b9-8606-d6ef627cbe06}, !- Source Object
  2,                                      !- Outlet Port
  {68d111d4-0824-4abe-85f1-33e21d908cc3}, !- Target Object
  2;                                      !- Inlet Port

OS:Connection,
  {34fa7c54-2abb-4ccb-92d1-72ebeb9880c1}, !- Handle
  {68d111d4-0824-4abe-85f1-33e21d908cc3}, !- Source Object
  3,                                      !- Outlet Port
  {28022c5d-6379-45a5-b753-42de8898e2bc}, !- Target Object
  3;                                      !- Inlet Port

OS:Node,
  {e1fb6b91-c2b8-46d9-adac-955be8dfdd7f}, !- Handle
  Node 3,                                 !- Name
  {dcd3e49c-9f75-47ed-bf2a-1c7f2530defb}, !- Inlet Port
  {09e85406-4b63-41e7-a298-8a7653b30ebe}; !- Outlet Port

OS:Connection,
  {09e85406-4b63-41e7-a298-8a7653b30ebe}, !- Handle
  {e1fb6b91-c2b8-46d9-adac-955be8dfdd7f}, !- Source Object
  3,                                      !- Outlet Port
  {9f4c5b81-061b-41a1-b924-047fc182330a}, !- Target Object
  2;                                      !- Inlet Port

OS:Connection,
  {dcd3e49c-9f75-47ed-bf2a-1c7f2530defb}, !- Handle
  {28022c5d-6379-45a5-b753-42de8898e2bc}, !- Source Object
  4,                                      !- Outlet Port
  {e1fb6b91-c2b8-46d9-adac-955be8dfdd7f}, !- Target Object
  2;                                      !- Inlet Port

OS:Schedule:Constant,
  {4dd1554d-467d-4a48-8058-0512a9966b00}, !- Handle
  Sequential Fraction Schedule,           !- Name
  {383444ce-e592-4689-81de-b50cc6c74ca3}, !- Schedule Type Limits Name
  0;                                      !- Value

OS:Schedule:Constant,
  {e4fa9fce-0e2d-4260-a066-d371efd12eb3}, !- Handle
  Sequential Fraction Schedule 1,         !- Name
  {383444ce-e592-4689-81de-b50cc6c74ca3}, !- Schedule Type Limits Name
  0.6;                                    !- Value

OS:Curve:Biquadratic,
  {62b5539f-5227-479b-a9fb-e39cfb555844}, !- Handle
  Cool-CAP-fT1,                           !- Name
  1.557359706,                            !- Coefficient1 Constant
  -0.0744481692,                          !- Coefficient2 x
  0.00309859668,                          !- Coefficient3 x**2
  0.0014595786,                           !- Coefficient4 y
  -4.1148e-05,                            !- Coefficient5 y**2
  -0.00042671448,                         !- Coefficient6 x*y
  -100,                                   !- Minimum Value of x
  100,                                    !- Maximum Value of x
  -100,                                   !- Minimum Value of y
  100;                                    !- Maximum Value of y

OS:Curve:Biquadratic,
  {8a8789aa-7e88-43c1-b12d-1d64169e71ee}, !- Handle
  Cool-EIR-fT1,                           !- Name
  -0.350447695,                           !- Coefficient1 Constant
  0.116809893,                            !- Coefficient2 x
  -0.00339950844,                         !- Coefficient3 x**2
  -0.001226088,                           !- Coefficient4 y
  0.0006008094,                           !- Coefficient5 y**2
  -0.000466884,                           !- Coefficient6 x*y
  -100,                                   !- Minimum Value of x
  100,                                    !- Maximum Value of x
  -100,                                   !- Minimum Value of y
  100;                                    !- Maximum Value of y

OS:Curve:Quadratic,
  {936f80fc-1bf2-4d90-8a58-7dec7e2216b2}, !- Handle
  Cool-CAP-fFF1,                          !- Name
  1,                                      !- Coefficient1 Constant
  0,                                      !- Coefficient2 x
  0,                                      !- Coefficient3 x**2
  0,                                      !- Minimum Value of x
  2,                                      !- Maximum Value of x
  0,                                      !- Minimum Curve Output
  2;                                      !- Maximum Curve Output

OS:Curve:Quadratic,
  {7ffa7b12-ceec-41c2-9909-ae954e0358f6}, !- Handle
  Cool-EIR-fFF1,                          !- Name
  1,                                      !- Coefficient1 Constant
  0,                                      !- Coefficient2 x
  0,                                      !- Coefficient3 x**2
  0,                                      !- Minimum Value of x
  2,                                      !- Maximum Value of x
  0,                                      !- Minimum Curve Output
  2;                                      !- Maximum Curve Output

OS:Curve:Quadratic,
  {de362b97-2e07-438c-8789-34f45508c2a6}, !- Handle
  Cool-PLF-fPLR1,                         !- Name
  0.78,                                   !- Coefficient1 Constant
  0.22,                                   !- Coefficient2 x
  0,                                      !- Coefficient3 x**2
  0,                                      !- Minimum Value of x
  1,                                      !- Maximum Value of x
  0.7,                                    !- Minimum Curve Output
  1;                                      !- Maximum Curve Output

OS:Schedule:Constant,
  {5540e882-0c76-4828-8881-c09136870a1e}, !- Handle
  Always On Discrete,                     !- Name
  {f60fedcf-5e67-4752-a20a-66e0d28ee6ff}, !- Schedule Type Limits Name
  1;                                      !- Value

OS:ScheduleTypeLimits,
  {f60fedcf-5e67-4752-a20a-66e0d28ee6ff}, !- Handle
  OnOff,                                  !- Name
  0,                                      !- Lower Limit Value
  1,                                      !- Upper Limit Value
  Discrete,                               !- Numeric Type
  Availability;                           !- Unit Type

OS:Coil:Cooling:DX:SingleSpeed,
  {f66e5ccf-cb16-4ea5-a515-fce3a5bc62e9}, !- Handle
  room ac clg coil,                       !- Name
  {5540e882-0c76-4828-8881-c09136870a1e}, !- Availability Schedule Name
  2313.20995686935,                       !- Rated Total Cooling Capacity {W}
  0.65,                                   !- Rated Sensible Heat Ratio
  2.4664396994692,                        !- Rated COP {W/W}
  0.0968521103986176,                     !- Rated Air Flow Rate {m3/s}
  773.3,                                  !- Rated Evaporator Fan Power Per Volume Flow Rate 2017 {W/(m3/s)}
  934.4,                                  !- Rated Evaporator Fan Power Per Volume Flow Rate 2023 {W/(m3/s)}
  ,                                       !- Air Inlet Node Name
  ,                                       !- Air Outlet Node Name
  {62b5539f-5227-479b-a9fb-e39cfb555844}, !- Total Cooling Capacity Function of Temperature Curve Name
  {936f80fc-1bf2-4d90-8a58-7dec7e2216b2}, !- Total Cooling Capacity Function of Flow Fraction Curve Name
  {8a8789aa-7e88-43c1-b12d-1d64169e71ee}, !- Energy Input Ratio Function of Temperature Curve Name
  {7ffa7b12-ceec-41c2-9909-ae954e0358f6}, !- Energy Input Ratio Function of Flow Fraction Curve Name
  {de362b97-2e07-438c-8789-34f45508c2a6}, !- Part Load Fraction Correlation Curve Name
  -25,                                    !- Minimum Outdoor Dry-Bulb Temperature for Compressor Operation {C}
  1000,                                   !- Nominal Time for Condensate Removal to Begin {s}
  1.5,                                    !- Ratio of Initial Moisture Evaporation Rate and Steady State Latent Capacity {dimensionless}
  3,                                      !- Maximum Cycling Rate {cycles/hr}
  45,                                     !- Latent Capacity Time Constant {s}
  ,                                       !- Condenser Air Inlet Node Name
  AirCooled,                              !- Condenser Type
  0.9,                                    !- Evaporative Condenser Effectiveness {dimensionless}
  autosize,                               !- Evaporative Condenser Air Flow Rate {m3/s}
  autosize,                               !- Evaporative Condenser Pump Rated Power Consumption {W}
  0,                                      !- Crankcase Heater Capacity {W}
  ,                                       !- Crankcase Heater Capacity Function of Temperature Curve Name
  10,                                     !- Maximum Outdoor Dry-Bulb Temperature for Crankcase Heater Operation {C}
  ,                                       !- Supply Water Storage Tank Name
  ,                                       !- Condensate Collection Water Storage Tank Name
  0,                                      !- Basin Heater Capacity {W/K}
  2;                                      !- Basin Heater Setpoint Temperature {C}

OS:AdditionalProperties,
  {194be6dc-ee2c-4ada-bd6b-8e869d288ea1}, !- Handle
  {f66e5ccf-cb16-4ea5-a515-fce3a5bc62e9}, !- Object Name
  HPXML_ID,                               !- Feature Name 1
  String,                                 !- Feature Data Type 1
  CoolingSystem1;                         !- Feature Value 1

OS:Fan:SystemModel,
  {f5010b17-7a12-46b8-82fd-1845a4b1a4b7}, !- Handle
  room ac supply fan,                     !- Name
  {5540e882-0c76-4828-8881-c09136870a1e}, !- Availability Schedule Name
  ,                                       !- Air Inlet Node Name
  ,                                       !- Air Outlet Node Name
  0.096749225856,                         !- Design Maximum Air Flow Rate {m3/s}
  Discrete,                               !- Speed Control Method
  0.2,                                    !- Electric Power Minimum Flow Rate Fraction
  500,                                    !- Design Pressure Rise {Pa}
  1,                                      !- Motor Efficiency
  1,                                      !- Motor In Air Stream Fraction
  autosize,                               !- Design Electric Power Consumption {W}
  PowerPerFlow,                           !- Design Power Sizing Method
  1e-06,                                  !- Electric Power Per Unit Flow Rate {W/(m3/s)}
  1.66667,                                !- Electric Power Per Unit Flow Rate Per Unit Pressure {W-s/m3-Pa}
  0.7,                                    !- Fan Total Efficiency
  ,                                       !- Electric Power Function of Flow Fraction Curve Name
  ,                                       !- Night Ventilation Mode Pressure Rise {Pa}
  ,                                       !- Night Ventilation Mode Flow Fraction
  ,                                       !- Motor Loss Zone Name
  0,                                      !- Motor Loss Radiative Fraction
  supply fan,                             !- End-Use Subcategory
  1,                                      !- Speed Flow Fraction 1
  1;                                      !- Speed Electric Power Fraction 1

OS:EnergyManagementSystem:Sensor,
  {ce55287b-9c68-4ad9-8825-f9eac38f775c}, !- Handle
  room_ac_supply_fan_s,                   !- Name
  room ac supply fan,                     !- Output Variable or Output Meter Index Key Name
  Fan Electricity Energy;                 !- Output Variable or Output Meter Name

OS:EnergyManagementSystem:Sensor,
  {474c1672-454c-459b-bf94-e9a208f5d0f2}, !- Handle
  room_ac_clg_coil_s,                     !- Name
  room ac clg coil,                       !- Output Variable or Output Meter Index Key Name
  Cooling Coil Total Cooling Energy;      !- Output Variable or Output Meter Name

OS:EnergyManagementSystem:Program,
  {0e5c180f-b1aa-4b88-90f0-4d445a61ad08}, !- Handle
  room_ac_supply_fan_disaggregate_program, !- Name
  Set room_ac_supply_fan_clg = 0,         !- Program Line 1
  If room_ac_clg_coil_s > 0,              !- Program Line 2
  Set room_ac_supply_fan_clg = room_ac_supply_fan_s, !- Program Line 3
  EndIf;                                  !- Program Line 4

OS:EnergyManagementSystem:ProgramCallingManager,
  {6045141c-15e5-4c42-8507-7fb16c00fa53}, !- Handle
  room_ac_supply_fan_disaggregate_program_calling_manager, !- Name
  EndOfSystemTimestepBeforeHVACReporting, !- EnergyPlus Model Calling Point
  {0e5c180f-b1aa-4b88-90f0-4d445a61ad08}; !- Program Name 1

OS:EnergyManagementSystem:OutputVariable,
  {7e8e927f-255c-4f59-af50-a0e7cc44239e}, !- Handle
  room ac supply fan disaggregate clg,    !- Name
  room_ac_supply_fan_clg,                 !- EMS Variable Name
  Summed,                                 !- Type of Data in Variable
  SystemTimestep,                         !- Update Frequency
  {0e5c180f-b1aa-4b88-90f0-4d445a61ad08}, !- EMS Program or Subroutine Name
  J;                                      !- Units

OS:AdditionalProperties,
  {18c8d95d-33ca-4ae5-8aaa-5dcd3ca76a67}, !- Handle
  {7e8e927f-255c-4f59-af50-a0e7cc44239e}, !- Object Name
  HPXML_ID,                               !- Feature Name 1
  String,                                 !- Feature Data Type 1
  CoolingSystem1,                         !- Feature Value 1
  ObjectType,                             !- Feature Name 2
  String,                                 !- Feature Data Type 2
  disaggregate clg;                       !- Feature Value 2

OS:Schedule:Constant,
  {f867d192-1b90-4611-b8c2-591236215ab0}, !- Handle
  room ac auto fan schedule,              !- Name
  {f60fedcf-5e67-4752-a20a-66e0d28ee6ff}, !- Schedule Type Limits Name
  0;                                      !- Value

OS:AirLoopHVAC:UnitarySystem,
  {c8a0e7da-4187-4631-a774-135bdb2cc5c3}, !- Handle
  room ac unitary system,                 !- Name
  Load,                                   !- Control Type
  {00b24524-14db-4c7c-9c7b-d69b1015508a}, !- Controlling Zone or Thermostat Location
  None,                                   !- Dehumidification Control Type
  {5540e882-0c76-4828-8881-c09136870a1e}, !- Availability Schedule Name
  {29e1c644-2c27-425c-9570-711190fed3e2}, !- Air Inlet Node Name
  {dc162008-8db2-4662-98f0-c908f3dadea9}, !- Air Outlet Node Name
  {f5010b17-7a12-46b8-82fd-1845a4b1a4b7}, !- Supply Fan Name
  BlowThrough,                            !- Fan Placement
  {f867d192-1b90-4611-b8c2-591236215ab0}, !- Supply Air Fan Operating Mode Schedule Name
  ,                                       !- Heating Coil Name
  1,                                      !- DX Heating Coil Sizing Ratio
  {f66e5ccf-cb16-4ea5-a515-fce3a5bc62e9}, !- Cooling Coil Name
  No,                                     !- Use DOAS DX Cooling Coil
  2,                                      !- DOAS DX Cooling Coil Leaving Minimum Air Temperature {C}
  SensibleOnlyLoadControl,                !- Latent Load Control
  ,                                       !- Supplemental Heating Coil Name
  SupplyAirFlowRate,                      !- Supply Air Flow Rate Method During Cooling Operation
  0.096749225856,                         !- Supply Air Flow Rate During Cooling Operation {m3/s}
  ,                                       !- Supply Air Flow Rate Per Floor Area During Cooling Operation {m3/s-m2}
  ,                                       !- Fraction of Autosized Design Cooling Supply Air Flow Rate
  ,                                       !- Design Supply Air Flow Rate Per Unit of Capacity During Cooling Operation {m3/s-W}
  SupplyAirFlowRate,                      !- Supply Air Flow Rate Method During Heating Operation
  0,                                      !- Supply Air Flow Rate During Heating Operation {m3/s}
  ,                                       !- Supply Air Flow Rate Per Floor Area during Heating Operation {m3/s-m2}
  ,                                       !- Fraction of Autosized Design Heating Supply Air Flow Rate
  ,                                       !- Design Supply Air Flow Rate Per Unit of Capacity During Heating Operation {m3/s-W}
  SupplyAirFlowRate,                      !- Supply Air Flow Rate Method When No Cooling or Heating is Required
  0,                                      !- Supply Air Flow Rate When No Cooling or Heating is Required {m3/s}
  ,                                       !- Supply Air Flow Rate Per Floor Area When No Cooling or Heating is Required {m3/s-m2}
  ,                                       !- Fraction of Autosized Design Cooling Supply Air Flow Rate When No Cooling or Heating is Required
  ,                                       !- Fraction of Autosized Design Heating Supply Air Flow Rate When No Cooling or Heating is Required
  ,                                       !- Design Supply Air Flow Rate Per Unit of Capacity During Cooling Operation When No Cooling or Heating is Required {m3/s-W}
  ,                                       !- Design Supply Air Flow Rate Per Unit of Capacity During Heating Operation When No Cooling or Heating is Required {m3/s-W}
  Yes,                                    !- No Load Supply Air Flow Rate Control Set To Low Speed
  48.8888888888889,                       !- Maximum Supply Air Temperature {C}
  21,                                     !- Maximum Outdoor Dry-Bulb Temperature for Supplemental Heater Operation {C}
  ,                                       !- Outdoor Dry-Bulb Temperature Sensor Node Name
  0,                                      !- Ancilliary On-Cycle Electric Power {W}
  0;                                      !- Ancilliary Off-Cycle Electric Power {W}

OS:AirLoopHVAC,
  {45cd9167-b098-4099-8e71-909015efbfb2}, !- Handle
  room ac airloop,                        !- Name
  ,                                       !- Controller List Name
  {5540e882-0c76-4828-8881-c09136870a1e}, !- Availability Schedule
  {0a2806b8-2834-436d-a4c0-432bcaa5465c}, !- Availability Manager List Name
  0.096749225856,                         !- Design Supply Air Flow Rate {m3/s}
  1,                                      !- Design Return Air Flow Fraction of Supply Air Flow
  ,                                       !- Branch List Name
  ,                                       !- Connector List Name
  {fa1e21d8-3002-4524-84de-a66891049c9d}, !- Supply Side Inlet Node Name
  {d81c4781-7a31-4c35-8e3c-c7fe554a0859}, !- Demand Side Outlet Node Name
  {29c2a7da-2010-4d7e-a3ae-3b52e15b7c43}, !- Demand Side Inlet Node A
  {988be3cf-09bc-415c-a286-432a06a67bc9}, !- Supply Side Outlet Node A
  ,                                       !- Demand Side Inlet Node B
  ,                                       !- Supply Side Outlet Node B
  ,                                       !- Return Air Bypass Flow Temperature Setpoint Schedule Name
  {2ff5dee3-d07d-4868-a709-ee0dc208dcd0}, !- Demand Mixer Name
  {d73b0a0a-984a-460a-97ba-73e92d0d104e}, !- Demand Splitter A Name
  ,                                       !- Demand Splitter B Name
  ;                                       !- Supply Splitter Name

OS:Node,
  {aa7e044d-daf4-4954-af38-946fbc0b0328}, !- Handle
  Node 4,                                 !- Name
  {fa1e21d8-3002-4524-84de-a66891049c9d}, !- Inlet Port
  {29e1c644-2c27-425c-9570-711190fed3e2}; !- Outlet Port

OS:Node,
  {2968211c-103b-488d-9249-7337832ecebb}, !- Handle
  Node 5,                                 !- Name
  {dc162008-8db2-4662-98f0-c908f3dadea9}, !- Inlet Port
  {988be3cf-09bc-415c-a286-432a06a67bc9}; !- Outlet Port

OS:Connection,
  {fa1e21d8-3002-4524-84de-a66891049c9d}, !- Handle
  {45cd9167-b098-4099-8e71-909015efbfb2}, !- Source Object
  9,                                      !- Outlet Port
  {aa7e044d-daf4-4954-af38-946fbc0b0328}, !- Target Object
  2;                                      !- Inlet Port

OS:Connection,
  {988be3cf-09bc-415c-a286-432a06a67bc9}, !- Handle
  {2968211c-103b-488d-9249-7337832ecebb}, !- Source Object
  3,                                      !- Outlet Port
  {45cd9167-b098-4099-8e71-909015efbfb2}, !- Target Object
  12;                                     !- Inlet Port

OS:Node,
  {21cf5467-b6e4-4c88-b1ba-9f538f8fc314}, !- Handle
  Node 6,                                 !- Name
  {29c2a7da-2010-4d7e-a3ae-3b52e15b7c43}, !- Inlet Port
  {194ce031-108d-4520-ba19-67a798c39239}; !- Outlet Port

OS:Node,
  {c4a99aee-0aa9-4fdb-b5d5-035198973530}, !- Handle
  Node 7,                                 !- Name
  {7f77c49c-942a-441c-8096-2333bdc6c41c}, !- Inlet Port
  {d81c4781-7a31-4c35-8e3c-c7fe554a0859}; !- Outlet Port

OS:Node,
  {d23905c3-7cbe-4437-a46e-4d59370a101d}, !- Handle
  Node 8,                                 !- Name
  {1b73b844-a0b4-4274-9868-686822bd3730}, !- Inlet Port
  {0f8e1320-640c-4c34-a91f-055d36eb6a21}; !- Outlet Port

OS:Connection,
  {29c2a7da-2010-4d7e-a3ae-3b52e15b7c43}, !- Handle
  {45cd9167-b098-4099-8e71-909015efbfb2}, !- Source Object
  11,                                     !- Outlet Port
  {21cf5467-b6e4-4c88-b1ba-9f538f8fc314}, !- Target Object
  2;                                      !- Inlet Port

OS:Connection,
  {d81c4781-7a31-4c35-8e3c-c7fe554a0859}, !- Handle
  {c4a99aee-0aa9-4fdb-b5d5-035198973530}, !- Source Object
  3,                                      !- Outlet Port
  {45cd9167-b098-4099-8e71-909015efbfb2}, !- Target Object
  10;                                     !- Inlet Port

OS:AirLoopHVAC:ZoneSplitter,
  {d73b0a0a-984a-460a-97ba-73e92d0d104e}, !- Handle
  room ac zone splitter,                  !- Name
  {194ce031-108d-4520-ba19-67a798c39239}, !- Inlet Node Name
  {3897b41c-03d5-4beb-af67-d588098748de}; !- Outlet Node Name 1

OS:AirLoopHVAC:ZoneMixer,
  {2ff5dee3-d07d-4868-a709-ee0dc208dcd0}, !- Handle
  room ac zone mixer,                     !- Name
  {7f77c49c-942a-441c-8096-2333bdc6c41c}, !- Outlet Node Name
  {a8c3f7a9-0e04-4cea-ab6a-0922c6da75ec}; !- Inlet Node Name 1

OS:Connection,
  {194ce031-108d-4520-ba19-67a798c39239}, !- Handle
  {21cf5467-b6e4-4c88-b1ba-9f538f8fc314}, !- Source Object
  3,                                      !- Outlet Port
  {d73b0a0a-984a-460a-97ba-73e92d0d104e}, !- Target Object
  2;                                      !- Inlet Port

OS:Connection,
  {7f77c49c-942a-441c-8096-2333bdc6c41c}, !- Handle
  {2ff5dee3-d07d-4868-a709-ee0dc208dcd0}, !- Source Object
  2,                                      !- Outlet Port
  {c4a99aee-0aa9-4fdb-b5d5-035198973530}, !- Target Object
  2;                                      !- Inlet Port

OS:Sizing:System,
  {760ad8de-1d2a-4ead-9b0b-b33baea269d3}, !- Handle
  {45cd9167-b098-4099-8e71-909015efbfb2}, !- AirLoop Name
  ,                                       !- Type of Load to Size On
  ,                                       !- Design Outdoor Air Flow Rate {m3/s}
  0.3,                                    !- Central Heating Maximum System Air Flow Ratio
  7,                                      !- Preheat Design Temperature {C}
  0.008,                                  !- Preheat Design Humidity Ratio {kg-H2O/kg-Air}
  12.8,                                   !- Precool Design Temperature {C}
  0.008,                                  !- Precool Design Humidity Ratio {kg-H2O/kg-Air}
  12.8,                                   !- Central Cooling Design Supply Air Temperature {C}
  16.7,                                   !- Central Heating Design Supply Air Temperature {C}
  ,                                       !- Sizing Option
  Yes,                                    !- 100% Outdoor Air in Cooling
  Yes,                                    !- 100% Outdoor Air in Heating
  0.0085,                                 !- Central Cooling Design Supply Air Humidity Ratio {kg-H2O/kg-Air}
  ,                                       !- Central Heating Design Supply Air Humidity Ratio {kg-H2O/kg-Air}
  ,                                       !- Cooling Design Air Flow Method
  ,                                       !- Cooling Design Air Flow Rate {m3/s}
  ,                                       !- Heating Design Air Flow Method
  ,                                       !- Heating Design Air Flow Rate {m3/s}
  ,                                       !- System Outdoor Air Method
  1,                                      !- Zone Maximum Outdoor Air Fraction {dimensionless}
  0.0099676501,                           !- Cooling Supply Air Flow Rate Per Floor Area {m3/s-m2}
  1,                                      !- Cooling Fraction of Autosized Cooling Supply Air Flow Rate
  3.9475456e-05,                          !- Cooling Supply Air Flow Rate Per Unit Cooling Capacity {m3/s-W}
  0.0099676501,                           !- Heating Supply Air Flow Rate Per Floor Area {m3/s-m2}
  1,                                      !- Heating Fraction of Autosized Heating Supply Air Flow Rate
  1,                                      !- Heating Fraction of Autosized Cooling Supply Air Flow Rate
  3.1588213e-05,                          !- Heating Supply Air Flow Rate Per Unit Heating Capacity {m3/s-W}
  CoolingDesignCapacity,                  !- Cooling Design Capacity Method
  autosize,                               !- Cooling Design Capacity {W}
  234.7,                                  !- Cooling Design Capacity Per Floor Area {W/m2}
  1,                                      !- Fraction of Autosized Cooling Design Capacity
  HeatingDesignCapacity,                  !- Heating Design Capacity Method
  autosize,                               !- Heating Design Capacity {W}
  157,                                    !- Heating Design Capacity Per Floor Area {W/m2}
  1,                                      !- Fraction of Autosized Heating Design Capacity
  OnOff,                                  !- Central Cooling Capacity Control Method
  autosize;                               !- Occupant Diversity

OS:AvailabilityManagerAssignmentList,
  {0a2806b8-2834-436d-a4c0-432bcaa5465c}, !- Handle
  Air Loop HVAC 1 AvailabilityManagerAssignmentList; !- Name

OS:Connection,
  {29e1c644-2c27-425c-9570-711190fed3e2}, !- Handle
  {aa7e044d-daf4-4954-af38-946fbc0b0328}, !- Source Object
  3,                                      !- Outlet Port
  {c8a0e7da-4187-4631-a774-135bdb2cc5c3}, !- Target Object
  6;                                      !- Inlet Port

OS:Connection,
  {dc162008-8db2-4662-98f0-c908f3dadea9}, !- Handle
  {c8a0e7da-4187-4631-a774-135bdb2cc5c3}, !- Source Object
  7,                                      !- Outlet Port
  {2968211c-103b-488d-9249-7337832ecebb}, !- Target Object
  2;                                      !- Inlet Port

OS:AirTerminal:SingleDuct:ConstantVolume:NoReheat,
  {b83829ae-b523-4252-be70-a642e5381959}, !- Handle
  room ac terminal,                       !- Name
  {5540e882-0c76-4828-8881-c09136870a1e}, !- Availability Schedule Name
  {42f96837-1aaa-455b-abc3-bf648896a43c}, !- Air Inlet Node Name
  {1b73b844-a0b4-4274-9868-686822bd3730}, !- Air Outlet Node Name
  0.096749225856;                         !- Maximum Air Flow Rate {m3/s}

OS:Node,
  {e57f34ef-13d5-4547-9f5d-ead75d22cd9d}, !- Handle
  Node 9,                                 !- Name
  {88e46a5c-948e-4669-9f8d-5d2ab1b09a2a}, !- Inlet Port
  {a8c3f7a9-0e04-4cea-ab6a-0922c6da75ec}; !- Outlet Port

OS:Connection,
  {0f8e1320-640c-4c34-a91f-055d36eb6a21}, !- Handle
  {d23905c3-7cbe-4437-a46e-4d59370a101d}, !- Source Object
  3,                                      !- Outlet Port
  {9f4c5b81-061b-41a1-b924-047fc182330a}, !- Target Object
  3;                                      !- Inlet Port

OS:Connection,
  {88e46a5c-948e-4669-9f8d-5d2ab1b09a2a}, !- Handle
  {7cfc2377-0d72-4440-b6e3-038c2c75de40}, !- Source Object
  2,                                      !- Outlet Port
  {e57f34ef-13d5-4547-9f5d-ead75d22cd9d}, !- Target Object
  2;                                      !- Inlet Port

OS:Connection,
  {a8c3f7a9-0e04-4cea-ab6a-0922c6da75ec}, !- Handle
  {e57f34ef-13d5-4547-9f5d-ead75d22cd9d}, !- Source Object
  3,                                      !- Outlet Port
  {2ff5dee3-d07d-4868-a709-ee0dc208dcd0}, !- Target Object
  3;                                      !- Inlet Port

OS:Node,
  {d2b4a782-ef74-4b2c-960f-0285e641ffc6}, !- Handle
  Node 10,                                !- Name
  {3897b41c-03d5-4beb-af67-d588098748de}, !- Inlet Port
  {42f96837-1aaa-455b-abc3-bf648896a43c}; !- Outlet Port

OS:Connection,
  {3897b41c-03d5-4beb-af67-d588098748de}, !- Handle
  {d73b0a0a-984a-460a-97ba-73e92d0d104e}, !- Source Object
  3,                                      !- Outlet Port
  {d2b4a782-ef74-4b2c-960f-0285e641ffc6}, !- Target Object
  2;                                      !- Inlet Port

OS:Connection,
  {42f96837-1aaa-455b-abc3-bf648896a43c}, !- Handle
  {d2b4a782-ef74-4b2c-960f-0285e641ffc6}, !- Source Object
  3,                                      !- Outlet Port
  {b83829ae-b523-4252-be70-a642e5381959}, !- Target Object
  3;                                      !- Inlet Port

OS:Connection,
  {1b73b844-a0b4-4274-9868-686822bd3730}, !- Handle
  {b83829ae-b523-4252-be70-a642e5381959}, !- Source Object
  4,                                      !- Outlet Port
  {d23905c3-7cbe-4437-a46e-4d59370a101d}, !- Target Object
  2;                                      !- Inlet Port

OS:Schedule:Constant,
  {ff998fae-749b-49c4-a15e-c4bb24e14290}, !- Handle
  Sequential Fraction Schedule 2,         !- Name
  {383444ce-e592-4689-81de-b50cc6c74ca3}, !- Schedule Type Limits Name
  0;                                      !- Value

OS:Schedule:Constant,
  {874268c8-7e97-40f4-99e3-3495f8eaad18}, !- Handle
  Sequential Fraction Schedule 3,         !- Name
  {383444ce-e592-4689-81de-b50cc6c74ca3}, !- Schedule Type Limits Name
  1;                                      !- Value

OS:PlantLoop,
  {3b3598e3-e92f-40d5-bf8e-69dc6b43d437}, !- Handle
  boiler hydronic heat loop,              !- Name
  Water,                                  !- Fluid Type
  0,                                      !- Glycol Concentration
  ,                                       !- User Defined Fluid Type
  ,                                       !- Plant Equipment Operation Heating Load
  ,                                       !- Plant Equipment Operation Cooling Load
  ,                                       !- Primary Plant Equipment Operation Scheme
  {b9934e3b-01e3-465f-990f-63b79843e821}, !- Loop Temperature Setpoint Node Name
  ,                                       !- Maximum Loop Temperature {C}
  ,                                       !- Minimum Loop Temperature {C}
  ,                                       !- Maximum Loop Flow Rate {m3/s}
  ,                                       !- Minimum Loop Flow Rate {m3/s}
  Autocalculate,                          !- Plant Loop Volume {m3}
  {65d5ea8c-25b1-40be-8a0d-1f297ce1aba2}, !- Plant Side Inlet Node Name
  {d7f72691-39d3-4895-bba3-f8ecf1e1fbc9}, !- Plant Side Outlet Node Name
  ,                                       !- Plant Side Branch List Name
  {c6ad3c90-9d4a-4afb-9d13-1ea2d48130db}, !- Demand Side Inlet Node Name
  {ddfafa81-106e-43a0-a87c-dd4947a6b11d}, !- Demand Side Outlet Node Name
  ,                                       !- Demand Side Branch List Name
  ,                                       !- Demand Side Connector List Name
  Optimal,                                !- Load Distribution Scheme
  {57b04815-a15d-42ef-bb09-45f83b1eede5}, !- Availability Manager List Name
  ,                                       !- Plant Loop Demand Calculation Scheme
  ,                                       !- Common Pipe Simulation
  ,                                       !- Pressure Simulation Type
  ,                                       !- Plant Equipment Operation Heating Load Schedule
  ,                                       !- Plant Equipment Operation Cooling Load Schedule
  ,                                       !- Primary Plant Equipment Operation Scheme Schedule
  ,                                       !- Component Setpoint Operation Scheme Schedule
  {88fe1e2a-7643-41a0-8713-9187bdfb76f7}, !- Demand Mixer Name
  {e97e2993-f6c0-4fe8-b36b-bb4d4d026170}, !- Demand Splitter Name
  {dd76d636-88aa-4eb2-9a05-fb4fee0ea2e4}, !- Supply Mixer Name
  {9c563316-3ac1-4d5d-b323-629999aa98cb}; !- Supply Splitter Name

OS:Node,
  {65e3bd9b-5714-44d1-9a9a-010b2681cc7b}, !- Handle
  Node 11,                                !- Name
  {65d5ea8c-25b1-40be-8a0d-1f297ce1aba2}, !- Inlet Port
  {08cd9ce4-8778-401f-993e-3fd879275391}; !- Outlet Port

OS:Node,
  {b9934e3b-01e3-465f-990f-63b79843e821}, !- Handle
  Node 12,                                !- Name
  {6d5d74b3-12bb-4042-bb4e-67156a3e1695}, !- Inlet Port
  {d7f72691-39d3-4895-bba3-f8ecf1e1fbc9}; !- Outlet Port

OS:Node,
  {72b428f2-bfe8-41c9-909c-4def2ff8a01f}, !- Handle
  Node 13,                                !- Name
  {6a08ad5c-0fbc-41eb-857d-a24376dc41a3}, !- Inlet Port
  {7f134297-046c-4299-beca-790a909ecc53}; !- Outlet Port

OS:Connector:Mixer,
  {dd76d636-88aa-4eb2-9a05-fb4fee0ea2e4}, !- Handle
  Connector Mixer 1,                      !- Name
  {ecd97e1c-2505-41e7-b6e5-03360940c2fc}, !- Outlet Branch Name
  {da87c7ad-523c-4ff2-b45a-0d5b99da1b5f}, !- Inlet Branch Name 1
  {3f36dff1-c496-41f3-915c-fbc3023ed216}; !- Inlet Branch Name 2

OS:Connector:Splitter,
  {9c563316-3ac1-4d5d-b323-629999aa98cb}, !- Handle
  Connector Splitter 1,                   !- Name
  {d00d975c-62ef-43bc-900e-8d139e7f5d55}, !- Inlet Branch Name
  {6a08ad5c-0fbc-41eb-857d-a24376dc41a3}, !- Outlet Branch Name 1
  {9b52b37a-c8da-411b-a8bf-25af9ae2a8bc}; !- Outlet Branch Name 2

OS:Connection,
  {65d5ea8c-25b1-40be-8a0d-1f297ce1aba2}, !- Handle
  {3b3598e3-e92f-40d5-bf8e-69dc6b43d437}, !- Source Object
  14,                                     !- Outlet Port
  {65e3bd9b-5714-44d1-9a9a-010b2681cc7b}, !- Target Object
  2;                                      !- Inlet Port

OS:Connection,
  {6a08ad5c-0fbc-41eb-857d-a24376dc41a3}, !- Handle
  {9c563316-3ac1-4d5d-b323-629999aa98cb}, !- Source Object
  3,                                      !- Outlet Port
  {72b428f2-bfe8-41c9-909c-4def2ff8a01f}, !- Target Object
  2;                                      !- Inlet Port

OS:Connection,
  {d7f72691-39d3-4895-bba3-f8ecf1e1fbc9}, !- Handle
  {b9934e3b-01e3-465f-990f-63b79843e821}, !- Source Object
  3,                                      !- Outlet Port
  {3b3598e3-e92f-40d5-bf8e-69dc6b43d437}, !- Target Object
  15;                                     !- Inlet Port

OS:Node,
  {46c417cc-b0d8-4405-82b9-2e718f8084f5}, !- Handle
  Node 14,                                !- Name
  {c6ad3c90-9d4a-4afb-9d13-1ea2d48130db}, !- Inlet Port
  {0a58194e-e714-4558-b2c2-8a9f878a0ed3}; !- Outlet Port

OS:Node,
  {c3a42ffa-752c-49a9-9044-8774317f829e}, !- Handle
  Node 15,                                !- Name
  {d52b9095-3a8a-4144-a6eb-6ff635ca81f2}, !- Inlet Port
  {ddfafa81-106e-43a0-a87c-dd4947a6b11d}; !- Outlet Port

OS:Node,
  {a54a8495-def6-40bf-9615-530aea938042}, !- Handle
  Node 16,                                !- Name
  {de016d23-bffb-462b-825e-97eb9f9db2ad}, !- Inlet Port
  {3ad7575d-9cc9-48e6-a825-427e60311bb3}; !- Outlet Port

OS:Connector:Mixer,
  {88fe1e2a-7643-41a0-8713-9187bdfb76f7}, !- Handle
  Connector Mixer 2,                      !- Name
  {27cc3b7c-0cd3-43e9-bb95-d88c822041cd}, !- Outlet Branch Name
  {a08098dd-bc1f-4443-a326-1c2c25941cf1}, !- Inlet Branch Name 1
  {ab091742-894e-4abb-ab11-13e82ee527f4}; !- Inlet Branch Name 2

OS:Connector:Splitter,
  {e97e2993-f6c0-4fe8-b36b-bb4d4d026170}, !- Handle
  Connector Splitter 2,                   !- Name
  {d4f15f15-3b95-4940-9a59-d269c109e3d8}, !- Inlet Branch Name
  {de016d23-bffb-462b-825e-97eb9f9db2ad}, !- Outlet Branch Name 1
  {112a7d4f-fa2c-4ffa-bfdc-7e0e41ead2f9}; !- Outlet Branch Name 2

OS:Connection,
  {c6ad3c90-9d4a-4afb-9d13-1ea2d48130db}, !- Handle
  {3b3598e3-e92f-40d5-bf8e-69dc6b43d437}, !- Source Object
  17,                                     !- Outlet Port
  {46c417cc-b0d8-4405-82b9-2e718f8084f5}, !- Target Object
  2;                                      !- Inlet Port

OS:Connection,
  {de016d23-bffb-462b-825e-97eb9f9db2ad}, !- Handle
  {e97e2993-f6c0-4fe8-b36b-bb4d4d026170}, !- Source Object
  3,                                      !- Outlet Port
  {a54a8495-def6-40bf-9615-530aea938042}, !- Target Object
  2;                                      !- Inlet Port

OS:Connection,
  {ddfafa81-106e-43a0-a87c-dd4947a6b11d}, !- Handle
  {c3a42ffa-752c-49a9-9044-8774317f829e}, !- Source Object
  3,                                      !- Outlet Port
  {3b3598e3-e92f-40d5-bf8e-69dc6b43d437}, !- Target Object
  18;                                     !- Inlet Port

OS:Sizing:Plant,
  {af2cade7-04ec-43e7-86fe-dfa8ccddab7a}, !- Handle
  {3b3598e3-e92f-40d5-bf8e-69dc6b43d437}, !- Plant or Condenser Loop Name
  Heating,                                !- Loop Type
  82.2222222222222,                       !- Design Loop Exit Temperature {C}
  11.1111111111111,                       !- Loop Design Temperature Difference {deltaC}
  NonCoincident,                          !- Sizing Option
  1,                                      !- Zone Timesteps in Averaging Window
  None;                                   !- Coincident Sizing Factor Mode

OS:AvailabilityManagerAssignmentList,
  {57b04815-a15d-42ef-bb09-45f83b1eede5}, !- Handle
  Plant Loop 1 AvailabilityManagerAssignmentList; !- Name

OS:Pump:VariableSpeed,
  {4d418ac2-a648-4e5d-a687-26980ba32011}, !- Handle
  boiler hydronic pump,                   !- Name
  {08cd9ce4-8778-401f-993e-3fd879275391}, !- Inlet Node Name
  {7cda89c4-4a14-4cb8-bd30-32b3f4290639}, !- Outlet Node Name
  0.00396634615384615,                    !- Rated Flow Rate {m3/s}
  20000,                                  !- Rated Pump Head {Pa}
  105.769230769231,                       !- Rated Power Consumption {W}
  0.85,                                   !- Motor Efficiency
  0,                                      !- Fraction of Motor Inefficiencies to Fluid Stream
  0,                                      !- Coefficient 1 of the Part Load Performance Curve
  1,                                      !- Coefficient 2 of the Part Load Performance Curve
  0,                                      !- Coefficient 3 of the Part Load Performance Curve
  0,                                      !- Coefficient 4 of the Part Load Performance Curve
  0,                                      !- Minimum Flow Rate {m3/s}
  Intermittent,                           !- Pump Control Type
  ,                                       !- Pump Flow Rate Schedule Name
  ,                                       !- Pump Curve Name
  ,                                       !- Impeller Diameter {m}
  ,                                       !- VFD Control Type
  ,                                       !- Pump RPM Schedule Name
  ,                                       !- Minimum Pressure Schedule {Pa}
  ,                                       !- Maximum Pressure Schedule {Pa}
  ,                                       !- Minimum RPM Schedule {rev/min}
  ,                                       !- Maximum RPM Schedule {rev/min}
  ,                                       !- Zone Name
  0.5,                                    !- Skin Loss Radiative Fraction
  PowerPerFlowPerPressure,                !- Design Power Sizing Method
  348701.1,                               !- Design Electric Power per Unit Flow Rate {W/(m3/s)}
  1.282051282,                            !- Design Shaft Power per Unit Flow Rate per Unit Head {W-s/m3-Pa}
  0,                                      !- Design Minimum Flow Rate Fraction
  General;                                !- End-Use Subcategory

OS:Node,
  {cb774340-24e1-4a49-ad63-f0bf294b6454}, !- Handle
  Node 17,                                !- Name
  {7cda89c4-4a14-4cb8-bd30-32b3f4290639}, !- Inlet Port
  {d00d975c-62ef-43bc-900e-8d139e7f5d55}; !- Outlet Port

OS:Connection,
  {08cd9ce4-8778-401f-993e-3fd879275391}, !- Handle
  {65e3bd9b-5714-44d1-9a9a-010b2681cc7b}, !- Source Object
  3,                                      !- Outlet Port
  {4d418ac2-a648-4e5d-a687-26980ba32011}, !- Target Object
  2;                                      !- Inlet Port

OS:Connection,
  {7cda89c4-4a14-4cb8-bd30-32b3f4290639}, !- Handle
  {4d418ac2-a648-4e5d-a687-26980ba32011}, !- Source Object
  3,                                      !- Outlet Port
  {cb774340-24e1-4a49-ad63-f0bf294b6454}, !- Target Object
  2;                                      !- Inlet Port

OS:Connection,
  {d00d975c-62ef-43bc-900e-8d139e7f5d55}, !- Handle
  {cb774340-24e1-4a49-ad63-f0bf294b6454}, !- Source Object
  3,                                      !- Outlet Port
  {9c563316-3ac1-4d5d-b323-629999aa98cb}, !- Target Object
  2;                                      !- Inlet Port

OS:Boiler:HotWater,
  {8d7e0e3d-84cd-4ac4-8784-3b33b5a8c7c9}, !- Handle
  boiler,                                 !- Name
  NaturalGas,                             !- Fuel Type
  11101.825209194,                        !- Nominal Capacity {W}
  0.78,                                   !- Nominal Thermal Efficiency
  LeavingBoiler,                          !- Efficiency Curve Temperature Evaluation Variable
  {23e9a5b9-a075-4b9b-9057-99e5888cf91a}, !- Normalized Boiler Efficiency Curve Name
  ,                                       !- Design Water Flow Rate {m3/s}
  0,                                      !- Minimum Part Load Ratio
  1,                                      !- Maximum Part Load Ratio
  1,                                      !- Optimum Part Load Ratio
  {7f134297-046c-4299-beca-790a909ecc53}, !- Boiler Water Inlet Node Name
  {1178d508-e292-44af-a93e-6d45847e83bc}, !- Boiler Water Outlet Node Name
  99.9,                                   !- Water Outlet Upper Temperature Limit {C}
  LeavingSetpointModulated,               !- Boiler Flow Mode
  0,                                      !- On Cycle Parasitic Electric Load {W}
  0,                                      !- Off Cycle Parasitic Fuel Load {W}
  1,                                      !- Sizing Factor
  General;                                !- End-Use Subcategory

OS:Curve:Bicubic,
  {23e9a5b9-a075-4b9b-9057-99e5888cf91a}, !- Handle
  NonCondensingBoilerEff,                 !- Name
  1.111720116,                            !- Coefficient1 Constant
  0.078614078,                            !- Coefficient2 x
  -0.400425756,                           !- Coefficient3 x**2
  0,                                      !- Coefficient4 y
  -0.000156783,                           !- Coefficient5 y**2
  0.009384599,                            !- Coefficient6 x*y
  0.234257955,                            !- Coefficient7 x**3
  1.32927e-06,                            !- Coefficient8 y**3
  -0.004446701,                           !- Coefficient9 x**2*y
  -1.22498e-05,                           !- Coefficient10 x*y**2
  0.1,                                    !- Minimum Value of x
  1,                                      !- Maximum Value of x
  20,                                     !- Minimum Value of y
  80;                                     !- Maximum Value of y

OS:Node,
  {f91a1425-8a55-4916-8840-67d5adda7edb}, !- Handle
  Node 18,                                !- Name
  {1178d508-e292-44af-a93e-6d45847e83bc}, !- Inlet Port
  {da87c7ad-523c-4ff2-b45a-0d5b99da1b5f}; !- Outlet Port

OS:Connection,
  {7f134297-046c-4299-beca-790a909ecc53}, !- Handle
  {72b428f2-bfe8-41c9-909c-4def2ff8a01f}, !- Source Object
  3,                                      !- Outlet Port
  {8d7e0e3d-84cd-4ac4-8784-3b33b5a8c7c9}, !- Target Object
  11;                                     !- Inlet Port

OS:Connection,
  {1178d508-e292-44af-a93e-6d45847e83bc}, !- Handle
  {8d7e0e3d-84cd-4ac4-8784-3b33b5a8c7c9}, !- Source Object
  12,                                     !- Outlet Port
  {f91a1425-8a55-4916-8840-67d5adda7edb}, !- Target Object
  2;                                      !- Inlet Port

OS:Connection,
  {da87c7ad-523c-4ff2-b45a-0d5b99da1b5f}, !- Handle
  {f91a1425-8a55-4916-8840-67d5adda7edb}, !- Source Object
  3,                                      !- Outlet Port
  {dd76d636-88aa-4eb2-9a05-fb4fee0ea2e4}, !- Target Object
  3;                                      !- Inlet Port

OS:AdditionalProperties,
  {504ec3d6-6203-4e25-823c-30e8bc3897f9}, !- Handle
  {8d7e0e3d-84cd-4ac4-8784-3b33b5a8c7c9}, !- Object Name
  HPXML_ID,                               !- Feature Name 1
  String,                                 !- Feature Data Type 1
  HeatingSystem1,                         !- Feature Value 1
  IsHeatPumpBackup,                       !- Feature Name 2
  Boolean,                                !- Feature Data Type 2
  false;                                  !- Feature Value 2

OS:EnergyManagementSystem:Sensor,
  {bb0af2f2-5d9e-4fc6-bb3c-b10a5948ef0a}, !- Handle
  boiler_plr_s,                           !- Name
  boiler,                                 !- Output Variable or Output Meter Index Key Name
  Boiler Part Load Ratio;                 !- Output Variable or Output Meter Name

OS:EnergyManagementSystem:Sensor,
  {b527d456-76ab-477b-9e69-a0d1aca68b09}, !- Handle
  boiler_hydronic_pump_mfr_s,             !- Name
  boiler hydronic pump,                   !- Output Variable or Output Meter Index Key Name
  Pump Mass Flow Rate;                    !- Output Variable or Output Meter Name

OS:EnergyManagementSystem:InternalVariable,
  {95fe9a4c-ae96-450b-b469-b38fa37a192b}, !- Handle
  boiler_hydronic_pump_rated_mfr,         !- Name
  boiler hydronic pump,                   !- Internal Data Index Key Name
  Pump Maximum Mass Flow Rate;            !- Internal Data Type

OS:EnergyManagementSystem:Actuator,
  {9be584b1-0cc0-480e-b2a7-ed48939ac233}, !- Handle
  boiler_hydronic_pump_pressure_rise_act, !- Name
  {4d418ac2-a648-4e5d-a687-26980ba32011}, !- Actuated Component Name
  Pump,                                   !- Actuated Component Type
  Pump Pressure Rise,                     !- Actuated Component Control Type
  ;                                       !- Zone or Space Name

OS:EnergyManagementSystem:Program,
  {25f247f6-680a-46b3-b384-1a6c3d9deaaa}, !- Handle
  boiler_hydronic_pump_power_program,     !- Name
  Set hvac_plr = boiler_plr_s,            !- Program Line 1
  Set pump_total_eff = boiler_hydronic_pump_rated_mfr / 1000 * 20000.0 / 105.769230769231, !- Program Line 2
  Set pump_vfr = boiler_hydronic_pump_mfr_s / 1000, !- Program Line 3
  If pump_vfr > 0,                        !- Program Line 4
  Set boiler_hydronic_pump_pressure_rise_act = 105.769230769231 * hvac_plr * pump_total_eff / pump_vfr, !- Program Line 5
  Else,                                   !- Program Line 6
  Set boiler_hydronic_pump_pressure_rise_act = 0, !- Program Line 7
  EndIf;                                  !- Program Line 8

OS:EnergyManagementSystem:ProgramCallingManager,
  {638cc086-9357-4b8b-9b31-55d0023da32c}, !- Handle
  boiler_hydronic_pump_power_program_calling_manager, !- Name
  EndOfSystemTimestepBeforeHVACReporting, !- EnergyPlus Model Calling Point
  {25f247f6-680a-46b3-b384-1a6c3d9deaaa}; !- Program Name 1

OS:Schedule:Constant,
  {94b97227-6d9b-4bb4-9492-fc108c88a8ba}, !- Handle
  boiler hydronic heat supply setpoint,   !- Name
  {a09c7b44-5659-4aab-a4b7-dfe7f30520b9}, !- Schedule Type Limits Name
  82.2222222222222;                       !- Value

OS:SetpointManager:Scheduled,
  {ebca64cb-a1cd-4c45-a13d-9edf76a9a6ad}, !- Handle
  boiler hydronic heat loop setpoint manager, !- Name
  Temperature,                            !- Control Variable
  {94b97227-6d9b-4bb4-9492-fc108c88a8ba}, !- Schedule Name
  {b9934e3b-01e3-465f-990f-63b79843e821}; !- Setpoint Node or NodeList Name

OS:Pipe:Adiabatic,
  {777b148f-807c-44f6-a213-e8893e806709}, !- Handle
  Pipe Adiabatic 1,                       !- Name
  {12658580-ddc3-4e34-b14d-dfe58139453d}, !- Inlet Node Name
  {77039ed2-41a0-4351-9248-0f511a227c24}; !- Outlet Node Name

OS:Node,
  {1ace1c1e-fe0f-4bda-b0c1-377d40f1d5ef}, !- Handle
  Node 19,                                !- Name
  {9b52b37a-c8da-411b-a8bf-25af9ae2a8bc}, !- Inlet Port
  {12658580-ddc3-4e34-b14d-dfe58139453d}; !- Outlet Port

OS:Connection,
  {9b52b37a-c8da-411b-a8bf-25af9ae2a8bc}, !- Handle
  {9c563316-3ac1-4d5d-b323-629999aa98cb}, !- Source Object
  4,                                      !- Outlet Port
  {1ace1c1e-fe0f-4bda-b0c1-377d40f1d5ef}, !- Target Object
  2;                                      !- Inlet Port

OS:Node,
  {2ba18a11-4e89-4b64-9426-81c85d6c4014}, !- Handle
  Node 20,                                !- Name
  {77039ed2-41a0-4351-9248-0f511a227c24}, !- Inlet Port
  {3f36dff1-c496-41f3-915c-fbc3023ed216}; !- Outlet Port

OS:Connection,
  {12658580-ddc3-4e34-b14d-dfe58139453d}, !- Handle
  {1ace1c1e-fe0f-4bda-b0c1-377d40f1d5ef}, !- Source Object
  3,                                      !- Outlet Port
  {777b148f-807c-44f6-a213-e8893e806709}, !- Target Object
  2;                                      !- Inlet Port

OS:Connection,
  {77039ed2-41a0-4351-9248-0f511a227c24}, !- Handle
  {777b148f-807c-44f6-a213-e8893e806709}, !- Source Object
  3,                                      !- Outlet Port
  {2ba18a11-4e89-4b64-9426-81c85d6c4014}, !- Target Object
  2;                                      !- Inlet Port

OS:Connection,
  {3f36dff1-c496-41f3-915c-fbc3023ed216}, !- Handle
  {2ba18a11-4e89-4b64-9426-81c85d6c4014}, !- Source Object
  3,                                      !- Outlet Port
  {dd76d636-88aa-4eb2-9a05-fb4fee0ea2e4}, !- Target Object
  4;                                      !- Inlet Port

OS:Pipe:Adiabatic,
  {c4b6f972-318e-4e18-8699-e793a1b178e2}, !- Handle
  Pipe Adiabatic 2,                       !- Name
  {1fee9bce-1b19-45c3-861d-356560067bba}, !- Inlet Node Name
  {6d5d74b3-12bb-4042-bb4e-67156a3e1695}; !- Outlet Node Name

OS:Node,
  {65c04c7e-1a6e-4cd4-927a-92c4b1787b98}, !- Handle
  Node 21,                                !- Name
  {ecd97e1c-2505-41e7-b6e5-03360940c2fc}, !- Inlet Port
  {1fee9bce-1b19-45c3-861d-356560067bba}; !- Outlet Port

OS:Connection,
  {ecd97e1c-2505-41e7-b6e5-03360940c2fc}, !- Handle
  {dd76d636-88aa-4eb2-9a05-fb4fee0ea2e4}, !- Source Object
  2,                                      !- Outlet Port
  {65c04c7e-1a6e-4cd4-927a-92c4b1787b98}, !- Target Object
  2;                                      !- Inlet Port

OS:Connection,
  {1fee9bce-1b19-45c3-861d-356560067bba}, !- Handle
  {65c04c7e-1a6e-4cd4-927a-92c4b1787b98}, !- Source Object
  3,                                      !- Outlet Port
  {c4b6f972-318e-4e18-8699-e793a1b178e2}, !- Target Object
  2;                                      !- Inlet Port

OS:Connection,
  {6d5d74b3-12bb-4042-bb4e-67156a3e1695}, !- Handle
  {c4b6f972-318e-4e18-8699-e793a1b178e2}, !- Source Object
  3,                                      !- Outlet Port
  {b9934e3b-01e3-465f-990f-63b79843e821}, !- Target Object
  2;                                      !- Inlet Port

OS:Pipe:Adiabatic,
  {1f814ede-dbbf-4e47-b7e7-55d7ba8a8728}, !- Handle
  Pipe Adiabatic 3,                       !- Name
  {3ad7575d-9cc9-48e6-a825-427e60311bb3}, !- Inlet Node Name
  {954234a2-5394-4e13-9258-d73759e29b75}; !- Outlet Node Name

OS:Node,
  {4594641f-0638-4135-81ae-ee7fff56263a}, !- Handle
  Node 22,                                !- Name
  {954234a2-5394-4e13-9258-d73759e29b75}, !- Inlet Port
  {a08098dd-bc1f-4443-a326-1c2c25941cf1}; !- Outlet Port

OS:Connection,
  {3ad7575d-9cc9-48e6-a825-427e60311bb3}, !- Handle
  {a54a8495-def6-40bf-9615-530aea938042}, !- Source Object
  3,                                      !- Outlet Port
  {1f814ede-dbbf-4e47-b7e7-55d7ba8a8728}, !- Target Object
  2;                                      !- Inlet Port

OS:Connection,
  {954234a2-5394-4e13-9258-d73759e29b75}, !- Handle
  {1f814ede-dbbf-4e47-b7e7-55d7ba8a8728}, !- Source Object
  3,                                      !- Outlet Port
  {4594641f-0638-4135-81ae-ee7fff56263a}, !- Target Object
  2;                                      !- Inlet Port

OS:Connection,
  {a08098dd-bc1f-4443-a326-1c2c25941cf1}, !- Handle
  {4594641f-0638-4135-81ae-ee7fff56263a}, !- Source Object
  3,                                      !- Outlet Port
  {88fe1e2a-7643-41a0-8713-9187bdfb76f7}, !- Target Object
  3;                                      !- Inlet Port

OS:Pipe:Adiabatic,
  {5dd84aee-2503-46d3-af65-eae79e237504}, !- Handle
  Pipe Adiabatic 4,                       !- Name
  {0a58194e-e714-4558-b2c2-8a9f878a0ed3}, !- Inlet Node Name
  {056a07e3-bc70-431d-bb19-a5701394631f}; !- Outlet Node Name

OS:Node,
  {f6108882-219e-4582-89d1-d909c37d5edb}, !- Handle
  Node 23,                                !- Name
  {056a07e3-bc70-431d-bb19-a5701394631f}, !- Inlet Port
  {d4f15f15-3b95-4940-9a59-d269c109e3d8}; !- Outlet Port

OS:Connection,
  {0a58194e-e714-4558-b2c2-8a9f878a0ed3}, !- Handle
  {46c417cc-b0d8-4405-82b9-2e718f8084f5}, !- Source Object
  3,                                      !- Outlet Port
  {5dd84aee-2503-46d3-af65-eae79e237504}, !- Target Object
  2;                                      !- Inlet Port

OS:Connection,
  {056a07e3-bc70-431d-bb19-a5701394631f}, !- Handle
  {5dd84aee-2503-46d3-af65-eae79e237504}, !- Source Object
  3,                                      !- Outlet Port
  {f6108882-219e-4582-89d1-d909c37d5edb}, !- Target Object
  2;                                      !- Inlet Port

OS:Connection,
  {d4f15f15-3b95-4940-9a59-d269c109e3d8}, !- Handle
  {f6108882-219e-4582-89d1-d909c37d5edb}, !- Source Object
  3,                                      !- Outlet Port
  {e97e2993-f6c0-4fe8-b36b-bb4d4d026170}, !- Target Object
  2;                                      !- Inlet Port

OS:Pipe:Adiabatic,
  {8fcba566-b390-4ff5-9a30-03dc247c8a73}, !- Handle
  Pipe Adiabatic 5,                       !- Name
  {3326c55f-92a4-42bc-83b6-95ff3a1e8687}, !- Inlet Node Name
  {d52b9095-3a8a-4144-a6eb-6ff635ca81f2}; !- Outlet Node Name

OS:Node,
  {2b46e835-04cf-4fa7-945b-c4e1fa2be5d3}, !- Handle
  Node 24,                                !- Name
  {27cc3b7c-0cd3-43e9-bb95-d88c822041cd}, !- Inlet Port
  {3326c55f-92a4-42bc-83b6-95ff3a1e8687}; !- Outlet Port

OS:Connection,
  {27cc3b7c-0cd3-43e9-bb95-d88c822041cd}, !- Handle
  {88fe1e2a-7643-41a0-8713-9187bdfb76f7}, !- Source Object
  2,                                      !- Outlet Port
  {2b46e835-04cf-4fa7-945b-c4e1fa2be5d3}, !- Target Object
  2;                                      !- Inlet Port

OS:Connection,
  {3326c55f-92a4-42bc-83b6-95ff3a1e8687}, !- Handle
  {2b46e835-04cf-4fa7-945b-c4e1fa2be5d3}, !- Source Object
  3,                                      !- Outlet Port
  {8fcba566-b390-4ff5-9a30-03dc247c8a73}, !- Target Object
  2;                                      !- Inlet Port

OS:Connection,
  {d52b9095-3a8a-4144-a6eb-6ff635ca81f2}, !- Handle
  {8fcba566-b390-4ff5-9a30-03dc247c8a73}, !- Source Object
  3,                                      !- Outlet Port
  {c3a42ffa-752c-49a9-9044-8774317f829e}, !- Target Object
  2;                                      !- Inlet Port

OS:Coil:Heating:Water:Baseboard,
  {9c89a7c0-e252-46b5-bb44-07d6d3ca669c}, !- Handle
  boiler htg coil,                        !- Name
  HeatingDesignCapacity,                  !- Heating Design Capacity Method
  11101.825209194,                        !- Heating Design Capacity {W}
  0,                                      !- Heating Design Capacity Per Floor Area {W/m2}
  0.8,                                    !- Fraction of Autosized Heating Design Capacity
  799.331415061965,                       !- U-Factor Times Area Value {W/K}
  0.000478244628591118,                   !- Maximum Water Flow Rate {m3/s}
  0.001,                                  !- Convergence Tolerance
  {83c059e7-97cc-4372-8d36-fea8a1792c11}, !- Water Inlet Node Name
  {ae825a07-65ef-47ef-9a59-dd06b422810e}; !- Water Outlet Node Name

OS:Node,
  {6604e45a-26b6-4cd2-91a1-e859448ab2c8}, !- Handle
  Node 25,                                !- Name
  {112a7d4f-fa2c-4ffa-bfdc-7e0e41ead2f9}, !- Inlet Port
  {83c059e7-97cc-4372-8d36-fea8a1792c11}; !- Outlet Port

OS:Connection,
  {112a7d4f-fa2c-4ffa-bfdc-7e0e41ead2f9}, !- Handle
  {e97e2993-f6c0-4fe8-b36b-bb4d4d026170}, !- Source Object
  4,                                      !- Outlet Port
  {6604e45a-26b6-4cd2-91a1-e859448ab2c8}, !- Target Object
  2;                                      !- Inlet Port

OS:Node,
  {2f0c1a1c-1733-428b-be9b-7665311ace4e}, !- Handle
  Node 26,                                !- Name
  {ae825a07-65ef-47ef-9a59-dd06b422810e}, !- Inlet Port
  {ab091742-894e-4abb-ab11-13e82ee527f4}; !- Outlet Port

OS:Connection,
  {83c059e7-97cc-4372-8d36-fea8a1792c11}, !- Handle
  {6604e45a-26b6-4cd2-91a1-e859448ab2c8}, !- Source Object
  3,                                      !- Outlet Port
  {9c89a7c0-e252-46b5-bb44-07d6d3ca669c}, !- Target Object
  9;                                      !- Inlet Port

OS:Connection,
  {ae825a07-65ef-47ef-9a59-dd06b422810e}, !- Handle
  {9c89a7c0-e252-46b5-bb44-07d6d3ca669c}, !- Source Object
  10,                                     !- Outlet Port
  {2f0c1a1c-1733-428b-be9b-7665311ace4e}, !- Target Object
  2;                                      !- Inlet Port

OS:Connection,
  {ab091742-894e-4abb-ab11-13e82ee527f4}, !- Handle
  {2f0c1a1c-1733-428b-be9b-7665311ace4e}, !- Source Object
  3,                                      !- Outlet Port
  {88fe1e2a-7643-41a0-8713-9187bdfb76f7}, !- Target Object
  4;                                      !- Inlet Port

OS:ZoneHVAC:Baseboard:Convective:Water,
  {9e55d1c4-8ea4-412c-b4b8-22f2c4021322}, !- Handle
  boiler baseboard,                       !- Name
  {5540e882-0c76-4828-8881-c09136870a1e}, !- Availability Schedule Name
  {9c89a7c0-e252-46b5-bb44-07d6d3ca669c}; !- Heating Coil Name

OS:AdditionalProperties,
  {6d7ec666-317f-493b-aaa0-ee2d0b8db76f}, !- Handle
  {9e55d1c4-8ea4-412c-b4b8-22f2c4021322}, !- Object Name
  IsHeatPumpBackup,                       !- Feature Name 1
  Boolean,                                !- Feature Data Type 1
  false;                                  !- Feature Value 1

OS:EnergyManagementSystem:Sensor,
  {d24dfc5c-b085-41f0-8434-0f254d9801ed}, !- Handle
  boiler_hydronic_pump_s,                 !- Name
  boiler hydronic pump,                   !- Output Variable or Output Meter Index Key Name
  Pump Electricity Energy;                !- Output Variable or Output Meter Name

OS:EnergyManagementSystem:Sensor,
  {2c147ca6-8c14-4dc6-9bec-967c098ebfde}, !- Handle
  boiler_baseboard_s,                     !- Name
  boiler baseboard,                       !- Output Variable or Output Meter Index Key Name
  Baseboard Total Heating Energy;         !- Output Variable or Output Meter Name

OS:EnergyManagementSystem:Program,
  {1ce6bf03-5aca-40c1-af23-d3aebf82c463}, !- Handle
  boiler_hydronic_pump_disaggregate_program, !- Name
  Set boiler_hydronic_pump_primary_htg = boiler_hydronic_pump_s; !- Program Line 1

OS:EnergyManagementSystem:ProgramCallingManager,
  {cff2a04e-e440-4d54-81ec-b00c4d3ee265}, !- Handle
  boiler_hydronic_pump_disaggregate_program_calling_manager, !- Name
  EndOfSystemTimestepBeforeHVACReporting, !- EnergyPlus Model Calling Point
  {1ce6bf03-5aca-40c1-af23-d3aebf82c463}; !- Program Name 1

OS:EnergyManagementSystem:OutputVariable,
  {2616db35-d7c4-4393-87f6-942ceb9468eb}, !- Handle
  boiler hydronic pump disaggregate htg primary, !- Name
  boiler_hydronic_pump_primary_htg,       !- EMS Variable Name
  Summed,                                 !- Type of Data in Variable
  SystemTimestep,                         !- Update Frequency
  {1ce6bf03-5aca-40c1-af23-d3aebf82c463}, !- EMS Program or Subroutine Name
  J;                                      !- Units

OS:AdditionalProperties,
  {f9199e75-f77b-4cc7-a583-aefb9495d183}, !- Handle
  {2616db35-d7c4-4393-87f6-942ceb9468eb}, !- Object Name
  HPXML_ID,                               !- Feature Name 1
  String,                                 !- Feature Data Type 1
  HeatingSystem1,                         !- Feature Value 1
  ObjectType,                             !- Feature Name 2
  String,                                 !- Feature Data Type 2
  disaggregate htg primary;               !- Feature Value 2

OS:Schedule:Constant,
  {ac041583-4678-4a68-a8fa-9c6b469c2fcb}, !- Handle
  Sequential Fraction Schedule 4,         !- Name
  {383444ce-e592-4689-81de-b50cc6c74ca3}, !- Schedule Type Limits Name
  1;                                      !- Value

OS:Schedule:Constant,
  {bbedf490-daea-4568-9d2e-4488713daeb4}, !- Handle
  Sequential Fraction Schedule 5,         !- Name
  {383444ce-e592-4689-81de-b50cc6c74ca3}, !- Schedule Type Limits Name
  0;                                      !- Value

OS:Schedule:File,
  {1e5f7ba8-2b0b-4e7b-998e-dfde61eefc98}, !- Handle
  ceiling_fan,                            !- Name
  {383444ce-e592-4689-81de-b50cc6c74ca3}, !- Schedule Type Limits Name
  {b2c3291a-c6d5-493f-8af2-55a8426c7d8d}, !- External File Name
  4,                                      !- Column Number
  1,                                      !- Rows to Skip at Top
  8760,                                   !- Number of Hours of Data
  ,                                       !- Column Separator
  Yes,                                    !- Interpolate to Timestep
  15,                                     !- Minutes per Item
  ,                                       !- Adjust Schedule for Daylight Savings
  Yes;                                    !- Translate File With Relative Path

OS:External:File,
  {b2c3291a-c6d5-493f-8af2-55a8426c7d8d}, !- Handle
  External File 1,                        !- Name
  in.schedules.csv;                       !- File Name

OS:ElectricEquipment:Definition,
  {ceeb97ae-478c-434c-a25a-b95d87d32ab2}, !- Handle
  ceiling fan,                            !- Name
  EquipmentLevel,                         !- Design Level Calculation Method
  16.7515386698916,                       !- Design Level {W}
  ,                                       !- Watts per Space Floor Area {W/m2}
  ,                                       !- Watts per Person {W/person}
  0,                                      !- Fraction Latent
  0.558,                                  !- Fraction Radiant
  0;                                      !- Fraction Lost

OS:ElectricEquipment,
  {fe11da8c-6190-43ee-a051-2fd3681e7672}, !- Handle
  ceiling fan,                            !- Name
  {ceeb97ae-478c-434c-a25a-b95d87d32ab2}, !- Electric Equipment Definition Name
  {07609d97-2580-4575-9dfc-ffbe3579d777}, !- Space or SpaceType Name
  {1e5f7ba8-2b0b-4e7b-998e-dfde61eefc98}, !- Schedule Name
  ,                                       !- Multiplier
  ceiling fan;                            !- End-Use Subcategory

OS:PlantLoop,
  {a941d01f-4b4c-4235-8a7d-8d055cf6d48e}, !- Handle
  dhw loop,                               !- Name
  Water,                                  !- Fluid Type
  0,                                      !- Glycol Concentration
  ,                                       !- User Defined Fluid Type
  ,                                       !- Plant Equipment Operation Heating Load
  ,                                       !- Plant Equipment Operation Cooling Load
  ,                                       !- Primary Plant Equipment Operation Scheme
  {701f17e9-b883-4098-a0ef-36b42200c4c0}, !- Loop Temperature Setpoint Node Name
  ,                                       !- Maximum Loop Temperature {C}
  ,                                       !- Minimum Loop Temperature {C}
  0.01,                                   !- Maximum Loop Flow Rate {m3/s}
  ,                                       !- Minimum Loop Flow Rate {m3/s}
  0.003,                                  !- Plant Loop Volume {m3}
  {f853703d-d67e-458f-b72a-fcefa19a4fd4}, !- Plant Side Inlet Node Name
  {2f4f8a41-7ccf-41e6-9d12-f2b151824109}, !- Plant Side Outlet Node Name
  ,                                       !- Plant Side Branch List Name
  {861eae99-099d-41bc-91fa-9d25079ae267}, !- Demand Side Inlet Node Name
  {4ea87aae-019c-46a1-8c2b-1c92a8360a93}, !- Demand Side Outlet Node Name
  ,                                       !- Demand Side Branch List Name
  ,                                       !- Demand Side Connector List Name
  Optimal,                                !- Load Distribution Scheme
  {45ee93a8-ee8d-44f8-8cf5-8d8135e05b08}, !- Availability Manager List Name
  ,                                       !- Plant Loop Demand Calculation Scheme
  ,                                       !- Common Pipe Simulation
  ,                                       !- Pressure Simulation Type
  ,                                       !- Plant Equipment Operation Heating Load Schedule
  ,                                       !- Plant Equipment Operation Cooling Load Schedule
  ,                                       !- Primary Plant Equipment Operation Scheme Schedule
  ,                                       !- Component Setpoint Operation Scheme Schedule
  {a4a4f7b1-74b4-4ff6-b46e-60dd4db3ccc3}, !- Demand Mixer Name
  {26ce31a1-25c8-4513-ae17-49d0b1bc10a4}, !- Demand Splitter Name
  {c36f3df1-985b-4203-8df4-a5611d04d830}, !- Supply Mixer Name
  {66854b95-d9aa-4f3b-b2e8-21a4d90cc203}; !- Supply Splitter Name

OS:Node,
  {5d23a083-4358-4a06-924d-b5f1955f7296}, !- Handle
  Node 27,                                !- Name
  {f853703d-d67e-458f-b72a-fcefa19a4fd4}, !- Inlet Port
  {2de8b602-7e9d-4e86-9b7d-df9d54b3927c}; !- Outlet Port

OS:Node,
  {701f17e9-b883-4098-a0ef-36b42200c4c0}, !- Handle
  Node 28,                                !- Name
  {354dc95b-d139-4117-b355-2f5a8c17a432}, !- Inlet Port
  {2f4f8a41-7ccf-41e6-9d12-f2b151824109}; !- Outlet Port

OS:Node,
  {a0183cc1-37bc-4281-9667-c6449d91cac5}, !- Handle
  Node 29,                                !- Name
  {d0ab4308-b58e-42c9-9c89-9bd63e28b8e9}, !- Inlet Port
  {e036528d-0ce9-40d4-8dd0-9e852364b971}; !- Outlet Port

OS:Connector:Mixer,
  {c36f3df1-985b-4203-8df4-a5611d04d830}, !- Handle
  Connector Mixer 3,                      !- Name
  {28dcca8e-20ff-4385-af69-c1d9b96d1c7e}, !- Outlet Branch Name
  {5f252460-41bf-4138-a3b4-f8cd985fe4d2}, !- Inlet Branch Name 1
  {5cb5e82d-9b63-4399-8d91-7cdfda9b2b36}; !- Inlet Branch Name 2

OS:Connector:Splitter,
  {66854b95-d9aa-4f3b-b2e8-21a4d90cc203}, !- Handle
  Connector Splitter 3,                   !- Name
  {9f95bc10-3ba2-4964-8d14-30f9d2d4a50c}, !- Inlet Branch Name
  {d0ab4308-b58e-42c9-9c89-9bd63e28b8e9}, !- Outlet Branch Name 1
  {5ac9a6d0-89c6-457d-a036-b7461b3e81b2}; !- Outlet Branch Name 2

OS:Connection,
  {f853703d-d67e-458f-b72a-fcefa19a4fd4}, !- Handle
  {a941d01f-4b4c-4235-8a7d-8d055cf6d48e}, !- Source Object
  14,                                     !- Outlet Port
  {5d23a083-4358-4a06-924d-b5f1955f7296}, !- Target Object
  2;                                      !- Inlet Port

OS:Connection,
  {d0ab4308-b58e-42c9-9c89-9bd63e28b8e9}, !- Handle
  {66854b95-d9aa-4f3b-b2e8-21a4d90cc203}, !- Source Object
  3,                                      !- Outlet Port
  {a0183cc1-37bc-4281-9667-c6449d91cac5}, !- Target Object
  2;                                      !- Inlet Port

OS:Connection,
  {2f4f8a41-7ccf-41e6-9d12-f2b151824109}, !- Handle
  {701f17e9-b883-4098-a0ef-36b42200c4c0}, !- Source Object
  3,                                      !- Outlet Port
  {a941d01f-4b4c-4235-8a7d-8d055cf6d48e}, !- Target Object
  15;                                     !- Inlet Port

OS:Node,
  {f05b34d7-a8d1-4901-b315-361f14a15159}, !- Handle
  Node 30,                                !- Name
  {861eae99-099d-41bc-91fa-9d25079ae267}, !- Inlet Port
  {97a218db-9620-48e7-8872-f716e4b4f3cf}; !- Outlet Port

OS:Node,
  {fa38c9f1-9926-4a34-a3e7-7c1ef2ba31e0}, !- Handle
  Node 31,                                !- Name
  {f58e892a-3b87-4b81-a79a-9ffd93d6b22d}, !- Inlet Port
  {4ea87aae-019c-46a1-8c2b-1c92a8360a93}; !- Outlet Port

OS:Node,
  {da7d37da-4145-4040-af66-f3dee2daca76}, !- Handle
  Node 32,                                !- Name
  {31a0171a-fd6f-47c5-bcd0-4990f8c1eae4}, !- Inlet Port
  {c2b7ff0a-55ec-4054-bca6-6db8b7caf576}; !- Outlet Port

OS:Connector:Mixer,
  {a4a4f7b1-74b4-4ff6-b46e-60dd4db3ccc3}, !- Handle
  Connector Mixer 4,                      !- Name
  {f58e892a-3b87-4b81-a79a-9ffd93d6b22d}, !- Outlet Branch Name
  {3ff12427-59a9-4a4a-9ded-7a4fff5d9b33}; !- Inlet Branch Name 1

OS:Connector:Splitter,
  {26ce31a1-25c8-4513-ae17-49d0b1bc10a4}, !- Handle
  Connector Splitter 4,                   !- Name
  {97a218db-9620-48e7-8872-f716e4b4f3cf}, !- Inlet Branch Name
  {31a0171a-fd6f-47c5-bcd0-4990f8c1eae4}; !- Outlet Branch Name 1

OS:Connection,
  {861eae99-099d-41bc-91fa-9d25079ae267}, !- Handle
  {a941d01f-4b4c-4235-8a7d-8d055cf6d48e}, !- Source Object
  17,                                     !- Outlet Port
  {f05b34d7-a8d1-4901-b315-361f14a15159}, !- Target Object
  2;                                      !- Inlet Port

OS:Connection,
  {97a218db-9620-48e7-8872-f716e4b4f3cf}, !- Handle
  {f05b34d7-a8d1-4901-b315-361f14a15159}, !- Source Object
  3,                                      !- Outlet Port
  {26ce31a1-25c8-4513-ae17-49d0b1bc10a4}, !- Target Object
  2;                                      !- Inlet Port

OS:Connection,
  {31a0171a-fd6f-47c5-bcd0-4990f8c1eae4}, !- Handle
  {26ce31a1-25c8-4513-ae17-49d0b1bc10a4}, !- Source Object
  3,                                      !- Outlet Port
  {da7d37da-4145-4040-af66-f3dee2daca76}, !- Target Object
  2;                                      !- Inlet Port

OS:Connection,
  {f58e892a-3b87-4b81-a79a-9ffd93d6b22d}, !- Handle
  {a4a4f7b1-74b4-4ff6-b46e-60dd4db3ccc3}, !- Source Object
  2,                                      !- Outlet Port
  {fa38c9f1-9926-4a34-a3e7-7c1ef2ba31e0}, !- Target Object
  2;                                      !- Inlet Port

OS:Connection,
  {4ea87aae-019c-46a1-8c2b-1c92a8360a93}, !- Handle
  {fa38c9f1-9926-4a34-a3e7-7c1ef2ba31e0}, !- Source Object
  3,                                      !- Outlet Port
  {a941d01f-4b4c-4235-8a7d-8d055cf6d48e}, !- Target Object
  18;                                     !- Inlet Port

OS:Sizing:Plant,
  {882aa99a-2f35-45de-be55-bad9ba4b8da7}, !- Handle
  {a941d01f-4b4c-4235-8a7d-8d055cf6d48e}, !- Plant or Condenser Loop Name
  Heating,                                !- Loop Type
  52.6666666666667,                       !- Design Loop Exit Temperature {C}
  5.55555555555556,                       !- Loop Design Temperature Difference {deltaC}
  NonCoincident,                          !- Sizing Option
  1,                                      !- Zone Timesteps in Averaging Window
  None;                                   !- Coincident Sizing Factor Mode

OS:AvailabilityManagerAssignmentList,
  {45ee93a8-ee8d-44f8-8cf5-8d8135e05b08}, !- Handle
  Plant Loop 1 AvailabilityManagerAssignmentList 1; !- Name

OS:Pipe:Adiabatic,
  {d42239c6-5eb4-4878-b5a0-bf911cc7eb46}, !- Handle
  Pipe Adiabatic 6,                       !- Name
  {e036528d-0ce9-40d4-8dd0-9e852364b971}, !- Inlet Node Name
  {6f0db7e5-cf74-4c51-a745-887d8f8697fd}; !- Outlet Node Name

OS:Pipe:Adiabatic,
  {d105cc6b-91bf-4200-98b1-46fcd14d3995}, !- Handle
  Pipe Adiabatic 7,                       !- Name
  {d8187082-a64a-4ad6-878a-9cddff2120d9}, !- Inlet Node Name
  {354dc95b-d139-4117-b355-2f5a8c17a432}; !- Outlet Node Name

OS:Node,
  {ddc939ae-9a83-4441-bfcc-3b20cf0fa721}, !- Handle
  Node 33,                                !- Name
  {6f0db7e5-cf74-4c51-a745-887d8f8697fd}, !- Inlet Port
  {5f252460-41bf-4138-a3b4-f8cd985fe4d2}; !- Outlet Port

OS:Connection,
  {e036528d-0ce9-40d4-8dd0-9e852364b971}, !- Handle
  {a0183cc1-37bc-4281-9667-c6449d91cac5}, !- Source Object
  3,                                      !- Outlet Port
  {d42239c6-5eb4-4878-b5a0-bf911cc7eb46}, !- Target Object
  2;                                      !- Inlet Port

OS:Connection,
  {6f0db7e5-cf74-4c51-a745-887d8f8697fd}, !- Handle
  {d42239c6-5eb4-4878-b5a0-bf911cc7eb46}, !- Source Object
  3,                                      !- Outlet Port
  {ddc939ae-9a83-4441-bfcc-3b20cf0fa721}, !- Target Object
  2;                                      !- Inlet Port

OS:Connection,
  {5f252460-41bf-4138-a3b4-f8cd985fe4d2}, !- Handle
  {ddc939ae-9a83-4441-bfcc-3b20cf0fa721}, !- Source Object
  3,                                      !- Outlet Port
  {c36f3df1-985b-4203-8df4-a5611d04d830}, !- Target Object
  3;                                      !- Inlet Port

OS:Node,
  {468cbf7e-a766-4239-ba57-4233e61efa39}, !- Handle
  Node 34,                                !- Name
  {28dcca8e-20ff-4385-af69-c1d9b96d1c7e}, !- Inlet Port
  {d8187082-a64a-4ad6-878a-9cddff2120d9}; !- Outlet Port

OS:Connection,
  {28dcca8e-20ff-4385-af69-c1d9b96d1c7e}, !- Handle
  {c36f3df1-985b-4203-8df4-a5611d04d830}, !- Source Object
  2,                                      !- Outlet Port
  {468cbf7e-a766-4239-ba57-4233e61efa39}, !- Target Object
  2;                                      !- Inlet Port

OS:Connection,
  {d8187082-a64a-4ad6-878a-9cddff2120d9}, !- Handle
  {468cbf7e-a766-4239-ba57-4233e61efa39}, !- Source Object
  3,                                      !- Outlet Port
  {d105cc6b-91bf-4200-98b1-46fcd14d3995}, !- Target Object
  2;                                      !- Inlet Port

OS:Connection,
  {354dc95b-d139-4117-b355-2f5a8c17a432}, !- Handle
  {d105cc6b-91bf-4200-98b1-46fcd14d3995}, !- Source Object
  3,                                      !- Outlet Port
  {701f17e9-b883-4098-a0ef-36b42200c4c0}, !- Target Object
  2;                                      !- Inlet Port

OS:Pump:VariableSpeed,
  {91d3b2c8-a931-4dbf-83c7-6f24a4b2923d}, !- Handle
  dhw loop pump,                          !- Name
  {2de8b602-7e9d-4e86-9b7d-df9d54b3927c}, !- Inlet Node Name
  {9fb1842e-b493-4a5e-a7a5-6d7412e655f1}, !- Outlet Node Name
  0.01,                                   !- Rated Flow Rate {m3/s}
  1,                                      !- Rated Pump Head {Pa}
  0,                                      !- Rated Power Consumption {W}
  0.85,                                   !- Motor Efficiency
  0,                                      !- Fraction of Motor Inefficiencies to Fluid Stream
  0,                                      !- Coefficient 1 of the Part Load Performance Curve
  1,                                      !- Coefficient 2 of the Part Load Performance Curve
  0,                                      !- Coefficient 3 of the Part Load Performance Curve
  0,                                      !- Coefficient 4 of the Part Load Performance Curve
  0,                                      !- Minimum Flow Rate {m3/s}
  Intermittent,                           !- Pump Control Type
  ,                                       !- Pump Flow Rate Schedule Name
  ,                                       !- Pump Curve Name
  ,                                       !- Impeller Diameter {m}
  ,                                       !- VFD Control Type
  ,                                       !- Pump RPM Schedule Name
  ,                                       !- Minimum Pressure Schedule {Pa}
  ,                                       !- Maximum Pressure Schedule {Pa}
  ,                                       !- Minimum RPM Schedule {rev/min}
  ,                                       !- Maximum RPM Schedule {rev/min}
  ,                                       !- Zone Name
  0.5,                                    !- Skin Loss Radiative Fraction
  PowerPerFlowPerPressure,                !- Design Power Sizing Method
  348701.1,                               !- Design Electric Power per Unit Flow Rate {W/(m3/s)}
  1.282051282,                            !- Design Shaft Power per Unit Flow Rate per Unit Head {W-s/m3-Pa}
  0,                                      !- Design Minimum Flow Rate Fraction
  General;                                !- End-Use Subcategory

OS:Node,
  {8379d6d0-10d4-4dcb-80db-c90542c92c0a}, !- Handle
  Node 35,                                !- Name
  {9fb1842e-b493-4a5e-a7a5-6d7412e655f1}, !- Inlet Port
  {9f95bc10-3ba2-4964-8d14-30f9d2d4a50c}; !- Outlet Port

OS:Connection,
  {2de8b602-7e9d-4e86-9b7d-df9d54b3927c}, !- Handle
  {5d23a083-4358-4a06-924d-b5f1955f7296}, !- Source Object
  3,                                      !- Outlet Port
  {91d3b2c8-a931-4dbf-83c7-6f24a4b2923d}, !- Target Object
  2;                                      !- Inlet Port

OS:Connection,
  {9fb1842e-b493-4a5e-a7a5-6d7412e655f1}, !- Handle
  {91d3b2c8-a931-4dbf-83c7-6f24a4b2923d}, !- Source Object
  3,                                      !- Outlet Port
  {8379d6d0-10d4-4dcb-80db-c90542c92c0a}, !- Target Object
  2;                                      !- Inlet Port

OS:Connection,
  {9f95bc10-3ba2-4964-8d14-30f9d2d4a50c}, !- Handle
  {8379d6d0-10d4-4dcb-80db-c90542c92c0a}, !- Source Object
  3,                                      !- Outlet Port
  {66854b95-d9aa-4f3b-b2e8-21a4d90cc203}, !- Target Object
  2;                                      !- Inlet Port

OS:Schedule:Constant,
  {24fd55ae-2631-493a-b60f-029256510cfd}, !- Handle
  dhw temp,                               !- Name
  {a09c7b44-5659-4aab-a4b7-dfe7f30520b9}, !- Schedule Type Limits Name
  52.6666666666667;                       !- Value

OS:SetpointManager:Scheduled,
  {b94ab21f-1149-4191-b6ce-bf7d2db4d3d8}, !- Handle
  Setpoint Manager Scheduled 1,           !- Name
  Temperature,                            !- Control Variable
  {24fd55ae-2631-493a-b60f-029256510cfd}, !- Schedule Name
  {701f17e9-b883-4098-a0ef-36b42200c4c0}; !- Setpoint Node or NodeList Name

OS:WaterHeater:Mixed,
  {dd9803b4-dfd4-4aad-ba41-5963e3024810}, !- Handle
  water heater,                           !- Name
  0.143845647790854,                      !- Tank Volume {m3}
  {e5dba974-2cb5-4f30-8270-050ede07701f}, !- Setpoint Temperature Schedule Name
  2,                                      !- Deadband Temperature Difference {deltaC}
  99,                                     !- Maximum Temperature Limit {C}
  Cycle,                                  !- Heater Control Type
  10550.5585262,                          !- Heater Maximum Capacity {W}
  0,                                      !- Heater Minimum Capacity {W}
  ,                                       !- Heater Ignition Minimum Flow Rate {m3/s}
  ,                                       !- Heater Ignition Delay {s}
  NaturalGas,                             !- Heater Fuel Type
  0.774905376164136,                      !- Heater Thermal Efficiency
  ,                                       !- Part Load Factor Curve Name
  0,                                      !- Off Cycle Parasitic Fuel Consumption Rate {W}
  Electricity,                            !- Off Cycle Parasitic Fuel Type
  0,                                      !- Off Cycle Parasitic Heat Fraction to Tank
  0,                                      !- On Cycle Parasitic Fuel Consumption Rate {W}
  Electricity,                            !- On Cycle Parasitic Fuel Type
  0,                                      !- On Cycle Parasitic Heat Fraction to Tank
  ThermalZone,                            !- Ambient Temperature Indicator
  ,                                       !- Ambient Temperature Schedule Name
  {00b24524-14db-4c7c-9c7b-d69b1015508a}, !- Ambient Temperature Thermal Zone Name
  ,                                       !- Ambient Temperature Outdoor Air Node Name
  4.19337916084354,                       !- Off Cycle Loss Coefficient to Ambient Temperature {W/K}
  0.64,                                   !- Off Cycle Loss Fraction to Thermal Zone
  4.19337916084354,                       !- On Cycle Loss Coefficient to Ambient Temperature {W/K}
  1,                                      !- On Cycle Loss Fraction to Thermal Zone
  ,                                       !- Peak Use Flow Rate {m3/s}
  ,                                       !- Use Flow Rate Fraction Schedule Name
  ,                                       !- Cold Water Supply Temperature Schedule Name
  {3aee8806-90bf-4f46-9893-2de7dc1f76b2}, !- Use Side Inlet Node Name
  {fd85b19e-c2a6-42f4-ad1a-7bfac79d51e8}, !- Use Side Outlet Node Name
  1,                                      !- Use Side Effectiveness
  ,                                       !- Source Side Inlet Node Name
  ,                                       !- Source Side Outlet Node Name
  1,                                      !- Source Side Effectiveness
  autosize,                               !- Use Side Design Flow Rate {m3/s}
  autosize,                               !- Source Side Design Flow Rate {m3/s}
  1.5,                                    !- Indirect Water Heating Recovery Time {hr}
  IndirectHeatPrimarySetpoint,            !- Source Side Flow Control Mode
  ,                                       !- Indirect Alternate Setpoint Temperature Schedule Name
  General;                                !- End-Use Subcategory

OS:WaterHeater:Sizing,
  {78121849-f617-487b-9fed-18aabf7968e5}, !- Handle
  {dd9803b4-dfd4-4aad-ba41-5963e3024810}, !- WaterHeater Name
  PeakDraw,                               !- Design Mode
  0.538503,                               !- Time Storage Can Meet Peak Draw {hr}
  0,                                      !- Time for Tank Recovery {hr}
  1;                                      !- Nominal Tank Volume for Autosizing Plant Connections {m3}

OS:Schedule:Constant,
  {e5dba974-2cb5-4f30-8270-050ede07701f}, !- Handle
  water heater setpoint,                  !- Name
  {a09c7b44-5659-4aab-a4b7-dfe7f30520b9}, !- Schedule Type Limits Name
  52.6666666666667;                       !- Value

OS:AdditionalProperties,
  {79adf5b4-8d76-43b4-8498-a7251a0f7039}, !- Handle
  {dd9803b4-dfd4-4aad-ba41-5963e3024810}, !- Object Name
  HPXML_ID,                               !- Feature Name 1
  String,                                 !- Feature Data Type 1
  WaterHeatingSystem1;                    !- Feature Value 1

OS:Node,
  {628867d0-5328-4a70-9105-313a537cff04}, !- Handle
  Node 36,                                !- Name
  {5ac9a6d0-89c6-457d-a036-b7461b3e81b2}, !- Inlet Port
  {3aee8806-90bf-4f46-9893-2de7dc1f76b2}; !- Outlet Port

OS:Connection,
  {5ac9a6d0-89c6-457d-a036-b7461b3e81b2}, !- Handle
  {66854b95-d9aa-4f3b-b2e8-21a4d90cc203}, !- Source Object
  4,                                      !- Outlet Port
  {628867d0-5328-4a70-9105-313a537cff04}, !- Target Object
  2;                                      !- Inlet Port

OS:Node,
  {6b5b16e0-9628-4560-8e8c-1ccf0f0f7e97}, !- Handle
  Node 37,                                !- Name
  {fd85b19e-c2a6-42f4-ad1a-7bfac79d51e8}, !- Inlet Port
  {5cb5e82d-9b63-4399-8d91-7cdfda9b2b36}; !- Outlet Port

OS:Connection,
  {3aee8806-90bf-4f46-9893-2de7dc1f76b2}, !- Handle
  {628867d0-5328-4a70-9105-313a537cff04}, !- Source Object
  3,                                      !- Outlet Port
  {dd9803b4-dfd4-4aad-ba41-5963e3024810}, !- Target Object
  31;                                     !- Inlet Port

OS:Connection,
  {fd85b19e-c2a6-42f4-ad1a-7bfac79d51e8}, !- Handle
  {dd9803b4-dfd4-4aad-ba41-5963e3024810}, !- Source Object
  32,                                     !- Outlet Port
  {6b5b16e0-9628-4560-8e8c-1ccf0f0f7e97}, !- Target Object
  2;                                      !- Inlet Port

OS:Connection,
  {5cb5e82d-9b63-4399-8d91-7cdfda9b2b36}, !- Handle
  {6b5b16e0-9628-4560-8e8c-1ccf0f0f7e97}, !- Source Object
  3,                                      !- Outlet Port
  {c36f3df1-985b-4203-8df4-a5611d04d830}, !- Target Object
  4;                                      !- Inlet Port

OS:OtherEquipment:Definition,
  {c7a4f46f-370f-4ede-91b6-267843825562}, !- Handle
  water heater energy adjustment1,        !- Name
  EquipmentLevel,                         !- Design Level Calculation Method
  0.01,                                   !- Design Level {W}
  ,                                       !- Watts per Space Floor Area {W/m2}
  ,                                       !- Watts per Person {W/Person}
  0,                                      !- Fraction Latent
  0,                                      !- Fraction Radiant
  1;                                      !- Fraction Lost

OS:OtherEquipment,
  {bc253269-23cd-49ac-9c8a-3970194c0762}, !- Handle
  water heater energy adjustment1,        !- Name
  {c7a4f46f-370f-4ede-91b6-267843825562}, !- Other Equipment Definition Name
  {07609d97-2580-4575-9dfc-ffbe3579d777}, !- Space or SpaceType Name
  {5540e882-0c76-4828-8881-c09136870a1e}, !- Schedule Name
  ,                                       !- Multiplier
  NaturalGas,                             !- Fuel Type
  water heater energy adjustment1;        !- End-Use Subcategory

OS:AdditionalProperties,
  {df288dd4-de72-4126-b97b-4ca5bf15e1c9}, !- Handle
  {bc253269-23cd-49ac-9c8a-3970194c0762}, !- Object Name
  HPXML_ID,                               !- Feature Name 1
  String,                                 !- Feature Data Type 1
  WaterHeatingSystem1;                    !- Feature Value 1

OS:EnergyManagementSystem:Sensor,
  {19db2670-eeab-4419-8503-3d43f2aab355}, !- Handle
  water_heater_energy,                    !- Name
  water heater,                           !- Output Variable or Output Meter Index Key Name
  Water Heater NaturalGas Rate;           !- Output Variable or Output Meter Name

OS:EnergyManagementSystem:Sensor,
  {a55c7a84-f997-4b0f-bb6f-fb03dd9af9ae}, !- Handle
  water_heater_on_cycle_parasitic,        !- Name
  water heater,                           !- Output Variable or Output Meter Index Key Name
  Water Heater On Cycle Parasitic Electricity Rate; !- Output Variable or Output Meter Name

OS:EnergyManagementSystem:Sensor,
  {9a1aa50f-178b-47ca-9a82-9af689341043}, !- Handle
  water_heater_off_cycle_parasitic,       !- Name
  water heater,                           !- Output Variable or Output Meter Index Key Name
  Water Heater Off Cycle Parasitic Electricity Rate; !- Output Variable or Output Meter Name

OS:EnergyManagementSystem:Actuator,
  {cd03c380-446f-4740-9d43-2d4cf986cc60}, !- Handle
  water_heater_ec_adj_act,                !- Name
  {bc253269-23cd-49ac-9c8a-3970194c0762}, !- Actuated Component Name
  OtherEquipment,                         !- Actuated Component Type
  Power Level,                            !- Actuated Component Control Type
  {07609d97-2580-4575-9dfc-ffbe3579d777}; !- Zone or Space Name

OS:EnergyManagementSystem:Program,
  {f5af5cb9-c182-4617-ae75-61ca9725d0e5}, !- Handle
  water_heater_EC_adj,                    !- Name
  If WarmupFlag == 0,                     !- Program Line 1
  Set dhw_e_cons = water_heater_energy + water_heater_on_cycle_parasitic + water_heater_off_cycle_parasitic, !- Program Line 2
  Set water_heater_ec_adj_act = 0.0 * dhw_e_cons / 1, !- Program Line 3
  EndIf;                                  !- Program Line 4

OS:EnergyManagementSystem:ProgramCallingManager,
  {68f5ea90-9872-4f17-b20e-f7f2013e3430}, !- Handle
  water_heater_EC_adj_ProgramManager,     !- Name
  EndOfSystemTimestepBeforeHVACReporting, !- EnergyPlus Model Calling Point
  {f5af5cb9-c182-4617-ae75-61ca9725d0e5}; !- Program Name 1

OS:WaterUse:Connections,
  {cae7c51d-d84f-4bf0-be04-edb2eaabb4ef}, !- Handle
  Water Use Connections 1,                !- Name
  {c2b7ff0a-55ec-4054-bca6-6db8b7caf576}, !- Inlet Node Name
  {de69497a-ca97-4019-86cb-3b929ed54e40}, !- Outlet Node Name
  ,                                       !- Supply Water Storage Tank Name
  ,                                       !- Reclamation Water Storage Tank Name
  ,                                       !- Hot Water Supply Temperature Schedule Name
  ,                                       !- Cold Water Supply Temperature Schedule Name
  None,                                   !- Drain Water Heat Exchanger Type
  Plant,                                  !- Drain Water Heat Exchanger Destination
  ,                                       !- Drain Water Heat Exchanger U-Factor Times Area {W/K}
  {577c3c78-a3d6-42ed-9213-a60e103e34fb}, !- Water Use Equipment Name 1
  {2873f2ee-293e-4a89-8edc-778639b0686c}, !- Water Use Equipment Name 2
  {d50d1b4e-a091-4961-bad6-d741e5ed95c5}; !- Water Use Equipment Name 3

OS:AdditionalProperties,
  {4b2d177d-e0c0-4f6f-aa01-a4a5938c23dc}, !- Handle
  {cae7c51d-d84f-4bf0-be04-edb2eaabb4ef}, !- Object Name
  HPXML_ID,                               !- Feature Name 1
  String,                                 !- Feature Data Type 1
  WaterHeatingSystem1;                    !- Feature Value 1

OS:Node,
  {617f9bda-d5a2-4aee-a2e8-b9c89d931866}, !- Handle
  Node 38,                                !- Name
  {de69497a-ca97-4019-86cb-3b929ed54e40}, !- Inlet Port
  {3ff12427-59a9-4a4a-9ded-7a4fff5d9b33}; !- Outlet Port

OS:Connection,
  {c2b7ff0a-55ec-4054-bca6-6db8b7caf576}, !- Handle
  {da7d37da-4145-4040-af66-f3dee2daca76}, !- Source Object
  3,                                      !- Outlet Port
  {cae7c51d-d84f-4bf0-be04-edb2eaabb4ef}, !- Target Object
  2;                                      !- Inlet Port

OS:Connection,
  {de69497a-ca97-4019-86cb-3b929ed54e40}, !- Handle
  {cae7c51d-d84f-4bf0-be04-edb2eaabb4ef}, !- Source Object
  3,                                      !- Outlet Port
  {617f9bda-d5a2-4aee-a2e8-b9c89d931866}, !- Target Object
  2;                                      !- Inlet Port

OS:Connection,
  {3ff12427-59a9-4a4a-9ded-7a4fff5d9b33}, !- Handle
  {617f9bda-d5a2-4aee-a2e8-b9c89d931866}, !- Source Object
  3,                                      !- Outlet Port
  {a4a4f7b1-74b4-4ff6-b46e-60dd4db3ccc3}, !- Target Object
  3;                                      !- Inlet Port

OS:Schedule:File,
  {d1b694e3-06c8-422f-b079-a8b79530f8d5}, !- Handle
  clothes_washer,                         !- Name
  {383444ce-e592-4689-81de-b50cc6c74ca3}, !- Schedule Type Limits Name
  {b2c3291a-c6d5-493f-8af2-55a8426c7d8d}, !- External File Name
  7,                                      !- Column Number
  1,                                      !- Rows to Skip at Top
  8760,                                   !- Number of Hours of Data
  ,                                       !- Column Separator
  Yes,                                    !- Interpolate to Timestep
  15,                                     !- Minutes per Item
  ,                                       !- Adjust Schedule for Daylight Savings
  Yes;                                    !- Translate File With Relative Path

OS:ElectricEquipment:Definition,
  {ac3c5eb7-1b77-448b-870e-645c924147c5}, !- Handle
  clothes washer,                         !- Name
  EquipmentLevel,                         !- Design Level Calculation Method
  1248.03138169987,                       !- Design Level {W}
  ,                                       !- Watts per Space Floor Area {W/m2}
  ,                                       !- Watts per Person {W/person}
  0.03,                                   !- Fraction Latent
  0.162,                                  !- Fraction Radiant
  0.7;                                    !- Fraction Lost

OS:ElectricEquipment,
  {4cc71e68-3fb9-48fa-8928-2053960bba4f}, !- Handle
  clothes washer,                         !- Name
  {ac3c5eb7-1b77-448b-870e-645c924147c5}, !- Electric Equipment Definition Name
  {07609d97-2580-4575-9dfc-ffbe3579d777}, !- Space or SpaceType Name
  {d1b694e3-06c8-422f-b079-a8b79530f8d5}, !- Schedule Name
  ,                                       !- Multiplier
  clothes washer;                         !- End-Use Subcategory

OS:Schedule:File,
  {9b393f4f-ae92-401e-9c94-1ad2059d54e5}, !- Handle
  clothes_dryer,                          !- Name
  {383444ce-e592-4689-81de-b50cc6c74ca3}, !- Schedule Type Limits Name
  {b2c3291a-c6d5-493f-8af2-55a8426c7d8d}, !- External File Name
  8,                                      !- Column Number
  1,                                      !- Rows to Skip at Top
  8760,                                   !- Number of Hours of Data
  ,                                       !- Column Separator
  Yes,                                    !- Interpolate to Timestep
  15,                                     !- Minutes per Item
  ,                                       !- Adjust Schedule for Daylight Savings
  Yes;                                    !- Translate File With Relative Path

OS:ElectricEquipment:Definition,
  {cf3de3fa-ae42-4c79-8033-17ba74c89364}, !- Handle
  clothes dryer,                          !- Name
  EquipmentLevel,                         !- Design Level Calculation Method
  5539.60306230972,                       !- Design Level {W}
  ,                                       !- Watts per Space Floor Area {W/m2}
  ,                                       !- Watts per Person {W/person}
  0.015,                                  !- Fraction Latent
  0.081,                                  !- Fraction Radiant
  0.85;                                   !- Fraction Lost

OS:ElectricEquipment,
  {4bc3451f-e9bf-4e6d-978c-4287825d645b}, !- Handle
  clothes dryer,                          !- Name
  {cf3de3fa-ae42-4c79-8033-17ba74c89364}, !- Electric Equipment Definition Name
  {07609d97-2580-4575-9dfc-ffbe3579d777}, !- Space or SpaceType Name
  {9b393f4f-ae92-401e-9c94-1ad2059d54e5}, !- Schedule Name
  ,                                       !- Multiplier
  clothes dryer;                          !- End-Use Subcategory

OS:OtherEquipment:Definition,
  {9e146474-5b67-4d05-99fd-36c7c7b5730c}, !- Handle
  clothes dryer 2,                        !- Name
  EquipmentLevel,                         !- Design Level Calculation Method
  0,                                      !- Design Level {W}
  ,                                       !- Watts per Space Floor Area {W/m2}
  ,                                       !- Watts per Person {W/Person}
  0.015,                                  !- Fraction Latent
  0.081,                                  !- Fraction Radiant
  0.85;                                   !- Fraction Lost

OS:OtherEquipment,
  {4bcf7582-abcf-4853-a3ac-0c4fe514b969}, !- Handle
  clothes dryer 1,                        !- Name
  {9e146474-5b67-4d05-99fd-36c7c7b5730c}, !- Other Equipment Definition Name
  {07609d97-2580-4575-9dfc-ffbe3579d777}, !- Space or SpaceType Name
  {9b393f4f-ae92-401e-9c94-1ad2059d54e5}, !- Schedule Name
  ,                                       !- Multiplier
  Electricity,                            !- Fuel Type
  clothes dryer;                          !- End-Use Subcategory

OS:Schedule:Constant,
  {7c889b70-eee0-4d93-8a90-d08ba63e4a94}, !- Handle
  fridge schedule,                        !- Name
  {383444ce-e592-4689-81de-b50cc6c74ca3}, !- Schedule Type Limits Name
  0;                                      !- Value

OS:EnergyManagementSystem:Sensor,
  {91f61dcc-8852-4f3a-9a1a-a3166fbdefa6}, !- Handle
  fridge_tin_s,                           !- Name
  conditioned space,                      !- Output Variable or Output Meter Index Key Name
  Zone Mean Air Temperature;              !- Output Variable or Output Meter Name

OS:EnergyManagementSystem:Actuator,
  {e240b4f1-3ad1-45a6-9022-b309f933b508}, !- Handle
  fridge_schedule_act,                    !- Name
  {7c889b70-eee0-4d93-8a90-d08ba63e4a94}, !- Actuated Component Name
  Schedule:Constant,                      !- Actuated Component Type
  Schedule Value,                         !- Actuated Component Control Type
  ;                                       !- Zone or Space Name

OS:EnergyManagementSystem:Program,
  {f4815645-502c-4900-ae63-c24ea99a926b}, !- Handle
  fridge_schedule_program,                !- Name
  Set Tin = fridge_tin_s*(9.0/5.0)+32.0,  !- Program Line 1
  Set fridge_schedule_act = 0,            !- Program Line 2
  If (Hour == 0),                         !- Program Line 3
  Set fridge_schedule_act = (-0.487+0.019*Tin), !- Program Line 4
  ElseIf (Hour == 1),                     !- Program Line 5
  Set fridge_schedule_act = (-0.34+0.016*Tin), !- Program Line 6
  ElseIf (Hour == 2),                     !- Program Line 7
  Set fridge_schedule_act = (-0.37+0.017*Tin), !- Program Line 8
  ElseIf (Hour == 3),                     !- Program Line 9
  Set fridge_schedule_act = (-0.361+0.016*Tin), !- Program Line 10
  ElseIf (Hour == 4),                     !- Program Line 11
  Set fridge_schedule_act = (-0.515+0.018*Tin), !- Program Line 12
  ElseIf (Hour == 5),                     !- Program Line 13
  Set fridge_schedule_act = (-0.684+0.021*Tin), !- Program Line 14
  ElseIf (Hour == 6),                     !- Program Line 15
  Set fridge_schedule_act = (-0.471+0.019*Tin), !- Program Line 16
  ElseIf (Hour == 7),                     !- Program Line 17
  Set fridge_schedule_act = (-0.159+0.015*Tin), !- Program Line 18
  ElseIf (Hour == 8),                     !- Program Line 19
  Set fridge_schedule_act = (-0.079+0.015*Tin), !- Program Line 20
  ElseIf (Hour == 9),                     !- Program Line 21
  Set fridge_schedule_act = (-0.417+0.019*Tin), !- Program Line 22
  ElseIf (Hour == 10),                    !- Program Line 23
  Set fridge_schedule_act = (-0.411+0.018*Tin), !- Program Line 24
  ElseIf (Hour == 11),                    !- Program Line 25
  Set fridge_schedule_act = (-0.386+0.018*Tin), !- Program Line 26
  ElseIf (Hour == 12),                    !- Program Line 27
  Set fridge_schedule_act = (-0.24+0.016*Tin), !- Program Line 28
  ElseIf (Hour == 13),                    !- Program Line 29
  Set fridge_schedule_act = (-0.314+0.017*Tin), !- Program Line 30
  ElseIf (Hour == 14),                    !- Program Line 31
  Set fridge_schedule_act = (-0.16+0.015*Tin), !- Program Line 32
  ElseIf (Hour == 15),                    !- Program Line 33
  Set fridge_schedule_act = (-0.121+0.015*Tin), !- Program Line 34
  ElseIf (Hour == 16),                    !- Program Line 35
  Set fridge_schedule_act = (-0.469+0.02*Tin), !- Program Line 36
  ElseIf (Hour == 17),                    !- Program Line 37
  Set fridge_schedule_act = (-0.412+0.02*Tin), !- Program Line 38
  ElseIf (Hour == 18),                    !- Program Line 39
  Set fridge_schedule_act = (-0.091+0.017*Tin), !- Program Line 40
  ElseIf (Hour == 19),                    !- Program Line 41
  Set fridge_schedule_act = (0.077+0.014*Tin), !- Program Line 42
  ElseIf (Hour == 20),                    !- Program Line 43
  Set fridge_schedule_act = (-0.118+0.016*Tin), !- Program Line 44
  ElseIf (Hour == 21),                    !- Program Line 45
  Set fridge_schedule_act = (-0.247+0.017*Tin), !- Program Line 46
  ElseIf (Hour == 22),                    !- Program Line 47
  Set fridge_schedule_act = (-0.445+0.019*Tin), !- Program Line 48
  ElseIf (Hour == 23),                    !- Program Line 49
  Set fridge_schedule_act = (-0.544+0.02*Tin), !- Program Line 50
  EndIf;                                  !- Program Line 51

OS:EnergyManagementSystem:ProgramCallingManager,
  {c3134ab5-cca7-477f-8426-79e5ad011458}, !- Handle
  fridge_schedule_program_calling_manager, !- Name
  BeginZoneTimestepAfterInitHeatBalance,  !- EnergyPlus Model Calling Point
  {f4815645-502c-4900-ae63-c24ea99a926b}; !- Program Name 1

OS:ElectricEquipment:Definition,
  {798748c4-7dea-4867-a155-bb18cd78c4aa}, !- Handle
  fridge,                                 !- Name
  EquipmentLevel,                         !- Design Level Calculation Method
  51.9006849315069,                       !- Design Level {W}
  ,                                       !- Watts per Space Floor Area {W/m2}
  ,                                       !- Watts per Person {W/person}
  0,                                      !- Fraction Latent
  0.6,                                    !- Fraction Radiant
  0;                                      !- Fraction Lost

OS:ElectricEquipment,
  {8db3901e-afdc-46d7-886d-dd9c2e40f422}, !- Handle
  fridge,                                 !- Name
  {798748c4-7dea-4867-a155-bb18cd78c4aa}, !- Electric Equipment Definition Name
  {07609d97-2580-4575-9dfc-ffbe3579d777}, !- Space or SpaceType Name
  {7c889b70-eee0-4d93-8a90-d08ba63e4a94}, !- Schedule Name
  ,                                       !- Multiplier
  fridge;                                 !- End-Use Subcategory

OS:Schedule:File,
  {70d90daf-156d-4322-bbf5-92b0c78ee4fa}, !- Handle
  cooking_range,                          !- Name
  {383444ce-e592-4689-81de-b50cc6c74ca3}, !- Schedule Type Limits Name
  {b2c3291a-c6d5-493f-8af2-55a8426c7d8d}, !- External File Name
  9,                                      !- Column Number
  1,                                      !- Rows to Skip at Top
  8760,                                   !- Number of Hours of Data
  ,                                       !- Column Separator
  Yes,                                    !- Interpolate to Timestep
  15,                                     !- Minutes per Item
  ,                                       !- Adjust Schedule for Daylight Savings
  Yes;                                    !- Translate File With Relative Path

OS:ElectricEquipment:Definition,
  {630fe6de-d77e-46ee-93c6-8af769c412e6}, !- Handle
  cooking range,                          !- Name
  EquipmentLevel,                         !- Design Level Calculation Method
  2476.88212455887,                       !- Design Level {W}
  ,                                       !- Watts per Space Floor Area {W/m2}
  ,                                       !- Watts per Person {W/person}
  0.0799999999999999,                     !- Fraction Latent
  0.432,                                  !- Fraction Radiant
  0.2;                                    !- Fraction Lost

OS:ElectricEquipment,
  {cd124fd6-6966-4d89-87b0-56a5995f1d3f}, !- Handle
  cooking range,                          !- Name
  {630fe6de-d77e-46ee-93c6-8af769c412e6}, !- Electric Equipment Definition Name
  {07609d97-2580-4575-9dfc-ffbe3579d777}, !- Space or SpaceType Name
  {70d90daf-156d-4322-bbf5-92b0c78ee4fa}, !- Schedule Name
  ,                                       !- Multiplier
  cooking range;                          !- End-Use Subcategory

OS:OtherEquipment:Definition,
  {42208b94-f1a1-488e-8abd-4b07693f01d0}, !- Handle
  cooking range 2,                        !- Name
  EquipmentLevel,                         !- Design Level Calculation Method
  0,                                      !- Design Level {W}
  ,                                       !- Watts per Space Floor Area {W/m2}
  ,                                       !- Watts per Person {W/Person}
  0.0799999999999999,                     !- Fraction Latent
  0.432,                                  !- Fraction Radiant
  0.2;                                    !- Fraction Lost

OS:OtherEquipment,
  {102f930d-9631-4b8b-9b73-24c84b93c19f}, !- Handle
  cooking range 1,                        !- Name
  {42208b94-f1a1-488e-8abd-4b07693f01d0}, !- Other Equipment Definition Name
  {07609d97-2580-4575-9dfc-ffbe3579d777}, !- Space or SpaceType Name
  {70d90daf-156d-4322-bbf5-92b0c78ee4fa}, !- Schedule Name
  ,                                       !- Multiplier
  Electricity,                            !- Fuel Type
  cooking range;                          !- End-Use Subcategory

OS:Schedule:FixedInterval,
  {fe7a3fc4-adff-42f5-b817-5d7208c15b25}, !- Handle
  mains temperature schedule,             !- Name
  {a09c7b44-5659-4aab-a4b7-dfe7f30520b9}, !- Schedule Type Limits Name
  ,                                       !- Translate to Schedule File
  ,                                       !- Interpolate to Timestep
  1440,                                   !- Interval Length {minutes}
  ,                                       !- Out Of Range Value
  1,                                      !- Start Month
  1,                                      !- Start Day
  9.30722222222222,                       !- Value 1
  9.235,                                  !- Value 2
  9.16444444444445,                       !- Value 3
  9.095,                                  !- Value 4
  9.02722222222222,                       !- Value 5
  8.96111111111111,                       !- Value 6
  8.89666666666667,                       !- Value 7
  8.83333333333333,                       !- Value 8
  8.77222222222222,                       !- Value 9
  8.71222222222222,                       !- Value 10
  8.65388888888889,                       !- Value 11
  8.59722222222222,                       !- Value 12
  8.54222222222222,                       !- Value 13
  8.48888888888889,                       !- Value 14
  8.43777777777778,                       !- Value 15
  8.38777777777778,                       !- Value 16
  8.33944444444445,                       !- Value 17
  8.29333333333333,                       !- Value 18
  8.24833333333333,                       !- Value 19
  8.20555555555556,                       !- Value 20
  8.16444444444444,                       !- Value 21
  8.12555555555555,                       !- Value 22
  8.08777777777778,                       !- Value 23
  8.05222222222222,                       !- Value 24
  8.01833333333333,                       !- Value 25
  7.98611111111111,                       !- Value 26
  7.95611111111111,                       !- Value 27
  7.92777777777778,                       !- Value 28
  7.90111111111111,                       !- Value 29
  7.87666666666667,                       !- Value 30
  7.85388888888889,                       !- Value 31
  7.83333333333333,                       !- Value 32
  7.81444444444445,                       !- Value 33
  7.79722222222222,                       !- Value 34
  7.78222222222222,                       !- Value 35
  7.76888888888889,                       !- Value 36
  7.75722222222222,                       !- Value 37
  7.74777777777778,                       !- Value 38
  7.74055555555555,                       !- Value 39
  7.735,                                  !- Value 40
  7.73111111111111,                       !- Value 41
  7.72944444444444,                       !- Value 42
  7.72944444444444,                       !- Value 43
  7.73166666666667,                       !- Value 44
  7.73555555555556,                       !- Value 45
  7.74166666666667,                       !- Value 46
  7.74944444444444,                       !- Value 47
  7.75888888888889,                       !- Value 48
  7.77055555555556,                       !- Value 49
  7.78444444444444,                       !- Value 50
  7.8,                                    !- Value 51
  7.81722222222222,                       !- Value 52
  7.83611111111111,                       !- Value 53
  7.85777777777778,                       !- Value 54
  7.88055555555556,                       !- Value 55
  7.90555555555555,                       !- Value 56
  7.93222222222222,                       !- Value 57
  7.96055555555556,                       !- Value 58
  7.99111111111111,                       !- Value 59
  8.02333333333333,                       !- Value 60
  8.05777777777778,                       !- Value 61
  8.09388888888889,                       !- Value 62
  8.13166666666667,                       !- Value 63
  8.17111111111111,                       !- Value 64
  8.21222222222222,                       !- Value 65
  8.25555555555555,                       !- Value 66
  8.30055555555556,                       !- Value 67
  8.34722222222222,                       !- Value 68
  8.39555555555556,                       !- Value 69
  8.44555555555555,                       !- Value 70
  8.49722222222222,                       !- Value 71
  8.55111111111111,                       !- Value 72
  8.60611111111111,                       !- Value 73
  8.66277777777778,                       !- Value 74
  8.72166666666667,                       !- Value 75
  8.78166666666667,                       !- Value 76
  8.84333333333333,                       !- Value 77
  8.90666666666666,                       !- Value 78
  8.97166666666667,                       !- Value 79
  9.03777777777778,                       !- Value 80
  9.10611111111111,                       !- Value 81
  9.17555555555555,                       !- Value 82
  9.24666666666667,                       !- Value 83
  9.31888888888889,                       !- Value 84
  9.39277777777778,                       !- Value 85
  9.46833333333333,                       !- Value 86
  9.545,                                  !- Value 87
  9.62277777777778,                       !- Value 88
  9.70222222222222,                       !- Value 89
  9.78333333333333,                       !- Value 90
  9.86555555555556,                       !- Value 91
  9.94888888888889,                       !- Value 92
  10.0333333333333,                       !- Value 93
  10.1194444444444,                       !- Value 94
  10.2061111111111,                       !- Value 95
  10.2944444444444,                       !- Value 96
  10.3838888888889,                       !- Value 97
  10.4744444444444,                       !- Value 98
  10.5666666666667,                       !- Value 99
  10.6594444444444,                       !- Value 100
  10.7527777777778,                       !- Value 101
  10.8477777777778,                       !- Value 102
  10.9438888888889,                       !- Value 103
  11.0405555555556,                       !- Value 104
  11.1383333333333,                       !- Value 105
  11.2366666666667,                       !- Value 106
  11.3366666666667,                       !- Value 107
  11.4366666666667,                       !- Value 108
  11.5383333333333,                       !- Value 109
  11.64,                                  !- Value 110
  11.7427777777778,                       !- Value 111
  11.8461111111111,                       !- Value 112
  11.9505555555556,                       !- Value 113
  12.0555555555556,                       !- Value 114
  12.1611111111111,                       !- Value 115
  12.2672222222222,                       !- Value 116
  12.3738888888889,                       !- Value 117
  12.4811111111111,                       !- Value 118
  12.5888888888889,                       !- Value 119
  12.6966666666667,                       !- Value 120
  12.8055555555556,                       !- Value 121
  12.9144444444444,                       !- Value 122
  13.0244444444444,                       !- Value 123
  13.1338888888889,                       !- Value 124
  13.2438888888889,                       !- Value 125
  13.3544444444444,                       !- Value 126
  13.465,                                 !- Value 127
  13.5761111111111,                       !- Value 128
  13.6872222222222,                       !- Value 129
  13.7983333333333,                       !- Value 130
  13.91,                                  !- Value 131
  14.0211111111111,                       !- Value 132
  14.1327777777778,                       !- Value 133
  14.2444444444444,                       !- Value 134
  14.3561111111111,                       !- Value 135
  14.4672222222222,                       !- Value 136
  14.5788888888889,                       !- Value 137
  14.69,                                  !- Value 138
  14.8011111111111,                       !- Value 139
  14.9122222222222,                       !- Value 140
  15.0227777777778,                       !- Value 141
  15.1333333333333,                       !- Value 142
  15.2438888888889,                       !- Value 143
  15.3538888888889,                       !- Value 144
  15.4633333333333,                       !- Value 145
  15.5727777777778,                       !- Value 146
  15.6816666666667,                       !- Value 147
  15.79,                                  !- Value 148
  15.8977777777778,                       !- Value 149
  16.005,                                 !- Value 150
  16.1122222222222,                       !- Value 151
  16.2183333333333,                       !- Value 152
  16.3244444444444,                       !- Value 153
  16.4294444444444,                       !- Value 154
  16.5338888888889,                       !- Value 155
  16.6377777777778,                       !- Value 156
  16.7405555555556,                       !- Value 157
  16.8427777777778,                       !- Value 158
  16.9444444444444,                       !- Value 159
  17.045,                                 !- Value 160
  17.145,                                 !- Value 161
  17.2444444444444,                       !- Value 162
  17.3422222222222,                       !- Value 163
  17.4394444444444,                       !- Value 164
  17.5355555555556,                       !- Value 165
  17.6311111111111,                       !- Value 166
  17.725,                                 !- Value 167
  17.8183333333333,                       !- Value 168
  17.9105555555556,                       !- Value 169
  18.0016666666667,                       !- Value 170
  18.0916666666667,                       !- Value 171
  18.18,                                  !- Value 172
  18.2677777777778,                       !- Value 173
  18.3544444444444,                       !- Value 174
  18.4394444444444,                       !- Value 175
  18.5233333333333,                       !- Value 176
  18.6061111111111,                       !- Value 177
  18.6872222222222,                       !- Value 178
  18.7672222222222,                       !- Value 179
  18.8455555555556,                       !- Value 180
  18.9233333333333,                       !- Value 181
  18.9988888888889,                       !- Value 182
  19.0733333333333,                       !- Value 183
  19.1466666666667,                       !- Value 184
  19.2177777777778,                       !- Value 185
  19.2883333333333,                       !- Value 186
  19.3566666666667,                       !- Value 187
  19.4238888888889,                       !- Value 188
  19.4894444444444,                       !- Value 189
  19.5533333333333,                       !- Value 190
  19.6155555555556,                       !- Value 191
  19.6761111111111,                       !- Value 192
  19.7355555555556,                       !- Value 193
  19.7927777777778,                       !- Value 194
  19.8488888888889,                       !- Value 195
  19.9027777777778,                       !- Value 196
  19.9555555555556,                       !- Value 197
  20.0061111111111,                       !- Value 198
  20.0555555555556,                       !- Value 199
  20.1027777777778,                       !- Value 200
  20.1483333333333,                       !- Value 201
  20.1922222222222,                       !- Value 202
  20.2344444444444,                       !- Value 203
  20.2744444444444,                       !- Value 204
  20.3127777777778,                       !- Value 205
  20.3494444444444,                       !- Value 206
  20.3844444444444,                       !- Value 207
  20.4177777777778,                       !- Value 208
  20.4488888888889,                       !- Value 209
  20.4783333333333,                       !- Value 210
  20.5055555555556,                       !- Value 211
  20.5311111111111,                       !- Value 212
  20.555,                                 !- Value 213
  20.5772222222222,                       !- Value 214
  20.5972222222222,                       !- Value 215
  20.615,                                 !- Value 216
  20.6311111111111,                       !- Value 217
  20.6455555555556,                       !- Value 218
  20.6577777777778,                       !- Value 219
  20.6683333333333,                       !- Value 220
  20.6772222222222,                       !- Value 221
  20.6838888888889,                       !- Value 222
  20.6883333333333,                       !- Value 223
  20.6911111111111,                       !- Value 224
  20.6922222222222,                       !- Value 225
  20.6911111111111,                       !- Value 226
  20.6883333333333,                       !- Value 227
  20.6833333333333,                       !- Value 228
  20.6766666666667,                       !- Value 229
  20.6683333333333,                       !- Value 230
  20.6572222222222,                       !- Value 231
  20.645,                                 !- Value 232
  20.6305555555556,                       !- Value 233
  20.6144444444444,                       !- Value 234
  20.5961111111111,                       !- Value 235
  20.5761111111111,                       !- Value 236
  20.5538888888889,                       !- Value 237
  20.53,                                  !- Value 238
  20.5044444444444,                       !- Value 239
  20.4766666666667,                       !- Value 240
  20.4472222222222,                       !- Value 241
  20.4161111111111,                       !- Value 242
  20.3827777777778,                       !- Value 243
  20.3477777777778,                       !- Value 244
  20.3111111111111,                       !- Value 245
  20.2727777777778,                       !- Value 246
  20.2322222222222,                       !- Value 247
  20.19,                                  !- Value 248
  20.1461111111111,                       !- Value 249
  20.1005555555556,                       !- Value 250
  20.0533333333333,                       !- Value 251
  20.0038888888889,                       !- Value 252
  19.9527777777778,                       !- Value 253
  19.9005555555556,                       !- Value 254
  19.8461111111111,                       !- Value 255
  19.7905555555556,                       !- Value 256
  19.7327777777778,                       !- Value 257
  19.6733333333333,                       !- Value 258
  19.6127777777778,                       !- Value 259
  19.55,                                  !- Value 260
  19.4861111111111,                       !- Value 261
  19.4205555555556,                       !- Value 262
  19.3533333333333,                       !- Value 263
  19.285,                                 !- Value 264
  19.2144444444444,                       !- Value 265
  19.1433333333333,                       !- Value 266
  19.07,                                  !- Value 267
  18.9955555555556,                       !- Value 268
  18.9194444444444,                       !- Value 269
  18.8422222222222,                       !- Value 270
  18.7633333333333,                       !- Value 271
  18.6833333333333,                       !- Value 272
  18.6022222222222,                       !- Value 273
  18.5194444444444,                       !- Value 274
  18.4355555555556,                       !- Value 275
  18.35,                                  !- Value 276
  18.2638888888889,                       !- Value 277
  18.1761111111111,                       !- Value 278
  18.0872222222222,                       !- Value 279
  17.9972222222222,                       !- Value 280
  17.9061111111111,                       !- Value 281
  17.8138888888889,                       !- Value 282
  17.7205555555556,                       !- Value 283
  17.6266666666667,                       !- Value 284
  17.5311111111111,                       !- Value 285
  17.435,                                 !- Value 286
  17.3377777777778,                       !- Value 287
  17.2394444444444,                       !- Value 288
  17.1405555555556,                       !- Value 289
  17.0405555555556,                       !- Value 290
  16.94,                                  !- Value 291
  16.8383333333333,                       !- Value 292
  16.7361111111111,                       !- Value 293
  16.6327777777778,                       !- Value 294
  16.5288888888889,                       !- Value 295
  16.4244444444444,                       !- Value 296
  16.3194444444444,                       !- Value 297
  16.2133333333333,                       !- Value 298
  16.1072222222222,                       !- Value 299
  16,                                     !- Value 300
  15.8927777777778,                       !- Value 301
  15.785,                                 !- Value 302
  15.6761111111111,                       !- Value 303
  15.5672222222222,                       !- Value 304
  15.4583333333333,                       !- Value 305
  15.3483333333333,                       !- Value 306
  15.2388888888889,                       !- Value 307
  15.1283333333333,                       !- Value 308
  15.0177777777778,                       !- Value 309
  14.9072222222222,                       !- Value 310
  14.7961111111111,                       !- Value 311
  14.685,                                 !- Value 312
  14.5733333333333,                       !- Value 313
  14.4622222222222,                       !- Value 314
  14.3505555555556,                       !- Value 315
  14.2388888888889,                       !- Value 316
  14.1277777777778,                       !- Value 317
  14.0161111111111,                       !- Value 318
  13.9044444444444,                       !- Value 319
  13.7933333333333,                       !- Value 320
  13.6822222222222,                       !- Value 321
  13.5711111111111,                       !- Value 322
  13.46,                                  !- Value 323
  13.3494444444444,                       !- Value 324
  13.2388888888889,                       !- Value 325
  13.1288888888889,                       !- Value 326
  13.0188888888889,                       !- Value 327
  12.9094444444444,                       !- Value 328
  12.8005555555556,                       !- Value 329
  12.6916666666667,                       !- Value 330
  12.5838888888889,                       !- Value 331
  12.4761111111111,                       !- Value 332
  12.3688888888889,                       !- Value 333
  12.2622222222222,                       !- Value 334
  12.1561111111111,                       !- Value 335
  12.0505555555556,                       !- Value 336
  11.9455555555556,                       !- Value 337
  11.8416666666667,                       !- Value 338
  11.7377777777778,                       !- Value 339
  11.635,                                 !- Value 340
  11.5333333333333,                       !- Value 341
  11.4322222222222,                       !- Value 342
  11.3316666666667,                       !- Value 343
  11.2322222222222,                       !- Value 344
  11.1338888888889,                       !- Value 345
  11.0361111111111,                       !- Value 346
  10.9388888888889,                       !- Value 347
  10.8433333333333,                       !- Value 348
  10.7483333333333,                       !- Value 349
  10.655,                                 !- Value 350
  10.5622222222222,                       !- Value 351
  10.4705555555556,                       !- Value 352
  10.38,                                  !- Value 353
  10.2905555555556,                       !- Value 354
  10.2022222222222,                       !- Value 355
  10.115,                                 !- Value 356
  10.0294444444444,                       !- Value 357
  9.945,                                  !- Value 358
  9.86166666666666,                       !- Value 359
  9.77944444444445,                       !- Value 360
  9.69888888888889,                       !- Value 361
  9.61944444444444,                       !- Value 362
  9.54111111111111,                       !- Value 363
  9.46444444444444,                       !- Value 364
  9.38944444444445;                       !- Value 365

OS:Site:WaterMainsTemperature,
  {803fe1fe-0d48-46d9-b3eb-240b5d057f43}, !- Handle
  Schedule,                               !- Calculation Method
  {fe7a3fc4-adff-42f5-b817-5d7208c15b25}; !- Temperature Schedule Name

OS:Schedule:Constant,
  {030c0675-253b-42b9-b7dd-db24c498ecad}, !- Handle
  mixed water temperature schedule,       !- Name
  {a09c7b44-5659-4aab-a4b7-dfe7f30520b9}, !- Schedule Type Limits Name
  40.5555555555556;                       !- Value

OS:Schedule:File,
  {455a1cb5-887c-499f-8997-5781d4352246}, !- Handle
  hot_water_fixtures,                     !- Name
  {383444ce-e592-4689-81de-b50cc6c74ca3}, !- Schedule Type Limits Name
  {b2c3291a-c6d5-493f-8af2-55a8426c7d8d}, !- External File Name
  10,                                     !- Column Number
  1,                                      !- Rows to Skip at Top
  8760,                                   !- Number of Hours of Data
  ,                                       !- Column Separator
  Yes,                                    !- Interpolate to Timestep
  15,                                     !- Minutes per Item
  ,                                       !- Adjust Schedule for Daylight Savings
  Yes;                                    !- Translate File With Relative Path

OS:WaterUse:Equipment:Definition,
  {4367ca12-7a32-4dc3-bb28-c2813c29bb93}, !- Handle
  dhw fixtures,                           !- Name
  dhw fixtures,                           !- End-Use Subcategory
  4.13016078228867e-05,                   !- Peak Flow Rate {m3/s}
  {030c0675-253b-42b9-b7dd-db24c498ecad}; !- Target Temperature Schedule Name

OS:WaterUse:Equipment,
  {577c3c78-a3d6-42ed-9213-a60e103e34fb}, !- Handle
  dhw fixtures,                           !- Name
  {4367ca12-7a32-4dc3-bb28-c2813c29bb93}, !- Water Use Equipment Definition Name
  ,                                       !- Space Name
  {455a1cb5-887c-499f-8997-5781d4352246}; !- Flow Rate Fraction Schedule Name

OS:WaterUse:Equipment:Definition,
  {0451e131-94b1-4068-9afd-a87146dec02d}, !- Handle
  dhw distribution waste,                 !- Name
  dhw distribution waste,                 !- End-Use Subcategory
  1.48454191768193e-05,                   !- Peak Flow Rate {m3/s}
  {030c0675-253b-42b9-b7dd-db24c498ecad}; !- Target Temperature Schedule Name

OS:WaterUse:Equipment,
  {2873f2ee-293e-4a89-8edc-778639b0686c}, !- Handle
  dhw distribution waste,                 !- Name
  {0451e131-94b1-4068-9afd-a87146dec02d}, !- Water Use Equipment Definition Name
  ,                                       !- Space Name
  {455a1cb5-887c-499f-8997-5781d4352246}; !- Flow Rate Fraction Schedule Name

OS:Schedule:File,
  {db86d1ba-16f2-4ec1-b625-88df06972c9a}, !- Handle
  hot_water_clothes_washer,               !- Name
  {383444ce-e592-4689-81de-b50cc6c74ca3}, !- Schedule Type Limits Name
  {b2c3291a-c6d5-493f-8af2-55a8426c7d8d}, !- External File Name
  6,                                      !- Column Number
  1,                                      !- Rows to Skip at Top
  8760,                                   !- Number of Hours of Data
  ,                                       !- Column Separator
  Yes,                                    !- Interpolate to Timestep
  15,                                     !- Minutes per Item
  ,                                       !- Adjust Schedule for Daylight Savings
  Yes;                                    !- Translate File With Relative Path

OS:WaterUse:Equipment:Definition,
  {7fd5a0f2-3b98-4d0a-b3d8-91b543858f60}, !- Handle
  clothes washer,                         !- Name
  clothes washer,                         !- End-Use Subcategory
  6.08126277467234e-06;                   !- Peak Flow Rate {m3/s}

OS:WaterUse:Equipment,
  {d50d1b4e-a091-4961-bad6-d741e5ed95c5}, !- Handle
  clothes washer,                         !- Name
  {7fd5a0f2-3b98-4d0a-b3d8-91b543858f60}, !- Water Use Equipment Definition Name
  ,                                       !- Space Name
  {db86d1ba-16f2-4ec1-b625-88df06972c9a}; !- Flow Rate Fraction Schedule Name

OS:Schedule:File,
  {6619332a-b3d0-4db8-bf5a-9f96f37113d4}, !- Handle
  lighting_interior,                      !- Name
  {383444ce-e592-4689-81de-b50cc6c74ca3}, !- Schedule Type Limits Name
  {b2c3291a-c6d5-493f-8af2-55a8426c7d8d}, !- External File Name
  5,                                      !- Column Number
  1,                                      !- Rows to Skip at Top
  8760,                                   !- Number of Hours of Data
  ,                                       !- Column Separator
  Yes,                                    !- Interpolate to Timestep
  15,                                     !- Minutes per Item
  ,                                       !- Adjust Schedule for Daylight Savings
  Yes;                                    !- Translate File With Relative Path

OS:Lights:Definition,
  {47da5cf0-8200-4c4a-8dd4-39a0571aeb81}, !- Handle
  interior lighting,                      !- Name
  LightingLevel,                          !- Design Level Calculation Method
  242.015882048542,                       !- Lighting Level {W}
  ,                                       !- Watts per Space Floor Area {W/m2}
  ,                                       !- Watts per Person {W/person}
  0.6,                                    !- Fraction Radiant
  0.2,                                    !- Fraction Visible
  0;                                      !- Return Air Fraction

OS:Lights,
  {0a0f92cc-ee2c-45ea-ac43-3c831a7a49a2}, !- Handle
  interior lighting,                      !- Name
  {47da5cf0-8200-4c4a-8dd4-39a0571aeb81}, !- Lights Definition Name
  {07609d97-2580-4575-9dfc-ffbe3579d777}, !- Space or SpaceType Name
  {6619332a-b3d0-4db8-bf5a-9f96f37113d4}, !- Schedule Name
  1,                                      !- Fraction Replaceable
  ,                                       !- Multiplier
  interior lighting;                      !- End-Use Subcategory

OS:Schedule:Ruleset,
  {289b8bde-795c-4b09-a6df-fb23ce180d6f}, !- Handle
  exterior lighting schedule,             !- Name
  {383444ce-e592-4689-81de-b50cc6c74ca3}, !- Schedule Type Limits Name
  {91a6b373-4f79-4506-8a41-ed62ecb8159e}; !- Default Day Schedule Name

OS:Schedule:Day,
  {91a6b373-4f79-4506-8a41-ed62ecb8159e}, !- Handle
  exterior lighting schedule default day, !- Name
  {383444ce-e592-4689-81de-b50cc6c74ca3}, !- Schedule Type Limits Name
  ,                                       !- Interpolate to Timestep
  24,                                     !- Hour 1
  0,                                      !- Minute 1
  0;                                      !- Value Until Time 1

OS:Schedule:Rule,
  {d8efee6c-1e08-44c3-8d7c-ef23a57a80e7}, !- Handle
  exterior lighting schedule allday rule, !- Name
  {289b8bde-795c-4b09-a6df-fb23ce180d6f}, !- Schedule Ruleset Name
  11,                                     !- Rule Order
  {8e314fec-cff5-4501-ad62-bf6ddea3614a}, !- Day Schedule Name
  Yes,                                    !- Apply Sunday
  Yes,                                    !- Apply Monday
  Yes,                                    !- Apply Tuesday
  Yes,                                    !- Apply Wednesday
  Yes,                                    !- Apply Thursday
  Yes,                                    !- Apply Friday
  Yes,                                    !- Apply Saturday
  DateRange,                              !- Date Specification Type
  1,                                      !- Start Month
  1,                                      !- Start Day
  1,                                      !- End Month
  31;                                     !- End Day

OS:Schedule:Day,
  {8e314fec-cff5-4501-ad62-bf6ddea3614a}, !- Handle
  exterior lighting schedule day,         !- Name
  {383444ce-e592-4689-81de-b50cc6c74ca3}, !- Schedule Type Limits Name
  ,                                       !- Interpolate to Timestep
  1,                                      !- Hour 1
  0,                                      !- Minute 1
  0.566666666666667,                      !- Value Until Time 1
  3,                                      !- Hour 2
  0,                                      !- Minute 2
  0.524166666666667,                      !- Value Until Time 2
  5,                                      !- Hour 3
  0,                                      !- Minute 3
  0.495833333333333,                      !- Value Until Time 3
  6,                                      !- Hour 4
  0,                                      !- Minute 4
  0.5525,                                 !- Value Until Time 4
  7,                                      !- Hour 5
  0,                                      !- Minute 5
  0.623333333333333,                      !- Value Until Time 5
  8,                                      !- Hour 6
  0,                                      !- Minute 6
  0.580833333333333,                      !- Value Until Time 6
  9,                                      !- Hour 7
  0,                                      !- Minute 7
  0.439166666666667,                      !- Value Until Time 7
  10,                                     !- Hour 8
  0,                                      !- Minute 8
  0.354166666666667,                      !- Value Until Time 8
  12,                                     !- Hour 9
  0,                                      !- Minute 9
  0.34,                                   !- Value Until Time 9
  13,                                     !- Hour 10
  0,                                      !- Minute 10
  0.354166666666667,                      !- Value Until Time 10
  14,                                     !- Hour 11
  0,                                      !- Minute 11
  0.396666666666667,                      !- Value Until Time 11
  15,                                     !- Hour 12
  0,                                      !- Minute 12
  0.425,                                  !- Value Until Time 12
  16,                                     !- Hour 13
  0,                                      !- Minute 13
  0.495833333333333,                      !- Value Until Time 13
  17,                                     !- Hour 14
  0,                                      !- Minute 14
  0.623333333333333,                      !- Value Until Time 14
  18,                                     !- Hour 15
  0,                                      !- Minute 15
  0.793333333333333,                      !- Value Until Time 15
  19,                                     !- Hour 16
  0,                                      !- Minute 16
  0.906666666666667,                      !- Value Until Time 16
  20,                                     !- Hour 17
  0,                                      !- Minute 17
  0.963333333333333,                      !- Value Until Time 17
  21,                                     !- Hour 18
  0,                                      !- Minute 18
  0.991666666666667,                      !- Value Until Time 18
  22,                                     !- Hour 19
  0,                                      !- Minute 19
  0.920833333333333,                      !- Value Until Time 19
  23,                                     !- Hour 20
  0,                                      !- Minute 20
  0.793333333333333,                      !- Value Until Time 20
  24,                                     !- Hour 21
  0,                                      !- Minute 21
  0.665833333333333;                      !- Value Until Time 21

OS:Schedule:Rule,
  {1ccae6b5-8a06-4c20-ad46-972f7d38a1e8}, !- Handle
  exterior lighting schedule allday rule 1, !- Name
  {289b8bde-795c-4b09-a6df-fb23ce180d6f}, !- Schedule Ruleset Name
  10,                                     !- Rule Order
  {de4d0e65-6d21-40a4-b1b9-a89c68ec4c27}, !- Day Schedule Name
  Yes,                                    !- Apply Sunday
  Yes,                                    !- Apply Monday
  Yes,                                    !- Apply Tuesday
  Yes,                                    !- Apply Wednesday
  Yes,                                    !- Apply Thursday
  Yes,                                    !- Apply Friday
  Yes,                                    !- Apply Saturday
  DateRange,                              !- Date Specification Type
  2,                                      !- Start Month
  1,                                      !- Start Day
  2,                                      !- End Month
  28;                                     !- End Day

OS:Schedule:Day,
  {de4d0e65-6d21-40a4-b1b9-a89c68ec4c27}, !- Handle
  exterior lighting schedule day 1,       !- Name
  {383444ce-e592-4689-81de-b50cc6c74ca3}, !- Schedule Type Limits Name
  ,                                       !- Interpolate to Timestep
  1,                                      !- Hour 1
  0,                                      !- Minute 1
  0.528571428571429,                      !- Value Until Time 1
  3,                                      !- Hour 2
  0,                                      !- Minute 2
  0.488928571428571,                      !- Value Until Time 2
  5,                                      !- Hour 3
  0,                                      !- Minute 3
  0.4625,                                 !- Value Until Time 3
  6,                                      !- Hour 4
  0,                                      !- Minute 4
  0.515357142857143,                      !- Value Until Time 4
  7,                                      !- Hour 5
  0,                                      !- Minute 5
  0.581428571428571,                      !- Value Until Time 5
  8,                                      !- Hour 6
  0,                                      !- Minute 6
  0.541785714285714,                      !- Value Until Time 6
  9,                                      !- Hour 7
  0,                                      !- Minute 7
  0.409642857142857,                      !- Value Until Time 7
  10,                                     !- Hour 8
  0,                                      !- Minute 8
  0.330357142857143,                      !- Value Until Time 8
  12,                                     !- Hour 9
  0,                                      !- Minute 9
  0.317142857142857,                      !- Value Until Time 9
  13,                                     !- Hour 10
  0,                                      !- Minute 10
  0.330357142857143,                      !- Value Until Time 10
  14,                                     !- Hour 11
  0,                                      !- Minute 11
  0.37,                                   !- Value Until Time 11
  15,                                     !- Hour 12
  0,                                      !- Minute 12
  0.396428571428571,                      !- Value Until Time 12
  16,                                     !- Hour 13
  0,                                      !- Minute 13
  0.4625,                                 !- Value Until Time 13
  17,                                     !- Hour 14
  0,                                      !- Minute 14
  0.581428571428571,                      !- Value Until Time 14
  18,                                     !- Hour 15
  0,                                      !- Minute 15
  0.74,                                   !- Value Until Time 15
  19,                                     !- Hour 16
  0,                                      !- Minute 16
  0.845714285714286,                      !- Value Until Time 16
  20,                                     !- Hour 17
  0,                                      !- Minute 17
  0.898571428571429,                      !- Value Until Time 17
  21,                                     !- Hour 18
  0,                                      !- Minute 18
  0.925,                                  !- Value Until Time 18
  22,                                     !- Hour 19
  0,                                      !- Minute 19
  0.858928571428571,                      !- Value Until Time 19
  23,                                     !- Hour 20
  0,                                      !- Minute 20
  0.74,                                   !- Value Until Time 20
  24,                                     !- Hour 21
  0,                                      !- Minute 21
  0.621071428571429;                      !- Value Until Time 21

OS:Schedule:Rule,
  {d59a4c47-c439-4d0b-90a0-3f9686e241a3}, !- Handle
  exterior lighting schedule allday rule 2, !- Name
  {289b8bde-795c-4b09-a6df-fb23ce180d6f}, !- Schedule Ruleset Name
  9,                                      !- Rule Order
  {f1b98fcc-7a19-4de4-af57-b00ea370f77f}, !- Day Schedule Name
  Yes,                                    !- Apply Sunday
  Yes,                                    !- Apply Monday
  Yes,                                    !- Apply Tuesday
  Yes,                                    !- Apply Wednesday
  Yes,                                    !- Apply Thursday
  Yes,                                    !- Apply Friday
  Yes,                                    !- Apply Saturday
  DateRange,                              !- Date Specification Type
  3,                                      !- Start Month
  1,                                      !- Start Day
  3,                                      !- End Month
  31;                                     !- End Day

OS:Schedule:Day,
  {f1b98fcc-7a19-4de4-af57-b00ea370f77f}, !- Handle
  exterior lighting schedule day 2,       !- Name
  {383444ce-e592-4689-81de-b50cc6c74ca3}, !- Schedule Type Limits Name
  ,                                       !- Interpolate to Timestep
  1,                                      !- Hour 1
  0,                                      !- Minute 1
  0.485714285714286,                      !- Value Until Time 1
  3,                                      !- Hour 2
  0,                                      !- Minute 2
  0.449285714285714,                      !- Value Until Time 2
  5,                                      !- Hour 3
  0,                                      !- Minute 3
  0.425,                                  !- Value Until Time 3
  6,                                      !- Hour 4
  0,                                      !- Minute 4
  0.473571428571429,                      !- Value Until Time 4
  7,                                      !- Hour 5
  0,                                      !- Minute 5
  0.534285714285714,                      !- Value Until Time 5
  8,                                      !- Hour 6
  0,                                      !- Minute 6
  0.497857142857143,                      !- Value Until Time 6
  9,                                      !- Hour 7
  0,                                      !- Minute 7
  0.376428571428571,                      !- Value Until Time 7
  10,                                     !- Hour 8
  0,                                      !- Minute 8
  0.303571428571429,                      !- Value Until Time 8
  12,                                     !- Hour 9
  0,                                      !- Minute 9
  0.291428571428571,                      !- Value Until Time 9
  13,                                     !- Hour 10
  0,                                      !- Minute 10
  0.303571428571429,                      !- Value Until Time 10
  14,                                     !- Hour 11
  0,                                      !- Minute 11
  0.34,                                   !- Value Until Time 11
  15,                                     !- Hour 12
  0,                                      !- Minute 12
  0.364285714285714,                      !- Value Until Time 12
  16,                                     !- Hour 13
  0,                                      !- Minute 13
  0.425,                                  !- Value Until Time 13
  17,                                     !- Hour 14
  0,                                      !- Minute 14
  0.534285714285714,                      !- Value Until Time 14
  18,                                     !- Hour 15
  0,                                      !- Minute 15
  0.68,                                   !- Value Until Time 15
  19,                                     !- Hour 16
  0,                                      !- Minute 16
  0.777142857142857,                      !- Value Until Time 16
  20,                                     !- Hour 17
  0,                                      !- Minute 17
  0.825714285714286,                      !- Value Until Time 17
  21,                                     !- Hour 18
  0,                                      !- Minute 18
  0.85,                                   !- Value Until Time 18
  22,                                     !- Hour 19
  0,                                      !- Minute 19
  0.789285714285714,                      !- Value Until Time 19
  23,                                     !- Hour 20
  0,                                      !- Minute 20
  0.68,                                   !- Value Until Time 20
  24,                                     !- Hour 21
  0,                                      !- Minute 21
  0.570714285714286;                      !- Value Until Time 21

OS:Schedule:Rule,
  {02df8494-d8e6-41b4-9b1b-57eafd8f4a67}, !- Handle
  exterior lighting schedule allday rule 3, !- Name
  {289b8bde-795c-4b09-a6df-fb23ce180d6f}, !- Schedule Ruleset Name
  8,                                      !- Rule Order
  {63e84cf6-da57-4452-b791-2983b4fa2ec1}, !- Day Schedule Name
  Yes,                                    !- Apply Sunday
  Yes,                                    !- Apply Monday
  Yes,                                    !- Apply Tuesday
  Yes,                                    !- Apply Wednesday
  Yes,                                    !- Apply Thursday
  Yes,                                    !- Apply Friday
  Yes,                                    !- Apply Saturday
  DateRange,                              !- Date Specification Type
  4,                                      !- Start Month
  1,                                      !- Start Day
  4,                                      !- End Month
  30;                                     !- End Day

OS:Schedule:Day,
  {63e84cf6-da57-4452-b791-2983b4fa2ec1}, !- Handle
  exterior lighting schedule day 3,       !- Name
  {383444ce-e592-4689-81de-b50cc6c74ca3}, !- Schedule Type Limits Name
  ,                                       !- Interpolate to Timestep
  1,                                      !- Hour 1
  0,                                      !- Minute 1
  0.442857142857143,                      !- Value Until Time 1
  3,                                      !- Hour 2
  0,                                      !- Minute 2
  0.409642857142857,                      !- Value Until Time 2
  5,                                      !- Hour 3
  0,                                      !- Minute 3
  0.3875,                                 !- Value Until Time 3
  6,                                      !- Hour 4
  0,                                      !- Minute 4
  0.431785714285714,                      !- Value Until Time 4
  7,                                      !- Hour 5
  0,                                      !- Minute 5
  0.487142857142857,                      !- Value Until Time 5
  8,                                      !- Hour 6
  0,                                      !- Minute 6
  0.453928571428571,                      !- Value Until Time 6
  9,                                      !- Hour 7
  0,                                      !- Minute 7
  0.343214285714286,                      !- Value Until Time 7
  10,                                     !- Hour 8
  0,                                      !- Minute 8
  0.276785714285714,                      !- Value Until Time 8
  12,                                     !- Hour 9
  0,                                      !- Minute 9
  0.265714285714286,                      !- Value Until Time 9
  13,                                     !- Hour 10
  0,                                      !- Minute 10
  0.276785714285714,                      !- Value Until Time 10
  14,                                     !- Hour 11
  0,                                      !- Minute 11
  0.31,                                   !- Value Until Time 11
  15,                                     !- Hour 12
  0,                                      !- Minute 12
  0.332142857142857,                      !- Value Until Time 12
  16,                                     !- Hour 13
  0,                                      !- Minute 13
  0.3875,                                 !- Value Until Time 13
  17,                                     !- Hour 14
  0,                                      !- Minute 14
  0.487142857142857,                      !- Value Until Time 14
  18,                                     !- Hour 15
  0,                                      !- Minute 15
  0.62,                                   !- Value Until Time 15
  19,                                     !- Hour 16
  0,                                      !- Minute 16
  0.708571428571429,                      !- Value Until Time 16
  20,                                     !- Hour 17
  0,                                      !- Minute 17
  0.752857142857143,                      !- Value Until Time 17
  21,                                     !- Hour 18
  0,                                      !- Minute 18
  0.775,                                  !- Value Until Time 18
  22,                                     !- Hour 19
  0,                                      !- Minute 19
  0.719642857142857,                      !- Value Until Time 19
  23,                                     !- Hour 20
  0,                                      !- Minute 20
  0.62,                                   !- Value Until Time 20
  24,                                     !- Hour 21
  0,                                      !- Minute 21
  0.520357142857143;                      !- Value Until Time 21

OS:Schedule:Rule,
  {4a28fad7-761b-4d51-b5f6-f01a3304cc68}, !- Handle
  exterior lighting schedule allday rule 4, !- Name
  {289b8bde-795c-4b09-a6df-fb23ce180d6f}, !- Schedule Ruleset Name
  7,                                      !- Rule Order
  {b7e55538-f3de-4ea9-84b5-529c738eb205}, !- Day Schedule Name
  Yes,                                    !- Apply Sunday
  Yes,                                    !- Apply Monday
  Yes,                                    !- Apply Tuesday
  Yes,                                    !- Apply Wednesday
  Yes,                                    !- Apply Thursday
  Yes,                                    !- Apply Friday
  Yes,                                    !- Apply Saturday
  DateRange,                              !- Date Specification Type
  5,                                      !- Start Month
  1,                                      !- Start Day
  5,                                      !- End Month
  31;                                     !- End Day

OS:Schedule:Day,
  {b7e55538-f3de-4ea9-84b5-529c738eb205}, !- Handle
  exterior lighting schedule day 4,       !- Name
  {383444ce-e592-4689-81de-b50cc6c74ca3}, !- Schedule Type Limits Name
  ,                                       !- Interpolate to Timestep
  1,                                      !- Hour 1
  0,                                      !- Minute 1
  0.4,                                    !- Value Until Time 1
  3,                                      !- Hour 2
  0,                                      !- Minute 2
  0.37,                                   !- Value Until Time 2
  5,                                      !- Hour 3
  0,                                      !- Minute 3
  0.35,                                   !- Value Until Time 3
  6,                                      !- Hour 4
  0,                                      !- Minute 4
  0.39,                                   !- Value Until Time 4
  7,                                      !- Hour 5
  0,                                      !- Minute 5
  0.44,                                   !- Value Until Time 5
  8,                                      !- Hour 6
  0,                                      !- Minute 6
  0.41,                                   !- Value Until Time 6
  9,                                      !- Hour 7
  0,                                      !- Minute 7
  0.31,                                   !- Value Until Time 7
  10,                                     !- Hour 8
  0,                                      !- Minute 8
  0.25,                                   !- Value Until Time 8
  12,                                     !- Hour 9
  0,                                      !- Minute 9
  0.24,                                   !- Value Until Time 9
  13,                                     !- Hour 10
  0,                                      !- Minute 10
  0.25,                                   !- Value Until Time 10
  14,                                     !- Hour 11
  0,                                      !- Minute 11
  0.28,                                   !- Value Until Time 11
  15,                                     !- Hour 12
  0,                                      !- Minute 12
  0.3,                                    !- Value Until Time 12
  16,                                     !- Hour 13
  0,                                      !- Minute 13
  0.35,                                   !- Value Until Time 13
  17,                                     !- Hour 14
  0,                                      !- Minute 14
  0.44,                                   !- Value Until Time 14
  18,                                     !- Hour 15
  0,                                      !- Minute 15
  0.56,                                   !- Value Until Time 15
  19,                                     !- Hour 16
  0,                                      !- Minute 16
  0.64,                                   !- Value Until Time 16
  20,                                     !- Hour 17
  0,                                      !- Minute 17
  0.68,                                   !- Value Until Time 17
  21,                                     !- Hour 18
  0,                                      !- Minute 18
  0.7,                                    !- Value Until Time 18
  22,                                     !- Hour 19
  0,                                      !- Minute 19
  0.65,                                   !- Value Until Time 19
  23,                                     !- Hour 20
  0,                                      !- Minute 20
  0.56,                                   !- Value Until Time 20
  24,                                     !- Hour 21
  0,                                      !- Minute 21
  0.47;                                   !- Value Until Time 21

OS:Schedule:Rule,
  {028f8848-789e-48e8-827f-ab74a67571a2}, !- Handle
  exterior lighting schedule allday rule 5, !- Name
  {289b8bde-795c-4b09-a6df-fb23ce180d6f}, !- Schedule Ruleset Name
  6,                                      !- Rule Order
  {5f3239b7-5fd5-4d94-b4e9-b19be3e24f4e}, !- Day Schedule Name
  Yes,                                    !- Apply Sunday
  Yes,                                    !- Apply Monday
  Yes,                                    !- Apply Tuesday
  Yes,                                    !- Apply Wednesday
  Yes,                                    !- Apply Thursday
  Yes,                                    !- Apply Friday
  Yes,                                    !- Apply Saturday
  DateRange,                              !- Date Specification Type
  6,                                      !- Start Month
  1,                                      !- Start Day
  6,                                      !- End Month
  30;                                     !- End Day

OS:Schedule:Day,
  {5f3239b7-5fd5-4d94-b4e9-b19be3e24f4e}, !- Handle
  exterior lighting schedule day 5,       !- Name
  {383444ce-e592-4689-81de-b50cc6c74ca3}, !- Schedule Type Limits Name
  ,                                       !- Interpolate to Timestep
  1,                                      !- Hour 1
  0,                                      !- Minute 1
  0.380952380952381,                      !- Value Until Time 1
  3,                                      !- Hour 2
  0,                                      !- Minute 2
  0.352380952380952,                      !- Value Until Time 2
  5,                                      !- Hour 3
  0,                                      !- Minute 3
  0.333333333333333,                      !- Value Until Time 3
  6,                                      !- Hour 4
  0,                                      !- Minute 4
  0.371428571428571,                      !- Value Until Time 4
  7,                                      !- Hour 5
  0,                                      !- Minute 5
  0.419047619047619,                      !- Value Until Time 5
  8,                                      !- Hour 6
  0,                                      !- Minute 6
  0.39047619047619,                       !- Value Until Time 6
  9,                                      !- Hour 7
  0,                                      !- Minute 7
  0.295238095238095,                      !- Value Until Time 7
  10,                                     !- Hour 8
  0,                                      !- Minute 8
  0.238095238095238,                      !- Value Until Time 8
  12,                                     !- Hour 9
  0,                                      !- Minute 9
  0.228571428571429,                      !- Value Until Time 9
  13,                                     !- Hour 10
  0,                                      !- Minute 10
  0.238095238095238,                      !- Value Until Time 10
  14,                                     !- Hour 11
  0,                                      !- Minute 11
  0.266666666666667,                      !- Value Until Time 11
  15,                                     !- Hour 12
  0,                                      !- Minute 12
  0.285714285714286,                      !- Value Until Time 12
  16,                                     !- Hour 13
  0,                                      !- Minute 13
  0.333333333333333,                      !- Value Until Time 13
  17,                                     !- Hour 14
  0,                                      !- Minute 14
  0.419047619047619,                      !- Value Until Time 14
  18,                                     !- Hour 15
  0,                                      !- Minute 15
  0.533333333333333,                      !- Value Until Time 15
  19,                                     !- Hour 16
  0,                                      !- Minute 16
  0.609523809523809,                      !- Value Until Time 16
  20,                                     !- Hour 17
  0,                                      !- Minute 17
  0.647619047619048,                      !- Value Until Time 17
  21,                                     !- Hour 18
  0,                                      !- Minute 18
  0.666666666666667,                      !- Value Until Time 18
  22,                                     !- Hour 19
  0,                                      !- Minute 19
  0.619047619047619,                      !- Value Until Time 19
  23,                                     !- Hour 20
  0,                                      !- Minute 20
  0.533333333333333,                      !- Value Until Time 20
  24,                                     !- Hour 21
  0,                                      !- Minute 21
  0.447619047619048;                      !- Value Until Time 21

OS:Schedule:Rule,
  {99c095a7-df65-4154-8683-614d745c5ddf}, !- Handle
  exterior lighting schedule allday rule 6, !- Name
  {289b8bde-795c-4b09-a6df-fb23ce180d6f}, !- Schedule Ruleset Name
  5,                                      !- Rule Order
  {66f38a08-c3c0-42cc-857a-a1f049890a9a}, !- Day Schedule Name
  Yes,                                    !- Apply Sunday
  Yes,                                    !- Apply Monday
  Yes,                                    !- Apply Tuesday
  Yes,                                    !- Apply Wednesday
  Yes,                                    !- Apply Thursday
  Yes,                                    !- Apply Friday
  Yes,                                    !- Apply Saturday
  DateRange,                              !- Date Specification Type
  7,                                      !- Start Month
  1,                                      !- Start Day
  7,                                      !- End Month
  31;                                     !- End Day

OS:Schedule:Day,
  {66f38a08-c3c0-42cc-857a-a1f049890a9a}, !- Handle
  exterior lighting schedule day 6,       !- Name
  {383444ce-e592-4689-81de-b50cc6c74ca3}, !- Schedule Type Limits Name
  ,                                       !- Interpolate to Timestep
  1,                                      !- Hour 1
  0,                                      !- Minute 1
  0.39047619047619,                       !- Value Until Time 1
  3,                                      !- Hour 2
  0,                                      !- Minute 2
  0.361190476190476,                      !- Value Until Time 2
  5,                                      !- Hour 3
  0,                                      !- Minute 3
  0.341666666666667,                      !- Value Until Time 3
  6,                                      !- Hour 4
  0,                                      !- Minute 4
  0.380714285714286,                      !- Value Until Time 4
  7,                                      !- Hour 5
  0,                                      !- Minute 5
  0.429523809523809,                      !- Value Until Time 5
  8,                                      !- Hour 6
  0,                                      !- Minute 6
  0.400238095238095,                      !- Value Until Time 6
  9,                                      !- Hour 7
  0,                                      !- Minute 7
  0.302619047619048,                      !- Value Until Time 7
  10,                                     !- Hour 8
  0,                                      !- Minute 8
  0.244047619047619,                      !- Value Until Time 8
  12,                                     !- Hour 9
  0,                                      !- Minute 9
  0.234285714285714,                      !- Value Until Time 9
  13,                                     !- Hour 10
  0,                                      !- Minute 10
  0.244047619047619,                      !- Value Until Time 10
  14,                                     !- Hour 11
  0,                                      !- Minute 11
  0.273333333333333,                      !- Value Until Time 11
  15,                                     !- Hour 12
  0,                                      !- Minute 12
  0.292857142857143,                      !- Value Until Time 12
  16,                                     !- Hour 13
  0,                                      !- Minute 13
  0.341666666666667,                      !- Value Until Time 13
  17,                                     !- Hour 14
  0,                                      !- Minute 14
  0.429523809523809,                      !- Value Until Time 14
  18,                                     !- Hour 15
  0,                                      !- Minute 15
  0.546666666666667,                      !- Value Until Time 15
  19,                                     !- Hour 16
  0,                                      !- Minute 16
  0.624761904761905,                      !- Value Until Time 16
  20,                                     !- Hour 17
  0,                                      !- Minute 17
  0.663809523809524,                      !- Value Until Time 17
  21,                                     !- Hour 18
  0,                                      !- Minute 18
  0.683333333333333,                      !- Value Until Time 18
  22,                                     !- Hour 19
  0,                                      !- Minute 19
  0.634523809523809,                      !- Value Until Time 19
  23,                                     !- Hour 20
  0,                                      !- Minute 20
  0.546666666666667,                      !- Value Until Time 20
  24,                                     !- Hour 21
  0,                                      !- Minute 21
  0.458809523809524;                      !- Value Until Time 21

OS:Schedule:Rule,
  {4c55d98b-da29-45f7-a032-74acf2e2f87d}, !- Handle
  exterior lighting schedule allday rule 7, !- Name
  {289b8bde-795c-4b09-a6df-fb23ce180d6f}, !- Schedule Ruleset Name
  4,                                      !- Rule Order
  {0458245e-86f2-4749-8110-dac10dd2627f}, !- Day Schedule Name
  Yes,                                    !- Apply Sunday
  Yes,                                    !- Apply Monday
  Yes,                                    !- Apply Tuesday
  Yes,                                    !- Apply Wednesday
  Yes,                                    !- Apply Thursday
  Yes,                                    !- Apply Friday
  Yes,                                    !- Apply Saturday
  DateRange,                              !- Date Specification Type
  8,                                      !- Start Month
  1,                                      !- Start Day
  8,                                      !- End Month
  31;                                     !- End Day

OS:Schedule:Day,
  {0458245e-86f2-4749-8110-dac10dd2627f}, !- Handle
  exterior lighting schedule day 7,       !- Name
  {383444ce-e592-4689-81de-b50cc6c74ca3}, !- Schedule Type Limits Name
  ,                                       !- Interpolate to Timestep
  1,                                      !- Hour 1
  0,                                      !- Minute 1
  0.419047619047619,                      !- Value Until Time 1
  3,                                      !- Hour 2
  0,                                      !- Minute 2
  0.387619047619048,                      !- Value Until Time 2
  5,                                      !- Hour 3
  0,                                      !- Minute 3
  0.366666666666667,                      !- Value Until Time 3
  6,                                      !- Hour 4
  0,                                      !- Minute 4
  0.408571428571429,                      !- Value Until Time 4
  7,                                      !- Hour 5
  0,                                      !- Minute 5
  0.460952380952381,                      !- Value Until Time 5
  8,                                      !- Hour 6
  0,                                      !- Minute 6
  0.42952380952381,                       !- Value Until Time 6
  9,                                      !- Hour 7
  0,                                      !- Minute 7
  0.324761904761905,                      !- Value Until Time 7
  10,                                     !- Hour 8
  0,                                      !- Minute 8
  0.261904761904762,                      !- Value Until Time 8
  12,                                     !- Hour 9
  0,                                      !- Minute 9
  0.251428571428571,                      !- Value Until Time 9
  13,                                     !- Hour 10
  0,                                      !- Minute 10
  0.261904761904762,                      !- Value Until Time 10
  14,                                     !- Hour 11
  0,                                      !- Minute 11
  0.293333333333333,                      !- Value Until Time 11
  15,                                     !- Hour 12
  0,                                      !- Minute 12
  0.314285714285714,                      !- Value Until Time 12
  16,                                     !- Hour 13
  0,                                      !- Minute 13
  0.366666666666667,                      !- Value Until Time 13
  17,                                     !- Hour 14
  0,                                      !- Minute 14
  0.460952380952381,                      !- Value Until Time 14
  18,                                     !- Hour 15
  0,                                      !- Minute 15
  0.586666666666667,                      !- Value Until Time 15
  19,                                     !- Hour 16
  0,                                      !- Minute 16
  0.67047619047619,                       !- Value Until Time 16
  20,                                     !- Hour 17
  0,                                      !- Minute 17
  0.712380952380952,                      !- Value Until Time 17
  21,                                     !- Hour 18
  0,                                      !- Minute 18
  0.733333333333333,                      !- Value Until Time 18
  22,                                     !- Hour 19
  0,                                      !- Minute 19
  0.680952380952381,                      !- Value Until Time 19
  23,                                     !- Hour 20
  0,                                      !- Minute 20
  0.586666666666667,                      !- Value Until Time 20
  24,                                     !- Hour 21
  0,                                      !- Minute 21
  0.492380952380952;                      !- Value Until Time 21

OS:Schedule:Rule,
  {a204a4b5-c1c6-4345-8c91-d4e1cf3fea96}, !- Handle
  exterior lighting schedule allday rule 8, !- Name
  {289b8bde-795c-4b09-a6df-fb23ce180d6f}, !- Schedule Ruleset Name
  3,                                      !- Rule Order
  {094c09e4-1fca-4110-854c-d4285eb3c336}, !- Day Schedule Name
  Yes,                                    !- Apply Sunday
  Yes,                                    !- Apply Monday
  Yes,                                    !- Apply Tuesday
  Yes,                                    !- Apply Wednesday
  Yes,                                    !- Apply Thursday
  Yes,                                    !- Apply Friday
  Yes,                                    !- Apply Saturday
  DateRange,                              !- Date Specification Type
  9,                                      !- Start Month
  1,                                      !- Start Day
  9,                                      !- End Month
  30;                                     !- End Day

OS:Schedule:Day,
  {094c09e4-1fca-4110-854c-d4285eb3c336}, !- Handle
  exterior lighting schedule day 8,       !- Name
  {383444ce-e592-4689-81de-b50cc6c74ca3}, !- Schedule Type Limits Name
  ,                                       !- Interpolate to Timestep
  1,                                      !- Hour 1
  0,                                      !- Minute 1
  0.466666666666667,                      !- Value Until Time 1
  3,                                      !- Hour 2
  0,                                      !- Minute 2
  0.431666666666667,                      !- Value Until Time 2
  5,                                      !- Hour 3
  0,                                      !- Minute 3
  0.408333333333333,                      !- Value Until Time 3
  6,                                      !- Hour 4
  0,                                      !- Minute 4
  0.455,                                  !- Value Until Time 4
  7,                                      !- Hour 5
  0,                                      !- Minute 5
  0.513333333333333,                      !- Value Until Time 5
  8,                                      !- Hour 6
  0,                                      !- Minute 6
  0.478333333333333,                      !- Value Until Time 6
  9,                                      !- Hour 7
  0,                                      !- Minute 7
  0.361666666666667,                      !- Value Until Time 7
  10,                                     !- Hour 8
  0,                                      !- Minute 8
  0.291666666666667,                      !- Value Until Time 8
  12,                                     !- Hour 9
  0,                                      !- Minute 9
  0.28,                                   !- Value Until Time 9
  13,                                     !- Hour 10
  0,                                      !- Minute 10
  0.291666666666667,                      !- Value Until Time 10
  14,                                     !- Hour 11
  0,                                      !- Minute 11
  0.326666666666667,                      !- Value Until Time 11
  15,                                     !- Hour 12
  0,                                      !- Minute 12
  0.35,                                   !- Value Until Time 12
  16,                                     !- Hour 13
  0,                                      !- Minute 13
  0.408333333333333,                      !- Value Until Time 13
  17,                                     !- Hour 14
  0,                                      !- Minute 14
  0.513333333333333,                      !- Value Until Time 14
  18,                                     !- Hour 15
  0,                                      !- Minute 15
  0.653333333333333,                      !- Value Until Time 15
  19,                                     !- Hour 16
  0,                                      !- Minute 16
  0.746666666666667,                      !- Value Until Time 16
  20,                                     !- Hour 17
  0,                                      !- Minute 17
  0.793333333333333,                      !- Value Until Time 17
  21,                                     !- Hour 18
  0,                                      !- Minute 18
  0.816666666666667,                      !- Value Until Time 18
  22,                                     !- Hour 19
  0,                                      !- Minute 19
  0.758333333333333,                      !- Value Until Time 19
  23,                                     !- Hour 20
  0,                                      !- Minute 20
  0.653333333333333,                      !- Value Until Time 20
  24,                                     !- Hour 21
  0,                                      !- Minute 21
  0.548333333333333;                      !- Value Until Time 21

OS:Schedule:Rule,
  {1823c7f0-1d0e-4997-871c-ec1f190c6726}, !- Handle
  exterior lighting schedule allday rule 9, !- Name
  {289b8bde-795c-4b09-a6df-fb23ce180d6f}, !- Schedule Ruleset Name
  2,                                      !- Rule Order
  {8f8106a9-7892-483b-83ec-b0c38dabbc47}, !- Day Schedule Name
  Yes,                                    !- Apply Sunday
  Yes,                                    !- Apply Monday
  Yes,                                    !- Apply Tuesday
  Yes,                                    !- Apply Wednesday
  Yes,                                    !- Apply Thursday
  Yes,                                    !- Apply Friday
  Yes,                                    !- Apply Saturday
  DateRange,                              !- Date Specification Type
  10,                                     !- Start Month
  1,                                      !- Start Day
  10,                                     !- End Month
  31;                                     !- End Day

OS:Schedule:Day,
  {8f8106a9-7892-483b-83ec-b0c38dabbc47}, !- Handle
  exterior lighting schedule day 9,       !- Name
  {383444ce-e592-4689-81de-b50cc6c74ca3}, !- Schedule Type Limits Name
  ,                                       !- Interpolate to Timestep
  1,                                      !- Hour 1
  0,                                      !- Minute 1
  0.50952380952381,                       !- Value Until Time 1
  3,                                      !- Hour 2
  0,                                      !- Minute 2
  0.471309523809524,                      !- Value Until Time 2
  5,                                      !- Hour 3
  0,                                      !- Minute 3
  0.445833333333333,                      !- Value Until Time 3
  6,                                      !- Hour 4
  0,                                      !- Minute 4
  0.496785714285714,                      !- Value Until Time 4
  7,                                      !- Hour 5
  0,                                      !- Minute 5
  0.56047619047619,                       !- Value Until Time 5
  8,                                      !- Hour 6
  0,                                      !- Minute 6
  0.522261904761905,                      !- Value Until Time 6
  9,                                      !- Hour 7
  0,                                      !- Minute 7
  0.394880952380952,                      !- Value Until Time 7
  10,                                     !- Hour 8
  0,                                      !- Minute 8
  0.318452380952381,                      !- Value Until Time 8
  12,                                     !- Hour 9
  0,                                      !- Minute 9
  0.305714285714286,                      !- Value Until Time 9
  13,                                     !- Hour 10
  0,                                      !- Minute 10
  0.318452380952381,                      !- Value Until Time 10
  14,                                     !- Hour 11
  0,                                      !- Minute 11
  0.356666666666667,                      !- Value Until Time 11
  15,                                     !- Hour 12
  0,                                      !- Minute 12
  0.382142857142857,                      !- Value Until Time 12
  16,                                     !- Hour 13
  0,                                      !- Minute 13
  0.445833333333333,                      !- Value Until Time 13
  17,                                     !- Hour 14
  0,                                      !- Minute 14
  0.56047619047619,                       !- Value Until Time 14
  18,                                     !- Hour 15
  0,                                      !- Minute 15
  0.713333333333333,                      !- Value Until Time 15
  19,                                     !- Hour 16
  0,                                      !- Minute 16
  0.815238095238095,                      !- Value Until Time 16
  20,                                     !- Hour 17
  0,                                      !- Minute 17
  0.866190476190476,                      !- Value Until Time 17
  21,                                     !- Hour 18
  0,                                      !- Minute 18
  0.891666666666667,                      !- Value Until Time 18
  22,                                     !- Hour 19
  0,                                      !- Minute 19
  0.82797619047619,                       !- Value Until Time 19
  23,                                     !- Hour 20
  0,                                      !- Minute 20
  0.713333333333333,                      !- Value Until Time 20
  24,                                     !- Hour 21
  0,                                      !- Minute 21
  0.598690476190476;                      !- Value Until Time 21

OS:Schedule:Rule,
  {9b05ab56-3b6d-4e84-83f8-ed5443df6b2e}, !- Handle
  exterior lighting schedule allday rule 10, !- Name
  {289b8bde-795c-4b09-a6df-fb23ce180d6f}, !- Schedule Ruleset Name
  1,                                      !- Rule Order
  {9136d62c-7b36-4d14-8a53-0ed379f57b8e}, !- Day Schedule Name
  Yes,                                    !- Apply Sunday
  Yes,                                    !- Apply Monday
  Yes,                                    !- Apply Tuesday
  Yes,                                    !- Apply Wednesday
  Yes,                                    !- Apply Thursday
  Yes,                                    !- Apply Friday
  Yes,                                    !- Apply Saturday
  DateRange,                              !- Date Specification Type
  11,                                     !- Start Month
  1,                                      !- Start Day
  11,                                     !- End Month
  30;                                     !- End Day

OS:Schedule:Day,
  {9136d62c-7b36-4d14-8a53-0ed379f57b8e}, !- Handle
  exterior lighting schedule day 10,      !- Name
  {383444ce-e592-4689-81de-b50cc6c74ca3}, !- Schedule Type Limits Name
  ,                                       !- Interpolate to Timestep
  1,                                      !- Hour 1
  0,                                      !- Minute 1
  0.552380952380952,                      !- Value Until Time 1
  3,                                      !- Hour 2
  0,                                      !- Minute 2
  0.510952380952381,                      !- Value Until Time 2
  5,                                      !- Hour 3
  0,                                      !- Minute 3
  0.483333333333333,                      !- Value Until Time 3
  6,                                      !- Hour 4
  0,                                      !- Minute 4
  0.538571428571428,                      !- Value Until Time 4
  7,                                      !- Hour 5
  0,                                      !- Minute 5
  0.607619047619048,                      !- Value Until Time 5
  8,                                      !- Hour 6
  0,                                      !- Minute 6
  0.566190476190476,                      !- Value Until Time 6
  9,                                      !- Hour 7
  0,                                      !- Minute 7
  0.428095238095238,                      !- Value Until Time 7
  10,                                     !- Hour 8
  0,                                      !- Minute 8
  0.345238095238095,                      !- Value Until Time 8
  12,                                     !- Hour 9
  0,                                      !- Minute 9
  0.331428571428571,                      !- Value Until Time 9
  13,                                     !- Hour 10
  0,                                      !- Minute 10
  0.345238095238095,                      !- Value Until Time 10
  14,                                     !- Hour 11
  0,                                      !- Minute 11
  0.386666666666667,                      !- Value Until Time 11
  15,                                     !- Hour 12
  0,                                      !- Minute 12
  0.414285714285714,                      !- Value Until Time 12
  16,                                     !- Hour 13
  0,                                      !- Minute 13
  0.483333333333333,                      !- Value Until Time 13
  17,                                     !- Hour 14
  0,                                      !- Minute 14
  0.607619047619048,                      !- Value Until Time 14
  18,                                     !- Hour 15
  0,                                      !- Minute 15
  0.773333333333333,                      !- Value Until Time 15
  19,                                     !- Hour 16
  0,                                      !- Minute 16
  0.883809523809524,                      !- Value Until Time 16
  20,                                     !- Hour 17
  0,                                      !- Minute 17
  0.939047619047619,                      !- Value Until Time 17
  21,                                     !- Hour 18
  0,                                      !- Minute 18
  0.966666666666667,                      !- Value Until Time 18
  22,                                     !- Hour 19
  0,                                      !- Minute 19
  0.897619047619048,                      !- Value Until Time 19
  23,                                     !- Hour 20
  0,                                      !- Minute 20
  0.773333333333333,                      !- Value Until Time 20
  24,                                     !- Hour 21
  0,                                      !- Minute 21
  0.649047619047619;                      !- Value Until Time 21

OS:Schedule:Rule,
  {f222d3cc-8ee9-47d2-9e88-b2b66dd2f16d}, !- Handle
  exterior lighting schedule allday rule 11, !- Name
  {289b8bde-795c-4b09-a6df-fb23ce180d6f}, !- Schedule Ruleset Name
  0,                                      !- Rule Order
  {cf51237f-92e7-4d47-8ebe-2ee77a69e218}, !- Day Schedule Name
  Yes,                                    !- Apply Sunday
  Yes,                                    !- Apply Monday
  Yes,                                    !- Apply Tuesday
  Yes,                                    !- Apply Wednesday
  Yes,                                    !- Apply Thursday
  Yes,                                    !- Apply Friday
  Yes,                                    !- Apply Saturday
  DateRange,                              !- Date Specification Type
  12,                                     !- Start Month
  1,                                      !- Start Day
  12,                                     !- End Month
  31;                                     !- End Day

OS:Schedule:Day,
  {cf51237f-92e7-4d47-8ebe-2ee77a69e218}, !- Handle
  exterior lighting schedule day 11,      !- Name
  {383444ce-e592-4689-81de-b50cc6c74ca3}, !- Schedule Type Limits Name
  ,                                       !- Interpolate to Timestep
  1,                                      !- Hour 1
  0,                                      !- Minute 1
  0.571428571428571,                      !- Value Until Time 1
  3,                                      !- Hour 2
  0,                                      !- Minute 2
  0.528571428571428,                      !- Value Until Time 2
  5,                                      !- Hour 3
  0,                                      !- Minute 3
  0.5,                                    !- Value Until Time 3
  6,                                      !- Hour 4
  0,                                      !- Minute 4
  0.557142857142857,                      !- Value Until Time 4
  7,                                      !- Hour 5
  0,                                      !- Minute 5
  0.628571428571428,                      !- Value Until Time 5
  8,                                      !- Hour 6
  0,                                      !- Minute 6
  0.585714285714286,                      !- Value Until Time 6
  9,                                      !- Hour 7
  0,                                      !- Minute 7
  0.442857142857143,                      !- Value Until Time 7
  10,                                     !- Hour 8
  0,                                      !- Minute 8
  0.357142857142857,                      !- Value Until Time 8
  12,                                     !- Hour 9
  0,                                      !- Minute 9
  0.342857142857143,                      !- Value Until Time 9
  13,                                     !- Hour 10
  0,                                      !- Minute 10
  0.357142857142857,                      !- Value Until Time 10
  14,                                     !- Hour 11
  0,                                      !- Minute 11
  0.4,                                    !- Value Until Time 11
  15,                                     !- Hour 12
  0,                                      !- Minute 12
  0.428571428571428,                      !- Value Until Time 12
  16,                                     !- Hour 13
  0,                                      !- Minute 13
  0.5,                                    !- Value Until Time 13
  17,                                     !- Hour 14
  0,                                      !- Minute 14
  0.628571428571428,                      !- Value Until Time 14
  18,                                     !- Hour 15
  0,                                      !- Minute 15
  0.8,                                    !- Value Until Time 15
  19,                                     !- Hour 16
  0,                                      !- Minute 16
  0.914285714285714,                      !- Value Until Time 16
  20,                                     !- Hour 17
  0,                                      !- Minute 17
  0.971428571428571,                      !- Value Until Time 17
  21,                                     !- Hour 18
  0,                                      !- Minute 18
  1,                                      !- Value Until Time 18
  22,                                     !- Hour 19
  0,                                      !- Minute 19
  0.928571428571428,                      !- Value Until Time 19
  23,                                     !- Hour 20
  0,                                      !- Minute 20
  0.8,                                    !- Value Until Time 20
  24,                                     !- Hour 21
  0,                                      !- Minute 21
  0.671428571428571;                      !- Value Until Time 21

OS:Exterior:Lights:Definition,
  {7f3f08c0-a6ea-4cdc-bec4-cd68098167e9}, !- Handle
  exterior lighting,                      !- Name
  6.01808219178082;                       !- Design Level {W}

OS:Exterior:Lights,
  {b6018d58-d5cb-47db-9eef-04375b89a474}, !- Handle
  exterior lighting,                      !- Name
  {7f3f08c0-a6ea-4cdc-bec4-cd68098167e9}, !- Exterior Lights Definition Name
  {289b8bde-795c-4b09-a6df-fb23ce180d6f}, !- Schedule Name
  ,                                       !- Control Option
  ,                                       !- Multiplier
  exterior lighting;                      !- End-Use Subcategory

OS:Schedule:File,
  {fc8c9521-1af3-4d62-9502-10dadf1072c7}, !- Handle
  plug_loads_tv,                          !- Name
  {383444ce-e592-4689-81de-b50cc6c74ca3}, !- Schedule Type Limits Name
  {b2c3291a-c6d5-493f-8af2-55a8426c7d8d}, !- External File Name
  3,                                      !- Column Number
  1,                                      !- Rows to Skip at Top
  8760,                                   !- Number of Hours of Data
  ,                                       !- Column Separator
  Yes,                                    !- Interpolate to Timestep
  15,                                     !- Minutes per Item
  ,                                       !- Adjust Schedule for Daylight Savings
  Yes;                                    !- Translate File With Relative Path

OS:ElectricEquipment:Definition,
  {55e17009-ebdc-4cda-b9fe-9aced80b3ba0}, !- Handle
  misc tv,                                !- Name
  EquipmentLevel,                         !- Design Level Calculation Method
  1137.45191583724,                       !- Design Level {W}
  ,                                       !- Watts per Space Floor Area {W/m2}
  ,                                       !- Watts per Person {W/person}
  0,                                      !- Fraction Latent
  0.6,                                    !- Fraction Radiant
  0;                                      !- Fraction Lost

OS:ElectricEquipment,
  {c2afc723-3051-439f-8305-a2956cd1f629}, !- Handle
  misc tv,                                !- Name
  {55e17009-ebdc-4cda-b9fe-9aced80b3ba0}, !- Electric Equipment Definition Name
  {07609d97-2580-4575-9dfc-ffbe3579d777}, !- Space or SpaceType Name
  {fc8c9521-1af3-4d62-9502-10dadf1072c7}, !- Schedule Name
  ,                                       !- Multiplier
  misc tv;                                !- End-Use Subcategory

OS:Schedule:File,
  {3ad0b242-81a3-4871-a7d5-a64db86d169a}, !- Handle
  plug_loads_other,                       !- Name
  {383444ce-e592-4689-81de-b50cc6c74ca3}, !- Schedule Type Limits Name
  {b2c3291a-c6d5-493f-8af2-55a8426c7d8d}, !- External File Name
  2,                                      !- Column Number
  1,                                      !- Rows to Skip at Top
  8760,                                   !- Number of Hours of Data
  ,                                       !- Column Separator
  Yes,                                    !- Interpolate to Timestep
  15,                                     !- Minutes per Item
  ,                                       !- Adjust Schedule for Daylight Savings
  Yes;                                    !- Translate File With Relative Path

OS:ElectricEquipment:Definition,
  {9c747de0-a679-446d-b4da-3ed87acdbd61}, !- Handle
  misc plug loads,                        !- Name
  EquipmentLevel,                         !- Design Level Calculation Method
  519.566160970095,                       !- Design Level {W}
  ,                                       !- Watts per Space Floor Area {W/m2}
  ,                                       !- Watts per Person {W/person}
  0.021,                                  !- Fraction Latent
  0.558,                                  !- Fraction Radiant
  0.0489999999999999;                     !- Fraction Lost

OS:ElectricEquipment,
  {9775a06b-7a40-43a1-add3-c8ae05f0ac54}, !- Handle
  misc plug loads,                        !- Name
  {9c747de0-a679-446d-b4da-3ed87acdbd61}, !- Electric Equipment Definition Name
  {07609d97-2580-4575-9dfc-ffbe3579d777}, !- Space or SpaceType Name
  {3ad0b242-81a3-4871-a7d5-a64db86d169a}, !- Schedule Name
  ,                                       !- Multiplier
  misc plug loads;                        !- End-Use Subcategory

OS:Schedule:File,
  {0450ef3c-304f-4db1-84f5-953582009502}, !- Handle
  occupants,                              !- Name
  {383444ce-e592-4689-81de-b50cc6c74ca3}, !- Schedule Type Limits Name
  {b2c3291a-c6d5-493f-8af2-55a8426c7d8d}, !- External File Name
  1,                                      !- Column Number
  1,                                      !- Rows to Skip at Top
  8760,                                   !- Number of Hours of Data
  ,                                       !- Column Separator
  Yes,                                    !- Interpolate to Timestep
  15,                                     !- Minutes per Item
  ,                                       !- Adjust Schedule for Daylight Savings
  Yes;                                    !- Translate File With Relative Path

OS:Schedule:Constant,
  {9c64b93c-cdc3-4abe-85ce-74e6b6f7c265}, !- Handle
  occupants activity schedule,            !- Name
  {4c45c4ca-7ec2-47f9-8545-9cc58aa40641}, !- Schedule Type Limits Name
  117.228428068889;                       !- Value

OS:People:Definition,
  {9c9725fa-ed10-4147-af6a-6ed3d8fca0f4}, !- Handle
  occupants,                              !- Name
  People,                                 !- Number of People Calculation Method
  2,                                      !- Number of People {people}
  ,                                       !- People per Space Floor Area {person/m2}
  ,                                       !- Space Floor Area per Person {m2/person}
  0.314170909090909,                      !- Fraction Radiant
  0.563030303030303,                      !- Sensible Heat Fraction
  0,                                      !- Carbon Dioxide Generation Rate {m3/s-W}
  No,                                     !- Enable ASHRAE 55 Comfort Warnings
  EnclosureAveraged;                      !- Mean Radiant Temperature Calculation Type

OS:People,
  {973f80b4-71d2-46c4-9771-b73896a4665d}, !- Handle
  occupants,                              !- Name
  {9c9725fa-ed10-4147-af6a-6ed3d8fca0f4}, !- People Definition Name
  {07609d97-2580-4575-9dfc-ffbe3579d777}, !- Space or SpaceType Name
  {0450ef3c-304f-4db1-84f5-953582009502}, !- Number of People Schedule Name
  {9c64b93c-cdc3-4abe-85ce-74e6b6f7c265}, !- Activity Level Schedule Name
  ,                                       !- Surface Name/Angle Factor List Name
  ,                                       !- Work Efficiency Schedule Name
  ,                                       !- Clothing Insulation Schedule Name
  ,                                       !- Air Velocity Schedule Name
  1;                                      !- Multiplier

OS:ScheduleTypeLimits,
  {4c45c4ca-7ec2-47f9-8545-9cc58aa40641}, !- Handle
  ActivityLevel,                          !- Name
  0,                                      !- Lower Limit Value
  ,                                       !- Upper Limit Value
  Continuous,                             !- Numeric Type
  ActivityLevel;                          !- Unit Type

OS:Schedule:Ruleset,
  {48bde9be-8cc6-4daa-a166-127c39abf649}, !- Handle
  general water use schedule,             !- Name
  {383444ce-e592-4689-81de-b50cc6c74ca3}, !- Schedule Type Limits Name
  {ac1565a1-b248-48e9-8b5b-3ae23395d575}; !- Default Day Schedule Name

OS:Schedule:Day,
  {ac1565a1-b248-48e9-8b5b-3ae23395d575}, !- Handle
  general water use schedule default day, !- Name
  {383444ce-e592-4689-81de-b50cc6c74ca3}, !- Schedule Type Limits Name
  ,                                       !- Interpolate to Timestep
  24,                                     !- Hour 1
  0,                                      !- Minute 1
  0;                                      !- Value Until Time 1

OS:Schedule:Rule,
  {e8d45d14-d3d1-412f-aa98-eb72dd9fa363}, !- Handle
  general water use schedule allday rule, !- Name
  {48bde9be-8cc6-4daa-a166-127c39abf649}, !- Schedule Ruleset Name
  0,                                      !- Rule Order
  {41efc17b-0a69-475c-8dac-8e8ef19df27b}, !- Day Schedule Name
  Yes,                                    !- Apply Sunday
  Yes,                                    !- Apply Monday
  Yes,                                    !- Apply Tuesday
  Yes,                                    !- Apply Wednesday
  Yes,                                    !- Apply Thursday
  Yes,                                    !- Apply Friday
  Yes,                                    !- Apply Saturday
  DateRange,                              !- Date Specification Type
  1,                                      !- Start Month
  1,                                      !- Start Day
  12,                                     !- End Month
  31;                                     !- End Day

OS:Schedule:Day,
  {41efc17b-0a69-475c-8dac-8e8ef19df27b}, !- Handle
  general water use schedule day,         !- Name
  {383444ce-e592-4689-81de-b50cc6c74ca3}, !- Schedule Type Limits Name
  ,                                       !- Interpolate to Timestep
  1,                                      !- Hour 1
  0,                                      !- Minute 1
  0.315068493150685,                      !- Value Until Time 1
  3,                                      !- Hour 2
  0,                                      !- Minute 2
  0.287671232876712,                      !- Value Until Time 2
  4,                                      !- Hour 3
  0,                                      !- Minute 3
  0.342465753424658,                      !- Value Until Time 3
  5,                                      !- Hour 4
  0,                                      !- Minute 4
  0.36986301369863,                       !- Value Until Time 4
  6,                                      !- Hour 5
  0,                                      !- Minute 5
  0.520547945205479,                      !- Value Until Time 5
  7,                                      !- Hour 6
  0,                                      !- Minute 6
  0.602739726027397,                      !- Value Until Time 6
  8,                                      !- Hour 7
  0,                                      !- Minute 7
  0.534246575342466,                      !- Value Until Time 7
  10,                                     !- Hour 8
  0,                                      !- Minute 8
  0.506849315068493,                      !- Value Until Time 8
  11,                                     !- Hour 9
  0,                                      !- Minute 9
  0.465753424657534,                      !- Value Until Time 9
  14,                                     !- Hour 10
  0,                                      !- Minute 10
  0.479452054794521,                      !- Value Until Time 10
  15,                                     !- Hour 11
  0,                                      !- Minute 11
  0.534246575342466,                      !- Value Until Time 11
  16,                                     !- Hour 12
  0,                                      !- Minute 12
  0.589041095890411,                      !- Value Until Time 12
  17,                                     !- Hour 13
  0,                                      !- Minute 13
  0.698630136986301,                      !- Value Until Time 13
  18,                                     !- Hour 14
  0,                                      !- Minute 14
  0.876712328767123,                      !- Value Until Time 14
  19,                                     !- Hour 15
  0,                                      !- Minute 15
  0.89041095890411,                       !- Value Until Time 15
  20,                                     !- Hour 16
  0,                                      !- Minute 16
  0.986301369863014,                      !- Value Until Time 16
  21,                                     !- Hour 17
  0,                                      !- Minute 17
  1,                                      !- Value Until Time 17
  22,                                     !- Hour 18
  0,                                      !- Minute 18
  0.863013698630137,                      !- Value Until Time 18
  23,                                     !- Hour 19
  0,                                      !- Minute 19
  0.616438356164384,                      !- Value Until Time 19
  24,                                     !- Hour 20
  0,                                      !- Minute 20
  0.465753424657534;                      !- Value Until Time 20

OS:OtherEquipment:Definition,
  {d1ec4a69-493b-42d4-af4b-10ebb178d8ec}, !- Handle
  general water use sensible,             !- Name
  EquipmentLevel,                         !- Design Level Calculation Method
  -40.42602999265,                        !- Design Level {W}
  ,                                       !- Watts per Space Floor Area {W/m2}
  ,                                       !- Watts per Person {W/Person}
  0,                                      !- Fraction Latent
  0.6,                                    !- Fraction Radiant
  0;                                      !- Fraction Lost

OS:OtherEquipment,
  {d7ba1349-8611-4cfe-a425-c38af6c01531}, !- Handle
  general water use sensible,             !- Name
  {d1ec4a69-493b-42d4-af4b-10ebb178d8ec}, !- Other Equipment Definition Name
  {07609d97-2580-4575-9dfc-ffbe3579d777}, !- Space or SpaceType Name
  {48bde9be-8cc6-4daa-a166-127c39abf649}, !- Schedule Name
  ,                                       !- Multiplier
  ,                                       !- Fuel Type
  general water use sensible;             !- End-Use Subcategory

OS:OtherEquipment:Definition,
  {a577c764-580f-4bc3-bec3-ff0b17cdd906}, !- Handle
  general water use latent,               !- Name
  EquipmentLevel,                         !- Design Level Calculation Method
  41.0190768874077,                       !- Design Level {W}
  ,                                       !- Watts per Space Floor Area {W/m2}
  ,                                       !- Watts per Person {W/Person}
  1,                                      !- Fraction Latent
  0,                                      !- Fraction Radiant
  0;                                      !- Fraction Lost

OS:OtherEquipment,
  {b809d4ea-f2a1-474b-966c-79ba0fd57060}, !- Handle
  general water use latent,               !- Name
  {a577c764-580f-4bc3-bec3-ff0b17cdd906}, !- Other Equipment Definition Name
  {07609d97-2580-4575-9dfc-ffbe3579d777}, !- Space or SpaceType Name
  {48bde9be-8cc6-4daa-a166-127c39abf649}, !- Schedule Name
  ,                                       !- Multiplier
  ,                                       !- Fuel Type
  general water use latent;               !- End-Use Subcategory

OS:EnergyManagementSystem:Sensor,
  {0e0d69bf-0bd6-4122-9773-3a0fc09190e8}, !- Handle
  out_pb_s,                               !- Name
  ,                                       !- Output Variable or Output Meter Index Key Name
  Site Outdoor Air Barometric Pressure;   !- Output Variable or Output Meter Name

OS:EnergyManagementSystem:Sensor,
  {2e12cc7a-5b0a-4f11-923b-35f92305f6a9}, !- Handle
  out_wt_s,                               !- Name
  ,                                       !- Output Variable or Output Meter Index Key Name
  Site Outdoor Air Humidity Ratio;        !- Output Variable or Output Meter Name

OS:EnergyManagementSystem:Sensor,
  {4b774595-38e6-42d7-93a9-3fda79245bdb}, !- Handle
  win_s,                                  !- Name
  conditioned space,                      !- Output Variable or Output Meter Index Key Name
  Zone Air Humidity Ratio;                !- Output Variable or Output Meter Name

OS:EnergyManagementSystem:Sensor,
  {cc41f2fa-cdee-4727-8549-da096ccdbb1a}, !- Handle
  site_vw_s,                              !- Name
  ,                                       !- Output Variable or Output Meter Index Key Name
  Site Wind Speed;                        !- Output Variable or Output Meter Name

OS:EnergyManagementSystem:Sensor,
  {420770e9-5cb1-42e2-881b-d8c0caf24f7e}, !- Handle
  tin_s,                                  !- Name
  conditioned space,                      !- Output Variable or Output Meter Index Key Name
  Zone Mean Air Temperature;              !- Output Variable or Output Meter Name

OS:EnergyManagementSystem:Sensor,
  {45fc0a7f-f5f5-4533-9d23-9e6313d21c99}, !- Handle
  tout_s,                                 !- Name
  conditioned space,                      !- Output Variable or Output Meter Index Key Name
  Zone Outdoor Air Drybulb Temperature;   !- Output Variable or Output Meter Name

OS:Schedule:Ruleset,
  {a4482bf6-d213-404a-819d-7bd9a071eba1}, !- Handle
  cooling season schedule,                !- Name
  {383444ce-e592-4689-81de-b50cc6c74ca3}, !- Schedule Type Limits Name
  {784c9542-1f28-4969-b472-7d14a8841f2b}; !- Default Day Schedule Name

OS:Schedule:Day,
  {784c9542-1f28-4969-b472-7d14a8841f2b}, !- Handle
  cooling season schedule default day,    !- Name
  {383444ce-e592-4689-81de-b50cc6c74ca3}, !- Schedule Type Limits Name
  ,                                       !- Interpolate to Timestep
  24,                                     !- Hour 1
  0,                                      !- Minute 1
  0;                                      !- Value Until Time 1

OS:Schedule:Rule,
  {cadd5af5-d71f-4eca-9ff8-9cbae2775603}, !- Handle
  cooling season schedule allday rule,    !- Name
  {a4482bf6-d213-404a-819d-7bd9a071eba1}, !- Schedule Ruleset Name
  2,                                      !- Rule Order
  {aef4eeaf-e101-4e65-b87a-11615c58303a}, !- Day Schedule Name
  Yes,                                    !- Apply Sunday
  Yes,                                    !- Apply Monday
  Yes,                                    !- Apply Tuesday
  Yes,                                    !- Apply Wednesday
  Yes,                                    !- Apply Thursday
  Yes,                                    !- Apply Friday
  Yes,                                    !- Apply Saturday
  DateRange,                              !- Date Specification Type
  1,                                      !- Start Month
  1,                                      !- Start Day
  4,                                      !- End Month
  30;                                     !- End Day

OS:Schedule:Day,
  {aef4eeaf-e101-4e65-b87a-11615c58303a}, !- Handle
  cooling season schedule day,            !- Name
  {383444ce-e592-4689-81de-b50cc6c74ca3}, !- Schedule Type Limits Name
  ,                                       !- Interpolate to Timestep
  24,                                     !- Hour 1
  0,                                      !- Minute 1
  0;                                      !- Value Until Time 1

OS:Schedule:Rule,
  {c60b9415-04cb-45e7-9a65-fe826df0166c}, !- Handle
  cooling season schedule allday rule 1,  !- Name
  {a4482bf6-d213-404a-819d-7bd9a071eba1}, !- Schedule Ruleset Name
  1,                                      !- Rule Order
  {067d8d77-f79c-4b8b-b0dc-0550ccd7174e}, !- Day Schedule Name
  Yes,                                    !- Apply Sunday
  Yes,                                    !- Apply Monday
  Yes,                                    !- Apply Tuesday
  Yes,                                    !- Apply Wednesday
  Yes,                                    !- Apply Thursday
  Yes,                                    !- Apply Friday
  Yes,                                    !- Apply Saturday
  DateRange,                              !- Date Specification Type
  5,                                      !- Start Month
  1,                                      !- Start Day
  10,                                     !- End Month
  31;                                     !- End Day

OS:Schedule:Day,
  {067d8d77-f79c-4b8b-b0dc-0550ccd7174e}, !- Handle
  cooling season schedule day 1,          !- Name
  {383444ce-e592-4689-81de-b50cc6c74ca3}, !- Schedule Type Limits Name
  ,                                       !- Interpolate to Timestep
  24,                                     !- Hour 1
  0,                                      !- Minute 1
  1;                                      !- Value Until Time 1

OS:Schedule:Rule,
  {dbf7f3f0-894f-4d9e-9bb7-7ddfaf6883e0}, !- Handle
  cooling season schedule allday rule 2,  !- Name
  {a4482bf6-d213-404a-819d-7bd9a071eba1}, !- Schedule Ruleset Name
  0,                                      !- Rule Order
  {db9f909d-6bec-43e3-b9a7-d69e0c353cbe}, !- Day Schedule Name
  Yes,                                    !- Apply Sunday
  Yes,                                    !- Apply Monday
  Yes,                                    !- Apply Tuesday
  Yes,                                    !- Apply Wednesday
  Yes,                                    !- Apply Thursday
  Yes,                                    !- Apply Friday
  Yes,                                    !- Apply Saturday
  DateRange,                              !- Date Specification Type
  11,                                     !- Start Month
  1,                                      !- Start Day
  12,                                     !- End Month
  31;                                     !- End Day

OS:Schedule:Day,
  {db9f909d-6bec-43e3-b9a7-d69e0c353cbe}, !- Handle
  cooling season schedule day 2,          !- Name
  {383444ce-e592-4689-81de-b50cc6c74ca3}, !- Schedule Type Limits Name
  ,                                       !- Interpolate to Timestep
  24,                                     !- Hour 1
  0,                                      !- Minute 1
  0;                                      !- Value Until Time 1

OS:EnergyManagementSystem:Sensor,
  {717220a0-71e4-463f-b415-c6f9f770c469}, !- Handle
  cool_season,                            !- Name
  cooling season schedule,                !- Output Variable or Output Meter Index Key Name
  Schedule Value;                         !- Output Variable or Output Meter Name

OS:EnergyManagementSystem:GlobalVariable,
  {c5a87ea1-52c0-4726-b214-6040c111e6a3}, !- Handle
  room_ac_airloop_Fan_RTF;                !- Name

OS:EnergyManagementSystem:InternalVariable,
  {fa30c8e7-27ec-4743-b970-a565b746ac32}, !- Handle
  room_ac_airloop_max_sup_fan_mfr,        !- Name
  room ac supply fan,                     !- Internal Data Index Key Name
  Fan Maximum Mass Flow Rate;             !- Internal Data Type

OS:EnergyManagementSystem:Sensor,
  {5f35755a-47b9-49ec-a9c4-26ac9860bf32}, !- Handle
  room_ac_airloop_Fan_RTF_s,              !- Name
  room ac supply fan,                     !- Output Variable or Output Meter Index Key Name
  Fan Runtime Fraction;                   !- Output Variable or Output Meter Name

OS:Schedule:Ruleset,
  {f8249b36-d03f-4db2-9ba4-9aa3b23fb58e}, !- Handle
  natural vent schedule,                  !- Name
  {f60fedcf-5e67-4752-a20a-66e0d28ee6ff}, !- Schedule Type Limits Name
  {31206e0e-f5a1-4958-ac20-232ab0029a0d}; !- Default Day Schedule Name

OS:Schedule:Day,
  {31206e0e-f5a1-4958-ac20-232ab0029a0d}, !- Handle
  natural vent schedule default day,      !- Name
  {f60fedcf-5e67-4752-a20a-66e0d28ee6ff}, !- Schedule Type Limits Name
  ,                                       !- Interpolate to Timestep
  24,                                     !- Hour 1
  0,                                      !- Minute 1
  0;                                      !- Value Until Time 1

OS:Schedule:Rule,
  {ef91dfbe-8192-4f80-a209-00f6df8371ed}, !- Handle
  natural vent schedule rule,             !- Name
  {f8249b36-d03f-4db2-9ba4-9aa3b23fb58e}, !- Schedule Ruleset Name
  0,                                      !- Rule Order
  {9389184f-d061-449d-b7c9-a1bbd653ee97}, !- Day Schedule Name
  No,                                     !- Apply Sunday
  Yes,                                    !- Apply Monday
  No,                                     !- Apply Tuesday
  Yes,                                    !- Apply Wednesday
  No,                                     !- Apply Thursday
  Yes,                                    !- Apply Friday
  No,                                     !- Apply Saturday
  DateRange,                              !- Date Specification Type
  1,                                      !- Start Month
  1,                                      !- Start Day
  12,                                     !- End Month
  31;                                     !- End Day

OS:Schedule:Day,
  {9389184f-d061-449d-b7c9-a1bbd653ee97}, !- Handle
  natural vent schedule day,              !- Name
  {f60fedcf-5e67-4752-a20a-66e0d28ee6ff}, !- Schedule Type Limits Name
  ,                                       !- Interpolate to Timestep
  24,                                     !- Hour 1
  0,                                      !- Minute 1
  1;                                      !- Value Until Time 1

OS:EnergyManagementSystem:Sensor,
  {2c53c5f6-c582-485e-b1ad-bf661e748b46}, !- Handle
  natural_vent_s,                         !- Name
  natural vent schedule,                  !- Output Variable or Output Meter Index Key Name
  Schedule Value;                         !- Output Variable or Output Meter Name

OS:EnergyManagementSystem:Sensor,
  {bee731bf-0850-495c-824a-3c80301e413c}, !- Handle
  htg_sp_s,                               !- Name
  heating setpoint,                       !- Output Variable or Output Meter Index Key Name
  Schedule Value;                         !- Output Variable or Output Meter Name

OS:EnergyManagementSystem:Sensor,
  {054ab9c4-a08b-428e-ac2f-48cb8321d136}, !- Handle
  clg_sp_s,                               !- Name
  cooling setpoint,                       !- Output Variable or Output Meter Index Key Name
  Schedule Value;                         !- Output Variable or Output Meter Name

OS:SpaceInfiltration:DesignFlowRate,
  {31e0d8b4-1ff4-4051-acf6-b5f84cc69052}, !- Handle
  natural vent flow,                      !- Name
  {07609d97-2580-4575-9dfc-ffbe3579d777}, !- Space or SpaceType Name
  {5540e882-0c76-4828-8881-c09136870a1e}, !- Schedule Name
  Flow/Space,                             !- Design Flow Rate Calculation Method
  0,                                      !- Design Flow Rate {m3/s}
  ,                                       !- Flow per Space Floor Area {m3/s-m2}
  ,                                       !- Flow per Exterior Surface Area {m3/s-m2}
  ,                                       !- Air Changes per Hour {1/hr}
  ,                                       !- Constant Term Coefficient
  ,                                       !- Temperature Term Coefficient
  ,                                       !- Velocity Term Coefficient
  ;                                       !- Velocity Squared Term Coefficient

OS:AdditionalProperties,
  {6eca9be1-4649-469a-9d52-9d2981a1ce48}, !- Handle
  {31e0d8b4-1ff4-4051-acf6-b5f84cc69052}, !- Object Name
  ObjectType,                             !- Feature Name 1
  String,                                 !- Feature Data Type 1
  natural vent;                           !- Feature Value 1

OS:EnergyManagementSystem:Actuator,
  {49709da2-4317-4faa-a270-11ef30d1c700}, !- Handle
  natural_vent_flow_act,                  !- Name
  {31e0d8b4-1ff4-4051-acf6-b5f84cc69052}, !- Actuated Component Name
  Zone Infiltration,                      !- Actuated Component Type
  Air Exchange Flow Rate,                 !- Actuated Component Control Type
  ;                                       !- Zone or Space Name

OS:SpaceInfiltration:DesignFlowRate,
  {be0e6763-9c95-4169-9a39-4e26f6607c49}, !- Handle
  whole house fan flow,                   !- Name
  {07609d97-2580-4575-9dfc-ffbe3579d777}, !- Space or SpaceType Name
  {5540e882-0c76-4828-8881-c09136870a1e}, !- Schedule Name
  Flow/Space,                             !- Design Flow Rate Calculation Method
  0,                                      !- Design Flow Rate {m3/s}
  ,                                       !- Flow per Space Floor Area {m3/s-m2}
  ,                                       !- Flow per Exterior Surface Area {m3/s-m2}
  ,                                       !- Air Changes per Hour {1/hr}
  ,                                       !- Constant Term Coefficient
  ,                                       !- Temperature Term Coefficient
  ,                                       !- Velocity Term Coefficient
  ;                                       !- Velocity Squared Term Coefficient

OS:AdditionalProperties,
  {a0f6a49b-6829-4e4f-b0b3-8fd8438dbbe9}, !- Handle
  {be0e6763-9c95-4169-9a39-4e26f6607c49}, !- Object Name
  ObjectType,                             !- Feature Name 1
  String,                                 !- Feature Data Type 1
  whole house fan;                        !- Feature Value 1

OS:EnergyManagementSystem:Actuator,
  {ef7026e7-0278-496c-b449-951fe1c1e7f9}, !- Handle
  whole_house_fan_flow_act,               !- Name
  {be0e6763-9c95-4169-9a39-4e26f6607c49}, !- Actuated Component Name
  Zone Infiltration,                      !- Actuated Component Type
  Air Exchange Flow Rate,                 !- Actuated Component Control Type
  ;                                       !- Zone or Space Name

OS:ElectricEquipment:Definition,
  {72125f01-d956-4dd5-8e18-87f2feb66d0e}, !- Handle
  whole house fan,                        !- Name
  EquipmentLevel,                         !- Design Level Calculation Method
  0,                                      !- Design Level {W}
  ,                                       !- Watts per Space Floor Area {W/m2}
  ,                                       !- Watts per Person {W/person}
  0,                                      !- Fraction Latent
  0,                                      !- Fraction Radiant
  1;                                      !- Fraction Lost

OS:ElectricEquipment,
  {3a1f4eb9-4b1f-46dc-a60b-c0673bd4fedb}, !- Handle
  whole house fan,                        !- Name
  {72125f01-d956-4dd5-8e18-87f2feb66d0e}, !- Electric Equipment Definition Name
  {07609d97-2580-4575-9dfc-ffbe3579d777}, !- Space or SpaceType Name
  {5540e882-0c76-4828-8881-c09136870a1e}, !- Schedule Name
  ,                                       !- Multiplier
  whole house fan;                        !- End-Use Subcategory

OS:EnergyManagementSystem:Actuator,
  {5c1fff09-17ba-4322-9b2c-6b3bebb98089}, !- Handle
  whole_house_fan_act,                    !- Name
  {3a1f4eb9-4b1f-46dc-a60b-c0673bd4fedb}, !- Actuated Component Name
  ElectricEquipment,                      !- Actuated Component Type
  Electricity Rate,                       !- Actuated Component Control Type
  {07609d97-2580-4575-9dfc-ffbe3579d777}; !- Zone or Space Name

OS:EnergyManagementSystem:Program,
  {b7b0edc4-21c9-40f1-996a-793e299ec25d}, !- Handle
  natural_vent_program,                   !- Name
  Set Tin = tin_s,                        !- Program Line 1
  Set Tout = tout_s,                      !- Program Line 2
  Set Wout = out_wt_s,                    !- Program Line 3
  Set Pbar = out_pb_s,                    !- Program Line 4
  Set Phiout = (@RhFnTdbWPb Tout Wout Pbar), !- Program Line 5
  Set MaxHR = 0.0115,                     !- Program Line 6
  Set Tnvsp = (htg_sp_s + clg_sp_s) / 2,  !- Program Line 7
  Set NVavail = natural_vent_s,           !- Program Line 8
  Set ClgSsnAvail = cool_season,          !- Program Line 9
  Set Qnv = 0,                            !- Program Line 10
  Set Qwhf = 0,                           !- Program Line 11
  Set whole_house_fan_act = 0,            !- Program Line 12
  If ((Wout < MaxHR) && (Tin > Tout) && (Tin > Tnvsp) && (ClgSsnAvail > 0)), !- Program Line 13
  Set WHF_Flow = 0,                       !- Program Line 14
  Set Adj = (Tin-Tnvsp)/(Tin-Tout),       !- Program Line 15
  Set Adj = (@Min Adj 1),                 !- Program Line 16
  Set Adj = (@Max Adj 0),                 !- Program Line 17
  If (WHF_Flow > 0),                      !- Program Line 18
  Set Qwhf = WHF_Flow*Adj,                !- Program Line 19
  Set WHF_W = 0,                          !- Program Line 20
  Set whole_house_fan_act = WHF_W*Adj,    !- Program Line 21
  ElseIf (NVavail > 0),                   !- Program Line 22
  Set NVArea = 5041.847980799999,         !- Program Line 23
  Set Cs = 8.968567957270247e-05,         !- Program Line 24
  Set Cw = 0.00010666349345296961,        !- Program Line 25
  Set Tdiff = Tin-Tout,                   !- Program Line 26
  Set dT = (@Abs Tdiff),                  !- Program Line 27
  Set Vwind = site_vw_s,                  !- Program Line 28
  Set SGNV = NVArea*Adj*((((Cs*dT)+(Cw*(Vwind^2)))^0.5)/1000), !- Program Line 29
  Set MaxNV = 1.4322031742976002,         !- Program Line 30
  Set Qnv = (@Min SGNV MaxNV),            !- Program Line 31
  EndIf,                                  !- Program Line 32
  EndIf,                                  !- Program Line 33
  Set natural_vent_flow_act = Qnv,        !- Program Line 34
  Set whole_house_fan_flow_act = Qwhf,    !- Program Line 35
  Set natural_vent_program_Qnv = Qnv,     !- Program Line 36
  Set natural_vent_program_Qwhf = Qwhf;   !- Program Line 37

OS:AdditionalProperties,
  {27f1e804-433f-40e6-a0b8-36aca874d669}, !- Handle
  {b7b0edc4-21c9-40f1-996a-793e299ec25d}, !- Object Name
  ObjectType,                             !- Feature Name 1
  String,                                 !- Feature Data Type 1
  natural vent;                           !- Feature Value 1

OS:EnergyManagementSystem:ProgramCallingManager,
  {2d7a3fd1-92ab-4c1c-8d1f-533bb65dce28}, !- Handle
  natural_vent_program_calling_manager,   !- Name
  BeginZoneTimestepAfterInitHeatBalance,  !- EnergyPlus Model Calling Point
  {b7b0edc4-21c9-40f1-996a-793e299ec25d}; !- Program Name 1

OS:EnergyManagementSystem:GlobalVariable,
  {53892d01-de90-4b3f-8108-e670b1f556ff}, !- Handle
  natural_vent_program_Qnv;               !- Name

OS:EnergyManagementSystem:GlobalVariable,
  {be554196-c287-465b-9ac7-ad4725b7123b}, !- Handle
  natural_vent_program_Qwhf;              !- Name

OS:AdditionalProperties,
  {fc68ded2-99ff-426b-b812-97e9bfb1d650}, !- Handle
  {53892d01-de90-4b3f-8108-e670b1f556ff}, !- Object Name
  ObjectType,                             !- Feature Name 1
  String,                                 !- Feature Data Type 1
  natural vent;                           !- Feature Value 1

OS:AdditionalProperties,
  {1b72198e-d929-4766-a6b9-19606cd7e748}, !- Handle
  {be554196-c287-465b-9ac7-ad4725b7123b}, !- Object Name
  ObjectType,                             !- Feature Name 1
  String,                                 !- Feature Data Type 1
  whole house fan;                        !- Feature Value 1

OS:Schedule:Constant,
  {2ba60f56-563e-473e-a48c-9e42d76494ee}, !- Handle
  mech vent house fan schedule,           !- Name
  {383444ce-e592-4689-81de-b50cc6c74ca3}, !- Schedule Type Limits Name
  1;                                      !- Value

OS:ElectricEquipment:Definition,
  {e0de80c7-d1e1-4b17-88a4-e517f9282a3f}, !- Handle
  mech vent house fan,                    !- Name
  EquipmentLevel,                         !- Design Level Calculation Method
  0,                                      !- Design Level {W}
  ,                                       !- Watts per Space Floor Area {W/m2}
  ,                                       !- Watts per Person {W/person}
  0,                                      !- Fraction Latent
  0,                                      !- Fraction Radiant
  1;                                      !- Fraction Lost

OS:ElectricEquipment,
  {67148f2e-efbb-49ff-96b1-aafb2f3345d3}, !- Handle
  mech vent house fan,                    !- Name
  {e0de80c7-d1e1-4b17-88a4-e517f9282a3f}, !- Electric Equipment Definition Name
  {07609d97-2580-4575-9dfc-ffbe3579d777}, !- Space or SpaceType Name
  {2ba60f56-563e-473e-a48c-9e42d76494ee}, !- Schedule Name
  ,                                       !- Multiplier
  mech vent;                              !- End-Use Subcategory

OS:Schedule:Constant,
  {0d32f245-029b-46f2-8f4f-00ade4e6b239}, !- Handle
  mech vent house fan cfis schedule,      !- Name
  {383444ce-e592-4689-81de-b50cc6c74ca3}, !- Schedule Type Limits Name
  1;                                      !- Value

OS:ElectricEquipment:Definition,
  {0a783f23-b72e-486d-a466-abe39f060283}, !- Handle
  mech vent house fan cfis,               !- Name
  EquipmentLevel,                         !- Design Level Calculation Method
  0,                                      !- Design Level {W}
  ,                                       !- Watts per Space Floor Area {W/m2}
  ,                                       !- Watts per Person {W/person}
  0,                                      !- Fraction Latent
  0,                                      !- Fraction Radiant
  0;                                      !- Fraction Lost

OS:ElectricEquipment,
  {d47ff48f-8a3f-4fc6-b6c5-13a97ea25802}, !- Handle
  mech vent house fan cfis,               !- Name
  {0a783f23-b72e-486d-a466-abe39f060283}, !- Electric Equipment Definition Name
  {07609d97-2580-4575-9dfc-ffbe3579d777}, !- Space or SpaceType Name
  {0d32f245-029b-46f2-8f4f-00ade4e6b239}, !- Schedule Name
  ,                                       !- Multiplier
  mech vent;                              !- End-Use Subcategory

OS:EnergyManagementSystem:Actuator,
  {e1b400ce-c885-4f11-9c15-504c4a6ffdc8}, !- Handle
  mech_vent_house_fan_cfis_act,           !- Name
  {d47ff48f-8a3f-4fc6-b6c5-13a97ea25802}, !- Actuated Component Name
  ElectricEquipment,                      !- Actuated Component Type
  Electricity Rate,                       !- Actuated Component Control Type
  {07609d97-2580-4575-9dfc-ffbe3579d777}; !- Zone or Space Name

OS:EnergyManagementSystem:Program,
  {d84449ba-e757-4f1b-aeae-a6904f48d827}, !- Handle
  infil_program,                          !- Name
  Set p_m = 0.14,                         !- Program Line 1
  Set p_s = 0.22,                         !- Program Line 2
  Set s_m = 270,                          !- Program Line 3
  Set s_s = 370,                          !- Program Line 4
  Set z_m = 9.99744,                      !- Program Line 5
  Set z_s = 7.315200000000001,            !- Program Line 6
  Set f_t = (((s_m/z_m)^p_m)*((z_s/s_s)^p_s)), !- Program Line 7
  Set Tdiff = tin_s-tout_s,               !- Program Line 8
  Set dT = @Abs Tdiff,                    !- Program Line 9
  Set c = 0.0923,                         !- Program Line 10
  Set Cs = 0.0661,                        !- Program Line 11
  Set Cw = 0.1503,                        !- Program Line 12
  Set n = 0.65,                           !- Program Line 13
  Set sft = (f_t*0.7000000000000001),     !- Program Line 14
  Set temp1 = ((c*Cw)*((sft*site_vw_s)^(2*n)))^2, !- Program Line 15
  Set Qinf = (((c*Cs*(dT^n))^2)+temp1)^0.5, !- Program Line 16
  Set Qinf = (@Max Qinf 0),               !- Program Line 17
  Set mech_vent_house_fan_sensible_load_act = 0.0, !- Program Line 18
  Set mech_vent_house_fan_latent_load_act = 0.0, !- Program Line 19
  Set OASupInPb = out_pb_s,               !- Program Line 20
  Set OASupInTemp = tout_s,               !- Program Line 21
  Set OASupInW = out_wt_s,                !- Program Line 22
  Set OASupRho = (@RhoAirFnPbTdbW OASupInPb OASupInTemp OASupInW), !- Program Line 23
  Set OASupCp = (@CpAirFnW OASupInW),     !- Program Line 24
  Set OASupInEnth = (@HFnTdbW OASupInTemp OASupInW), !- Program Line 25
  Set ZoneTemp = tin_s,                   !- Program Line 26
  Set ZoneW = win_s,                      !- Program Line 27
  Set ZoneCp = (@CpAirFnW ZoneW),         !- Program Line 28
  Set ZoneAirEnth = (@HFnTdbW ZoneTemp ZoneW), !- Program Line 29
  Set mech_vent_house_fan_cfis_act = 0.0, !- Program Line 30
  Set QWHV_cfis_sup = 0.0,                !- Program Line 31
  Set QWHV_cfis_suppl_sup = 0.0,          !- Program Line 32
  Set QWHV_cfis_suppl_exh = 0.0,          !- Program Line 33
  Set Qrange = 0,                         !- Program Line 34
  Set Qrange = Qrange + 0.04719 * mech_vent_range_fan_0_sch_s, !- Program Line 35
  Set Qbath = 0,                          !- Program Line 36
  Set Qbath = Qbath + 0.04719 * mech_vent_bath_fan_0_sch_s, !- Program Line 37
  Set Qdryer = 0,                         !- Program Line 38
  Set Qdryer = Qdryer + 0.24609 * clothes_dryer_exhaust_0_sch_s, !- Program Line 39
  Set QWHV_sup = 0.0,                     !- Program Line 40
  Set QWHV_exh = 0.0,                     !- Program Line 41
  Set Qsupply = QWHV_sup + QWHV_cfis_sup + QWHV_cfis_suppl_sup, !- Program Line 42
  Set Qexhaust = Qrange + Qbath + Qdryer + QWHV_exh + QWHV_cfis_suppl_exh, !- Program Line 43
  Set Qfan = (@Max Qexhaust Qsupply),     !- Program Line 44
  Set Qducts = 0,                         !- Program Line 45
  If Qducts < 0,                          !- Program Line 46
  Set Qsupply = Qsupply - Qducts,         !- Program Line 47
  Else,                                   !- Program Line 48
  Set Qexhaust = Qexhaust + Qducts,       !- Program Line 49
  EndIf,                                  !- Program Line 50
  Set Qfan_with_ducts = (@Max Qexhaust Qsupply), !- Program Line 51
  Set Qimb = (@Abs (Qsupply - Qexhaust)), !- Program Line 52
  If Qinf + Qimb > 0,                     !- Program Line 53
  Set Qtot = Qfan_with_ducts + (Qinf^2) / (Qinf + Qimb), !- Program Line 54
  Else,                                   !- Program Line 55
  Set Qtot = Qfan_with_ducts,             !- Program Line 56
  EndIf,                                  !- Program Line 57
  Set Qinf_adj = Qtot - Qfan,             !- Program Line 58
  Set infil_flow_act = Qinf_adj,          !- Program Line 59
  Set infil_program_Qinf = Qinf_adj,      !- Program Line 60
  Set infil_program_Qfan = Qfan,          !- Program Line 61
  Set Qload = Qfan,                       !- Program Line 62
  Set Effectiveness_Sens = 0.0,           !- Program Line 63
  Set Effectiveness_Lat = 0.0,            !- Program Line 64
  Set Fan_MFR = Qload * OASupRho,         !- Program Line 65
  Set ZoneInEnth = OASupInEnth,           !- Program Line 66
  Set ZoneInTemp = OASupInTemp,           !- Program Line 67
  Set FanTotalToCond = Fan_MFR * (ZoneInEnth - ZoneAirEnth), !- Program Line 68
  Set FanSensToCond = Fan_MFR * ZoneCp * (ZoneInTemp - ZoneTemp), !- Program Line 69
  Set FanLatToCond = FanTotalToCond - FanSensToCond, !- Program Line 70
  Set mech_vent_house_fan_sensible_load_act = mech_vent_house_fan_sensible_load_act + FanSensToCond, !- Program Line 71
  Set mech_vent_house_fan_latent_load_act = mech_vent_house_fan_latent_load_act + FanLatToCond; !- Program Line 72

OS:AdditionalProperties,
  {f8036496-1c14-408a-ba95-5d0f02f1c004}, !- Handle
  {d84449ba-e757-4f1b-aeae-a6904f48d827}, !- Object Name
  ObjectType,                             !- Feature Name 1
  String,                                 !- Feature Data Type 1
  infil;                                  !- Feature Value 1

OS:OtherEquipment:Definition,
  {8a7a576b-dd27-42c7-80aa-87ceb2efbd7f}, !- Handle
  mech vent house fan sensible load,      !- Name
  EquipmentLevel,                         !- Design Level Calculation Method
  0,                                      !- Design Level {W}
  ,                                       !- Watts per Space Floor Area {W/m2}
  ,                                       !- Watts per Person {W/Person}
  0,                                      !- Fraction Latent
  0,                                      !- Fraction Radiant
  0;                                      !- Fraction Lost

OS:OtherEquipment,
  {2a67361d-f519-4985-b4cd-0a0f696ba7cd}, !- Handle
  mech vent house fan sensible load,      !- Name
  {8a7a576b-dd27-42c7-80aa-87ceb2efbd7f}, !- Other Equipment Definition Name
  {07609d97-2580-4575-9dfc-ffbe3579d777}, !- Space or SpaceType Name
  {5540e882-0c76-4828-8881-c09136870a1e}, !- Schedule Name
  ,                                       !- Multiplier
  ,                                       !- Fuel Type
  mech vent house fan;                    !- End-Use Subcategory

OS:EnergyManagementSystem:Actuator,
  {7d283dd6-58a7-4c51-9e97-3a0e9d3df50b}, !- Handle
  mech_vent_house_fan_sensible_load_act,  !- Name
  {2a67361d-f519-4985-b4cd-0a0f696ba7cd}, !- Actuated Component Name
  OtherEquipment,                         !- Actuated Component Type
  Power Level,                            !- Actuated Component Control Type
  {07609d97-2580-4575-9dfc-ffbe3579d777}; !- Zone or Space Name

OS:OtherEquipment:Definition,
  {e9310455-7246-4e73-aee3-c7ceb5a94e1b}, !- Handle
  mech vent house fan latent load,        !- Name
  EquipmentLevel,                         !- Design Level Calculation Method
  0,                                      !- Design Level {W}
  ,                                       !- Watts per Space Floor Area {W/m2}
  ,                                       !- Watts per Person {W/Person}
  1,                                      !- Fraction Latent
  0,                                      !- Fraction Radiant
  0;                                      !- Fraction Lost

OS:OtherEquipment,
  {987a8e63-ce22-4e40-bc29-8d6576bc4447}, !- Handle
  mech vent house fan latent load,        !- Name
  {e9310455-7246-4e73-aee3-c7ceb5a94e1b}, !- Other Equipment Definition Name
  {07609d97-2580-4575-9dfc-ffbe3579d777}, !- Space or SpaceType Name
  {5540e882-0c76-4828-8881-c09136870a1e}, !- Schedule Name
  ,                                       !- Multiplier
  ,                                       !- Fuel Type
  mech vent house fan;                    !- End-Use Subcategory

OS:EnergyManagementSystem:Actuator,
  {3e14d15e-98df-468b-b576-4bfcde382e51}, !- Handle
  mech_vent_house_fan_latent_load_act,    !- Name
  {987a8e63-ce22-4e40-bc29-8d6576bc4447}, !- Actuated Component Name
  OtherEquipment,                         !- Actuated Component Type
  Power Level,                            !- Actuated Component Control Type
  {07609d97-2580-4575-9dfc-ffbe3579d777}; !- Zone or Space Name

OS:SpaceInfiltration:DesignFlowRate,
  {85c3b2ab-1f40-46e5-abc5-e782e577d3d1}, !- Handle
  infil flow,                             !- Name
  {07609d97-2580-4575-9dfc-ffbe3579d777}, !- Space or SpaceType Name
  {5540e882-0c76-4828-8881-c09136870a1e}, !- Schedule Name
  Flow/Space,                             !- Design Flow Rate Calculation Method
  0,                                      !- Design Flow Rate {m3/s}
  ,                                       !- Flow per Space Floor Area {m3/s-m2}
  ,                                       !- Flow per Exterior Surface Area {m3/s-m2}
  ,                                       !- Air Changes per Hour {1/hr}
  ,                                       !- Constant Term Coefficient
  ,                                       !- Temperature Term Coefficient
  ,                                       !- Velocity Term Coefficient
  ;                                       !- Velocity Squared Term Coefficient

OS:EnergyManagementSystem:Actuator,
  {6165f274-4a88-42cc-afaa-835348471ae8}, !- Handle
  infil_flow_act,                         !- Name
  {85c3b2ab-1f40-46e5-abc5-e782e577d3d1}, !- Actuated Component Name
  Zone Infiltration,                      !- Actuated Component Type
  Air Exchange Flow Rate,                 !- Actuated Component Control Type
  ;                                       !- Zone or Space Name

OS:AdditionalProperties,
  {14e65196-c8e8-41d3-a491-bc115847ddb0}, !- Handle
  {85c3b2ab-1f40-46e5-abc5-e782e577d3d1}, !- Object Name
  ObjectType,                             !- Feature Name 1
  String,                                 !- Feature Data Type 1
  infil;                                  !- Feature Value 1

OS:Schedule:Ruleset,
  {cb2daba1-cf53-4608-87c1-969c49c3d013}, !- Handle
  mech vent range fan 0 schedule,         !- Name
  {383444ce-e592-4689-81de-b50cc6c74ca3}, !- Schedule Type Limits Name
  {49ed0ea0-d714-44c2-a7f3-428293f451e9}; !- Default Day Schedule Name

OS:Schedule:Day,
  {49ed0ea0-d714-44c2-a7f3-428293f451e9}, !- Handle
  mech vent range fan 0 schedule default day, !- Name
  {383444ce-e592-4689-81de-b50cc6c74ca3}, !- Schedule Type Limits Name
  ,                                       !- Interpolate to Timestep
  24,                                     !- Hour 1
  0,                                      !- Minute 1
  0;                                      !- Value Until Time 1

OS:Schedule:Rule,
  {bb86bf42-f967-4240-ab67-c760b88154d0}, !- Handle
  mech vent range fan 0 schedule allday rule, !- Name
  {cb2daba1-cf53-4608-87c1-969c49c3d013}, !- Schedule Ruleset Name
  0,                                      !- Rule Order
  {5e6937d5-b0fa-4976-ad36-a764dbd2693a}, !- Day Schedule Name
  Yes,                                    !- Apply Sunday
  Yes,                                    !- Apply Monday
  Yes,                                    !- Apply Tuesday
  Yes,                                    !- Apply Wednesday
  Yes,                                    !- Apply Thursday
  Yes,                                    !- Apply Friday
  Yes,                                    !- Apply Saturday
  DateRange,                              !- Date Specification Type
  1,                                      !- Start Month
  1,                                      !- Start Day
  12,                                     !- End Month
  31;                                     !- End Day

OS:Schedule:Day,
  {5e6937d5-b0fa-4976-ad36-a764dbd2693a}, !- Handle
  mech vent range fan 0 schedule day,     !- Name
  {383444ce-e592-4689-81de-b50cc6c74ca3}, !- Schedule Type Limits Name
  ,                                       !- Interpolate to Timestep
  18,                                     !- Hour 1
  0,                                      !- Minute 1
  0,                                      !- Value Until Time 1
  19,                                     !- Hour 2
  0,                                      !- Minute 2
  1,                                      !- Value Until Time 2
  24,                                     !- Hour 3
  0,                                      !- Minute 3
  0;                                      !- Value Until Time 3

OS:EnergyManagementSystem:Sensor,
  {e05f7cdb-1f6d-4338-babb-e109243e2f79}, !- Handle
  mech_vent_range_fan_0_sch_s,            !- Name
  mech vent range fan 0 schedule,         !- Output Variable or Output Meter Index Key Name
  Schedule Value;                         !- Output Variable or Output Meter Name

OS:ElectricEquipment:Definition,
  {ca03a946-db84-461a-833f-bebae575cabc}, !- Handle
  mech vent range fan 0,                  !- Name
  EquipmentLevel,                         !- Design Level Calculation Method
  30,                                     !- Design Level {W}
  ,                                       !- Watts per Space Floor Area {W/m2}
  ,                                       !- Watts per Person {W/person}
  0,                                      !- Fraction Latent
  0,                                      !- Fraction Radiant
  1;                                      !- Fraction Lost

OS:ElectricEquipment,
  {1fe86ca6-9a71-412b-966b-10223a6db3af}, !- Handle
  mech vent range fan 0,                  !- Name
  {ca03a946-db84-461a-833f-bebae575cabc}, !- Electric Equipment Definition Name
  {07609d97-2580-4575-9dfc-ffbe3579d777}, !- Space or SpaceType Name
  {cb2daba1-cf53-4608-87c1-969c49c3d013}, !- Schedule Name
  ,                                       !- Multiplier
  mech vent;                              !- End-Use Subcategory

OS:Schedule:Ruleset,
  {ce7ba4fe-ef2d-47c4-9a1f-32183297e15f}, !- Handle
  mech vent bath fan 0 schedule,          !- Name
  {383444ce-e592-4689-81de-b50cc6c74ca3}, !- Schedule Type Limits Name
  {5e7bd6b1-1e44-478d-b420-c93a236f102f}; !- Default Day Schedule Name

OS:Schedule:Day,
  {5e7bd6b1-1e44-478d-b420-c93a236f102f}, !- Handle
  mech vent bath fan 0 schedule default day, !- Name
  {383444ce-e592-4689-81de-b50cc6c74ca3}, !- Schedule Type Limits Name
  ,                                       !- Interpolate to Timestep
  24,                                     !- Hour 1
  0,                                      !- Minute 1
  0;                                      !- Value Until Time 1

OS:Schedule:Rule,
  {1d116672-385c-45a6-8d14-0d76b40e5cf7}, !- Handle
  mech vent bath fan 0 schedule allday rule, !- Name
  {ce7ba4fe-ef2d-47c4-9a1f-32183297e15f}, !- Schedule Ruleset Name
  0,                                      !- Rule Order
  {2c0ca9d8-275d-49ee-8bb5-de6e81ead8b0}, !- Day Schedule Name
  Yes,                                    !- Apply Sunday
  Yes,                                    !- Apply Monday
  Yes,                                    !- Apply Tuesday
  Yes,                                    !- Apply Wednesday
  Yes,                                    !- Apply Thursday
  Yes,                                    !- Apply Friday
  Yes,                                    !- Apply Saturday
  DateRange,                              !- Date Specification Type
  1,                                      !- Start Month
  1,                                      !- Start Day
  12,                                     !- End Month
  31;                                     !- End Day

OS:Schedule:Day,
  {2c0ca9d8-275d-49ee-8bb5-de6e81ead8b0}, !- Handle
  mech vent bath fan 0 schedule day,      !- Name
  {383444ce-e592-4689-81de-b50cc6c74ca3}, !- Schedule Type Limits Name
  ,                                       !- Interpolate to Timestep
  17,                                     !- Hour 1
  0,                                      !- Minute 1
  0,                                      !- Value Until Time 1
  18,                                     !- Hour 2
  0,                                      !- Minute 2
  1,                                      !- Value Until Time 2
  24,                                     !- Hour 3
  0,                                      !- Minute 3
  0;                                      !- Value Until Time 3

OS:EnergyManagementSystem:Sensor,
  {67bd9135-b2e6-4280-9e99-b96b4ba725d0}, !- Handle
  mech_vent_bath_fan_0_sch_s,             !- Name
  mech vent bath fan 0 schedule,          !- Output Variable or Output Meter Index Key Name
  Schedule Value;                         !- Output Variable or Output Meter Name

OS:ElectricEquipment:Definition,
  {9a3425ad-e494-4590-939d-e425a7ec4a9e}, !- Handle
  mech vent bath fan 0,                   !- Name
  EquipmentLevel,                         !- Design Level Calculation Method
  30,                                     !- Design Level {W}
  ,                                       !- Watts per Space Floor Area {W/m2}
  ,                                       !- Watts per Person {W/person}
  0,                                      !- Fraction Latent
  0,                                      !- Fraction Radiant
  1;                                      !- Fraction Lost

OS:ElectricEquipment,
  {e1182cfd-efe5-43dc-8bf2-8d59e3826017}, !- Handle
  mech vent bath fan 0,                   !- Name
  {9a3425ad-e494-4590-939d-e425a7ec4a9e}, !- Electric Equipment Definition Name
  {07609d97-2580-4575-9dfc-ffbe3579d777}, !- Space or SpaceType Name
  {ce7ba4fe-ef2d-47c4-9a1f-32183297e15f}, !- Schedule Name
  ,                                       !- Multiplier
  mech vent;                              !- End-Use Subcategory

OS:EnergyManagementSystem:Sensor,
  {efeb281e-4aa7-48eb-aae4-e9e7e3a23fa7}, !- Handle
  clothes_dryer_exhaust_0_sch_s,          !- Name
  clothes_dryer,                          !- Output Variable or Output Meter Index Key Name
  Schedule Value;                         !- Output Variable or Output Meter Name

OS:EnergyManagementSystem:GlobalVariable,
  {12975598-9afa-477b-bcba-e0f3a5f75772}, !- Handle
  infil_program_Qinf;                     !- Name

OS:EnergyManagementSystem:GlobalVariable,
  {f9809619-0f05-49b9-abfe-80fc4ae689dd}, !- Handle
  infil_program_Qfan;                     !- Name

OS:AdditionalProperties,
  {691b48b1-c538-4100-95d1-895816d78afe}, !- Handle
  {12975598-9afa-477b-bcba-e0f3a5f75772}, !- Object Name
  ObjectType,                             !- Feature Name 1
  String,                                 !- Feature Data Type 1
  infil;                                  !- Feature Value 1

OS:AdditionalProperties,
  {5be7acd1-73e0-4025-a159-78936c67e9a6}, !- Handle
  {f9809619-0f05-49b9-abfe-80fc4ae689dd}, !- Object Name
  ObjectType,                             !- Feature Name 1
  String,                                 !- Feature Data Type 1
  mech vent;                              !- Feature Value 1

OS:EnergyManagementSystem:ProgramCallingManager,
  {0facdca1-c20a-4fef-b57f-fadf16d7dc6e}, !- Handle
  infil_program_calling_manager,          !- Name
  BeginZoneTimestepAfterInitHeatBalance,  !- EnergyPlus Model Calling Point
  {d84449ba-e757-4f1b-aeae-a6904f48d827}; !- Program Name 1

OS:EnergyManagementSystem:Sensor,
  {08d41e02-d20d-4a4f-a368-884d1021f712}, !- Handle
  conditioned_space_htg_unmet_s,          !- Name
  conditioned space,                      !- Output Variable or Output Meter Index Key Name
  Zone Heating Setpoint Not Met Time;     !- Output Variable or Output Meter Name

OS:EnergyManagementSystem:Sensor,
  {ce2796b5-d217-4206-9501-b3edd71d7766}, !- Handle
  conditioned_space_clg_unmet_s,          !- Name
  conditioned space,                      !- Output Variable or Output Meter Index Key Name
  Zone Cooling Setpoint Not Met Time;     !- Output Variable or Output Meter Name

OS:AdditionalProperties,
  {a448adf4-710f-49b3-8071-189888ef1267}, !- Handle
  {efeb281e-4aa7-48eb-aae4-e9e7e3a23fa7}; !- Object Name

OS:AdditionalProperties,
  {ce567684-5388-4ccb-bb2b-7e3fd29d378d}, !- Handle
  {054ab9c4-a08b-428e-ac2f-48cb8321d136}; !- Object Name

OS:AdditionalProperties,
  {7ab05bc7-8ec5-425a-9d49-d94f211b861c}, !- Handle
  {5f35755a-47b9-49ec-a9c4-26ac9860bf32}; !- Object Name

OS:AdditionalProperties,
  {66c19543-f62c-44d2-9c2a-3cc83b672e85}, !- Handle
  {2c53c5f6-c582-485e-b1ad-bf661e748b46}; !- Object Name

OS:AdditionalProperties,
  {3ca051ad-7f9f-4dbc-9c3d-1dce8e683aa8}, !- Handle
  {717220a0-71e4-463f-b415-c6f9f770c469}; !- Object Name

OS:AdditionalProperties,
  {56d47253-5449-4468-894a-a0d8161e0ead}, !- Handle
  {45fc0a7f-f5f5-4533-9d23-9e6313d21c99}; !- Object Name

OS:AdditionalProperties,
  {f10258c8-cccb-4ad5-916a-c4de4e94d7db}, !- Handle
  {420770e9-5cb1-42e2-881b-d8c0caf24f7e}; !- Object Name

OS:AdditionalProperties,
  {29c92bea-36f2-4460-a7f4-cdabe9de94e3}, !- Handle
  {cc41f2fa-cdee-4727-8549-da096ccdbb1a}; !- Object Name

OS:AdditionalProperties,
  {dc683779-fda6-4eb6-8368-e6784c9db1ba}, !- Handle
  {ce55287b-9c68-4ad9-8825-f9eac38f775c}; !- Object Name

OS:AdditionalProperties,
  {c150c1dc-b265-4610-a5aa-e8b30867309c}, !- Handle
  {2c147ca6-8c14-4dc6-9bec-967c098ebfde}; !- Object Name

OS:AdditionalProperties,
  {11148b5e-2e3a-45d3-a105-11721e2780ff}, !- Handle
  {bb0af2f2-5d9e-4fc6-bb3c-b10a5948ef0a}; !- Object Name

OS:AdditionalProperties,
  {ca65de2b-3869-4a8d-b494-0b4df24fea8e}, !- Handle
  {bee731bf-0850-495c-824a-3c80301e413c}; !- Object Name

OS:AdditionalProperties,
  {a1d5e280-8ff7-4a33-baf8-f7ad609eef89}, !- Handle
  {b527d456-76ab-477b-9e69-a0d1aca68b09}; !- Object Name

OS:AdditionalProperties,
  {23d120a8-1a8c-4751-8259-719ddd3c3072}, !- Handle
  {474c1672-454c-459b-bf94-e9a208f5d0f2}; !- Object Name

OS:AdditionalProperties,
  {85cd1aea-8648-4abf-8cf6-25189b0233ce}, !- Handle
  {4b774595-38e6-42d7-93a9-3fda79245bdb}; !- Object Name

OS:AdditionalProperties,
  {728858af-ffdf-41a4-b953-b3da2134c75b}, !- Handle
  {d24dfc5c-b085-41f0-8434-0f254d9801ed}; !- Object Name

OS:AdditionalProperties,
  {234e21f0-78a1-425d-a24c-9038a5b84679}, !- Handle
  {0e0d69bf-0bd6-4122-9773-3a0fc09190e8}; !- Object Name

OS:AdditionalProperties,
  {29ea8b9c-1a03-4e08-b2c4-e78b74a732de}, !- Handle
  {67bd9135-b2e6-4280-9e99-b96b4ba725d0}; !- Object Name

OS:AdditionalProperties,
  {01ab2370-a572-46b6-aaa8-96062d4cdee6}, !- Handle
  {91f61dcc-8852-4f3a-9a1a-a3166fbdefa6}; !- Object Name

OS:AdditionalProperties,
  {1378c693-0c19-4774-9d15-4ea2b6de8694}, !- Handle
  {19db2670-eeab-4419-8503-3d43f2aab355}; !- Object Name

OS:AdditionalProperties,
  {c34a0754-6ac5-4805-b758-5bbb5e3f22bb}, !- Handle
  {08d41e02-d20d-4a4f-a368-884d1021f712}; !- Object Name

OS:AdditionalProperties,
  {38979522-60b0-41f2-9a84-c9548d362cc3}, !- Handle
  {e05f7cdb-1f6d-4338-babb-e109243e2f79}; !- Object Name

OS:AdditionalProperties,
  {3cb9af3b-7f3f-4890-b8a8-ffab49b902d9}, !- Handle
  {a55c7a84-f997-4b0f-bb6f-fb03dd9af9ae}; !- Object Name

OS:AdditionalProperties,
  {85cfb77a-9ac4-41df-b07e-9ed2abbcb59b}, !- Handle
  {ce2796b5-d217-4206-9501-b3edd71d7766}; !- Object Name

OS:AdditionalProperties,
  {4675851c-3e5f-45da-8305-bd4d8f9da8ec}, !- Handle
  {2e12cc7a-5b0a-4f11-923b-35f92305f6a9}; !- Object Name

OS:AdditionalProperties,
  {7b5e6fbc-cbb4-4561-a1e6-7b92ce7ea8ea}, !- Handle
  {9a1aa50f-178b-47ca-9a82-9af689341043}; !- Object Name

OS:EnergyManagementSystem:Program,
  {6090e2f4-767f-4fb0-9539-b313b01adad6}, !- Handle
  unmet_hours_program,                    !- Name
  Set htg_unmet_hours = 0,                !- Program Line 1
  Set clg_unmet_hours = 0,                !- Program Line 2
  Set unit_htg_unmet_hours = 0,           !- Program Line 3
  If ((DayOfYear >= 1) && (DayOfYear <= 365)), !- Program Line 4
  Set unit_htg_unmet_hours = unit_htg_unmet_hours + conditioned_space_htg_unmet_s, !- Program Line 5
  If unit_htg_unmet_hours > htg_unmet_hours, !- Program Line 6
  Set htg_unmet_hours = unit_htg_unmet_hours, !- Program Line 7
  EndIf,                                  !- Program Line 8
  EndIf,                                  !- Program Line 9
  Set unit_clg_unmet_hours = 0,           !- Program Line 10
  If ((DayOfYear >= 1) && (DayOfYear <= 365)), !- Program Line 11
  Set unit_clg_unmet_hours = unit_clg_unmet_hours + conditioned_space_clg_unmet_s, !- Program Line 12
  If unit_clg_unmet_hours > clg_unmet_hours, !- Program Line 13
  Set clg_unmet_hours = unit_clg_unmet_hours, !- Program Line 14
  EndIf,                                  !- Program Line 15
  EndIf;                                  !- Program Line 16

OS:AdditionalProperties,
  {3b37bf91-02ad-422f-957e-5e92310200fb}, !- Handle
  {6090e2f4-767f-4fb0-9539-b313b01adad6}, !- Object Name
  ObjectType,                             !- Feature Name 1
  String,                                 !- Feature Data Type 1
  unmet hours program;                    !- Feature Value 1

OS:EnergyManagementSystem:ProgramCallingManager,
  {49f2fd8b-0c1a-4abd-8ad1-f1e543d67134}, !- Handle
  unmet_hours_program_calling_manager,    !- Name
  EndOfZoneTimestepBeforeZoneReporting,   !- EnergyPlus Model Calling Point
  {6090e2f4-767f-4fb0-9539-b313b01adad6}; !- Program Name 1

OS:EnergyManagementSystem:Sensor,
  {1afa1a65-d0ba-4c40-ba40-76bf7c9436a5}, !- Handle
  htg_load_cond,                          !- Name
  ,                                       !- Output Variable or Output Meter Index Key Name
  Heating:EnergyTransfer:Zone:CONDITIONED SPACE; !- Output Variable or Output Meter Name

OS:EnergyManagementSystem:Sensor,
  {869fb2f4-fc2a-47bb-a598-05aabe72f388}, !- Handle
  clg_load_cond,                          !- Name
  ,                                       !- Output Variable or Output Meter Index Key Name
  Cooling:EnergyTransfer:Zone:CONDITIONED SPACE; !- Output Variable or Output Meter Name

OS:EnergyManagementSystem:Program,
  {def97d38-a00d-4d55-9522-5182d4775115}, !- Handle
  total_loads_program,                    !- Name
  Set loads_htg_tot = 0,                  !- Program Line 1
  Set loads_clg_tot = 0,                  !- Program Line 2
  If htg_load_cond > 0,                   !- Program Line 3
  Set loads_htg_tot = loads_htg_tot + (htg_load_cond - clg_load_cond) * 1.0, !- Program Line 4
  EndIf,                                  !- Program Line 5
  Set loads_htg_tot = (@Max loads_htg_tot 0), !- Program Line 6
  If clg_load_cond > 0,                   !- Program Line 7
  Set loads_clg_tot = loads_clg_tot + (clg_load_cond - htg_load_cond) * 0.4, !- Program Line 8
  EndIf,                                  !- Program Line 9
  Set loads_clg_tot = (@Max loads_clg_tot 0); !- Program Line 10

OS:AdditionalProperties,
  {3f5b3e18-13e1-4b5e-9aea-f695d809fff1}, !- Handle
  {def97d38-a00d-4d55-9522-5182d4775115}, !- Object Name
  ObjectType,                             !- Feature Name 1
  String,                                 !- Feature Data Type 1
  total loads program;                    !- Feature Value 1

OS:EnergyManagementSystem:ProgramCallingManager,
  {8cccd968-7c41-4682-915a-b48334e077dd}, !- Handle
  total_loads_program_calling_manager,    !- Name
  EndOfZoneTimestepAfterZoneReporting,    !- EnergyPlus Model Calling Point
  {def97d38-a00d-4d55-9522-5182d4775115}; !- Program Name 1

OS:Output:Diagnostics,
  {e12ebd7f-a777-44cb-9a7b-465d52223c1b}, !- Handle
  DisplayAdvancedReportVariables;         !- Key 1

OS:EnergyManagementSystem:Program,
  {6e7bb9fc-e4f1-40c2-b668-4fc2a86b951e}, !- Handle
  component_loads_program,                !- Name
  Set loads_htg_walls = 0,                !- Program Line 1
  Set loads_htg_rim_joists = 0,           !- Program Line 2
  Set loads_htg_foundation_walls = 0,     !- Program Line 3
  Set loads_htg_floors = 0,               !- Program Line 4
  Set loads_htg_slabs = 0,                !- Program Line 5
  Set loads_htg_ceilings = 0,             !- Program Line 6
  Set loads_htg_roofs = 0,                !- Program Line 7
  Set loads_htg_windows_conduction = 0,   !- Program Line 8
  Set loads_htg_windows_solar = 0,        !- Program Line 9
  Set loads_htg_doors = 0,                !- Program Line 10
  Set loads_htg_skylights_conduction = 0, !- Program Line 11
  Set loads_htg_skylights_solar = 0,      !- Program Line 12
  Set loads_htg_internal_mass = 0,        !- Program Line 13
  Set loads_htg_intgains = 0,             !- Program Line 14
  Set loads_htg_lighting = 0,             !- Program Line 15
  Set loads_htg_infil = 0,                !- Program Line 16
  Set loads_htg_mechvent = 0,             !- Program Line 17
  Set loads_htg_natvent = 0,              !- Program Line 18
  Set loads_htg_whf = 0,                  !- Program Line 19
  Set loads_htg_ducts = 0,                !- Program Line 20
  Set loads_clg_walls = 0,                !- Program Line 21
  Set loads_clg_rim_joists = 0,           !- Program Line 22
  Set loads_clg_foundation_walls = 0,     !- Program Line 23
  Set loads_clg_floors = 0,               !- Program Line 24
  Set loads_clg_slabs = 0,                !- Program Line 25
  Set loads_clg_ceilings = 0,             !- Program Line 26
  Set loads_clg_roofs = 0,                !- Program Line 27
  Set loads_clg_windows_conduction = 0,   !- Program Line 28
  Set loads_clg_windows_solar = 0,        !- Program Line 29
  Set loads_clg_doors = 0,                !- Program Line 30
  Set loads_clg_skylights_conduction = 0, !- Program Line 31
  Set loads_clg_skylights_solar = 0,      !- Program Line 32
  Set loads_clg_internal_mass = 0,        !- Program Line 33
  Set loads_clg_intgains = 0,             !- Program Line 34
  Set loads_clg_lighting = 0,             !- Program Line 35
  Set loads_clg_infil = 0,                !- Program Line 36
  Set loads_clg_mechvent = 0,             !- Program Line 37
  Set loads_clg_natvent = 0,              !- Program Line 38
  Set loads_clg_whf = 0,                  !- Program Line 39
  Set loads_clg_ducts = 0,                !- Program Line 40
  Set hr_walls = 0,                       !- Program Line 41
  Set hr_walls = hr_walls + s_conv_2 + s_ig_2 + s_sol_2 + s_lgt_2 + s_surf_2, !- Program Line 42
  Set hr_walls = hr_walls + s_conv_3 + s_ig_3 + s_sol_3 + s_lgt_3 + s_surf_3, !- Program Line 43
  Set hr_walls = hr_walls + s_conv_4 + s_ig_4 + s_sol_4 + s_lgt_4 + s_surf_4, !- Program Line 44
  Set hr_walls = hr_walls + s_conv_5 + s_ig_5 + s_sol_5 + s_lgt_5 + s_surf_5, !- Program Line 45
  Set hr_rim_joists = 0,                  !- Program Line 46
  Set hr_foundation_walls = 0,            !- Program Line 47
  Set hr_floors = 0,                      !- Program Line 48
  Set hr_floors = hr_floors + s_conv + s_ig + s_sol + s_lgt + s_surf, !- Program Line 49
  Set hr_slabs = 0,                       !- Program Line 50
  Set hr_ceilings = 0,                    !- Program Line 51
  Set hr_roofs = 0,                       !- Program Line 52
  Set hr_roofs = hr_roofs + s_conv_1 + s_ig_1 + s_sol_1 + s_lgt_1 + s_surf_1, !- Program Line 53
  Set hr_windows_conduction = 0,          !- Program Line 54
  Set hr_windows_conduction = hr_windows_conduction + ss_conv_1, !- Program Line 55
  Set hr_windows_conduction = hr_windows_conduction + ss_ig_1, !- Program Line 56
  Set hr_windows_conduction = hr_windows_conduction + ss_surf_1, !- Program Line 57
  Set hr_windows_conduction = hr_windows_conduction + ss_conv_2, !- Program Line 58
  Set hr_windows_conduction = hr_windows_conduction + ss_ig_2, !- Program Line 59
  Set hr_windows_conduction = hr_windows_conduction + ss_surf_2, !- Program Line 60
  Set hr_windows_conduction = hr_windows_conduction + ss_conv_3, !- Program Line 61
  Set hr_windows_conduction = hr_windows_conduction + ss_ig_3, !- Program Line 62
  Set hr_windows_conduction = hr_windows_conduction + ss_surf_3, !- Program Line 63
  Set hr_windows_conduction = hr_windows_conduction + ss_conv_4, !- Program Line 64
  Set hr_windows_conduction = hr_windows_conduction + ss_ig_4, !- Program Line 65
  Set hr_windows_conduction = hr_windows_conduction + ss_surf_4, !- Program Line 66
  Set hr_windows_solar = 0,               !- Program Line 67
  Set hr_windows_solar = hr_windows_solar - ss_trans_in * ZoneTimestep * 3600 + ss_back_out * ZoneTimestep * 3600 + ss_trans_out * ZoneTimestep * 3600, !- Program Line 68
  Set hr_windows_solar = hr_windows_solar - ss_trans_in_1 * ZoneTimestep * 3600 + ss_back_out_1 * ZoneTimestep * 3600 + ss_trans_out_1 * ZoneTimestep * 3600, !- Program Line 69
  Set hr_windows_solar = hr_windows_solar - ss_trans_in_2 * ZoneTimestep * 3600 + ss_back_out_2 * ZoneTimestep * 3600 + ss_trans_out_2 * ZoneTimestep * 3600, !- Program Line 70
  Set hr_windows_solar = hr_windows_solar - ss_trans_in_3 * ZoneTimestep * 3600 + ss_back_out_3 * ZoneTimestep * 3600 + ss_trans_out_3 * ZoneTimestep * 3600, !- Program Line 71
  Set hr_doors = 0,                       !- Program Line 72
  Set hr_doors = hr_doors + ss_sol,       !- Program Line 73
  Set hr_doors = hr_doors + ss_lgt,       !- Program Line 74
  Set hr_doors = hr_doors + ss_conv,      !- Program Line 75
  Set hr_doors = hr_doors + ss_ig,        !- Program Line 76
  Set hr_doors = hr_doors + ss_surf,      !- Program Line 77
  Set hr_skylights_conduction = 0,        !- Program Line 78
  Set hr_skylights_solar = 0,             !- Program Line 79
  Set hr_internal_mass = 0,               !- Program Line 80
  Set hr_internal_mass = hr_internal_mass + im_conv + im_ig + im_sol + im_lgt + im_surf, !- Program Line 81
  Set hr_internal_mass = hr_internal_mass + im_conv_1 + im_ig_1 + im_sol_1 + im_lgt_1 + im_surf_1, !- Program Line 82
  Set hr_intgains = 0,                    !- Program Line 83
  Set hr_intgains = hr_intgains - ig_ee_conv - ig_ee_rad - ig_ee_conv_1 - ig_ee_rad_1 - ig_ee_conv_2 - ig_ee_rad_2 - ig_ee_conv_3 - ig_ee_rad_3 - ig_ee_conv_4 - ig_ee_rad_4 - ig_ee_conv_5 - ig_ee_rad_5 - ig_ee_conv_6 - ig_ee_rad_6 - ig_ee_conv_7 - ig_ee_rad_7 - ig_oe_conv - ig_oe_rad - ig_oe_conv_1 - ig_oe_rad_1 - ig_oe_conv_2 - ig_oe_rad_2 - ig_oe_conv_3 - ig_oe_rad_3 - ig_oe_conv_4 - ig_oe_rad_4 - ig_ppl_conv - ig_ppl_rad, !- Program Line 84
  Set hr_lighting = 0,                    !- Program Line 85
  Set hr_lighting = hr_lighting - ig_lgt_conv - ig_lgt_rad - ig_lgt_vis, !- Program Line 86
  Set hr_infil = 0,                       !- Program Line 87
  Set hr_infil = hr_infil - airflow_gain + airflow_loss, !- Program Line 88
  Set hr_natvent = 0,                     !- Program Line 89
  Set hr_natvent = hr_natvent - airflow_gain_1 + airflow_loss_1, !- Program Line 90
  Set hr_whf = 0,                         !- Program Line 91
  Set hr_whf = hr_whf - airflow_gain_2 + airflow_loss_2, !- Program Line 92
  Set hr_mechvent = 0,                    !- Program Line 93
  Set hr_mechvent = hr_mechvent - mv_conv - mv_rad - mv_conv_1 - mv_rad_1 - mv_conv_2 - mv_rad_2 - mv_conv_3 - mv_rad_3 - mv_conv_4 - mv_rad_4 - mv_conv_5 - mv_rad_5, !- Program Line 94
  Set hr_ducts = 0,                       !- Program Line 95
  Set hr_intgains = hr_intgains + dhw_loss * (0.64*(1-dhw_rtf) + 1.0*dhw_rtf), !- Program Line 96
  Set htg_mode = 0,                       !- Program Line 97
  Set clg_mode = 0,                       !- Program Line 98
  If (htg_load_cond > 0),                 !- Program Line 99
  Set htg_mode = 1.0,                     !- Program Line 100
  ElseIf (clg_load_cond > 0),             !- Program Line 101
  Set clg_mode = 0.4,                     !- Program Line 102
  Else,                                   !- Program Line 103
  Set htg_season = 0,                     !- Program Line 104
  Set clg_season = 0,                     !- Program Line 105
  If ((DayOfYear >= 1) && (DayOfYear <= 365)), !- Program Line 106
  Set clg_season = 1,                     !- Program Line 107
  EndIf,                                  !- Program Line 108
  If ((DayOfYear >= 1) && (DayOfYear <= 365)), !- Program Line 109
  Set htg_season = 1,                     !- Program Line 110
  EndIf,                                  !- Program Line 111
  If ((airflow_gain_1 <> 0) || (airflow_loss_1 <> 0)) && (clg_season == 1), !- Program Line 112
  Set clg_mode = 0.4,                     !- Program Line 113
  ElseIf ((airflow_gain_2 <> 0) || (airflow_loss_2 <> 0)) && (clg_season == 1), !- Program Line 114
  Set clg_mode = 0.4,                     !- Program Line 115
  Else,                                   !- Program Line 116
  Set Tmid_setpoint = (htg_sp_s_1 + clg_sp_s_1) / 2, !- Program Line 117
  If (tin_s_1 > Tmid_setpoint) && (clg_season == 1), !- Program Line 118
  Set clg_mode = 0.4,                     !- Program Line 119
  ElseIf (tin_s_1 < Tmid_setpoint) && (htg_season == 1), !- Program Line 120
  Set htg_mode = 1.0,                     !- Program Line 121
  EndIf,                                  !- Program Line 122
  EndIf,                                  !- Program Line 123
  EndIf,                                  !- Program Line 124
  Set loads_htg_walls = loads_htg_walls + (hr_walls * htg_mode * 1), !- Program Line 125
  Set loads_htg_rim_joists = loads_htg_rim_joists + (hr_rim_joists * htg_mode * 1), !- Program Line 126
  Set loads_htg_foundation_walls = loads_htg_foundation_walls + (hr_foundation_walls * htg_mode * 1), !- Program Line 127
  Set loads_htg_floors = loads_htg_floors + (hr_floors * htg_mode * 1), !- Program Line 128
  Set loads_htg_slabs = loads_htg_slabs + (hr_slabs * htg_mode * 1), !- Program Line 129
  Set loads_htg_ceilings = loads_htg_ceilings + (hr_ceilings * htg_mode * 1), !- Program Line 130
  Set loads_htg_roofs = loads_htg_roofs + (hr_roofs * htg_mode * 1), !- Program Line 131
  Set loads_htg_windows_conduction = loads_htg_windows_conduction + (hr_windows_conduction * htg_mode * 1), !- Program Line 132
  Set loads_htg_windows_solar = loads_htg_windows_solar + (hr_windows_solar * htg_mode * 1), !- Program Line 133
  Set loads_htg_doors = loads_htg_doors + (hr_doors * htg_mode * 1), !- Program Line 134
  Set loads_htg_skylights_conduction = loads_htg_skylights_conduction + (hr_skylights_conduction * htg_mode * 1), !- Program Line 135
  Set loads_htg_skylights_solar = loads_htg_skylights_solar + (hr_skylights_solar * htg_mode * 1), !- Program Line 136
  Set loads_htg_internal_mass = loads_htg_internal_mass + (hr_internal_mass * htg_mode * 1), !- Program Line 137
  Set loads_htg_intgains = loads_htg_intgains + (hr_intgains * htg_mode * 1), !- Program Line 138
  Set loads_htg_lighting = loads_htg_lighting + (hr_lighting * htg_mode * 1), !- Program Line 139
  Set loads_htg_infil = loads_htg_infil + (hr_infil * htg_mode * 1), !- Program Line 140
  Set loads_htg_mechvent = loads_htg_mechvent + (hr_mechvent * htg_mode * 1), !- Program Line 141
  Set loads_htg_natvent = loads_htg_natvent + (hr_natvent * htg_mode * 1), !- Program Line 142
  Set loads_htg_whf = loads_htg_whf + (hr_whf * htg_mode * 1), !- Program Line 143
  Set loads_htg_ducts = loads_htg_ducts + (hr_ducts * htg_mode * 1), !- Program Line 144
  Set loads_clg_walls = loads_clg_walls + (-hr_walls * clg_mode * 1), !- Program Line 145
  Set loads_clg_rim_joists = loads_clg_rim_joists + (-hr_rim_joists * clg_mode * 1), !- Program Line 146
  Set loads_clg_foundation_walls = loads_clg_foundation_walls + (-hr_foundation_walls * clg_mode * 1), !- Program Line 147
  Set loads_clg_floors = loads_clg_floors + (-hr_floors * clg_mode * 1), !- Program Line 148
  Set loads_clg_slabs = loads_clg_slabs + (-hr_slabs * clg_mode * 1), !- Program Line 149
  Set loads_clg_ceilings = loads_clg_ceilings + (-hr_ceilings * clg_mode * 1), !- Program Line 150
  Set loads_clg_roofs = loads_clg_roofs + (-hr_roofs * clg_mode * 1), !- Program Line 151
  Set loads_clg_windows_conduction = loads_clg_windows_conduction + (-hr_windows_conduction * clg_mode * 1), !- Program Line 152
  Set loads_clg_windows_solar = loads_clg_windows_solar + (-hr_windows_solar * clg_mode * 1), !- Program Line 153
  Set loads_clg_doors = loads_clg_doors + (-hr_doors * clg_mode * 1), !- Program Line 154
  Set loads_clg_skylights_conduction = loads_clg_skylights_conduction + (-hr_skylights_conduction * clg_mode * 1), !- Program Line 155
  Set loads_clg_skylights_solar = loads_clg_skylights_solar + (-hr_skylights_solar * clg_mode * 1), !- Program Line 156
  Set loads_clg_internal_mass = loads_clg_internal_mass + (-hr_internal_mass * clg_mode * 1), !- Program Line 157
  Set loads_clg_intgains = loads_clg_intgains + (-hr_intgains * clg_mode * 1), !- Program Line 158
  Set loads_clg_lighting = loads_clg_lighting + (-hr_lighting * clg_mode * 1), !- Program Line 159
  Set loads_clg_infil = loads_clg_infil + (-hr_infil * clg_mode * 1), !- Program Line 160
  Set loads_clg_mechvent = loads_clg_mechvent + (-hr_mechvent * clg_mode * 1), !- Program Line 161
  Set loads_clg_natvent = loads_clg_natvent + (-hr_natvent * clg_mode * 1), !- Program Line 162
  Set loads_clg_whf = loads_clg_whf + (-hr_whf * clg_mode * 1), !- Program Line 163
  Set loads_clg_ducts = loads_clg_ducts + (-hr_ducts * clg_mode * 1); !- Program Line 164

OS:AdditionalProperties,
  {b4676bf8-d902-42cf-81ed-fde70fbfefac}, !- Handle
  {6e7bb9fc-e4f1-40c2-b668-4fc2a86b951e}, !- Object Name
  ObjectType,                             !- Feature Name 1
  String,                                 !- Feature Data Type 1
  component loads program;                !- Feature Value 1

OS:EnergyManagementSystem:Sensor,
  {0d09e828-902d-4df5-9990-27f59de25fbb}, !- Handle
  s_conv,                                 !- Name
  Floor1,                                 !- Output Variable or Output Meter Index Key Name
  Surface Inside Face Convection Heat Gain Energy; !- Output Variable or Output Meter Name

OS:EnergyManagementSystem:Sensor,
  {717522c4-2f7e-4fd4-b475-49639b625680}, !- Handle
  s_ig,                                   !- Name
  Floor1,                                 !- Output Variable or Output Meter Index Key Name
  Surface Inside Face Internal Gains Radiation Heat Gain Energy; !- Output Variable or Output Meter Name

OS:EnergyManagementSystem:Sensor,
  {72c22390-4048-4cfe-8f31-5764b8ecbaad}, !- Handle
  s_sol,                                  !- Name
  Floor1,                                 !- Output Variable or Output Meter Index Key Name
  Surface Inside Face Solar Radiation Heat Gain Energy; !- Output Variable or Output Meter Name

OS:EnergyManagementSystem:Sensor,
  {aad63d3c-e174-4f3c-9180-0e2d3f919f2e}, !- Handle
  s_lgt,                                  !- Name
  Floor1,                                 !- Output Variable or Output Meter Index Key Name
  Surface Inside Face Lights Radiation Heat Gain Energy; !- Output Variable or Output Meter Name

OS:EnergyManagementSystem:Sensor,
  {744729fe-572c-463d-a497-97b0358d3906}, !- Handle
  s_surf,                                 !- Name
  Floor1,                                 !- Output Variable or Output Meter Index Key Name
  Surface Inside Face Net Surface Thermal Radiation Heat Gain Energy; !- Output Variable or Output Meter Name

OS:EnergyManagementSystem:Sensor,
  {2dc77a10-8655-4db1-93db-e410c363a861}, !- Handle
  s_conv_1,                               !- Name
  Roof1,                                  !- Output Variable or Output Meter Index Key Name
  Surface Inside Face Convection Heat Gain Energy; !- Output Variable or Output Meter Name

OS:EnergyManagementSystem:Sensor,
  {4544d7bb-2060-4f81-a7fc-ea281e5e1b99}, !- Handle
  s_ig_1,                                 !- Name
  Roof1,                                  !- Output Variable or Output Meter Index Key Name
  Surface Inside Face Internal Gains Radiation Heat Gain Energy; !- Output Variable or Output Meter Name

OS:EnergyManagementSystem:Sensor,
  {38987f69-d237-4a08-9754-a4fb162f214a}, !- Handle
  s_sol_1,                                !- Name
  Roof1,                                  !- Output Variable or Output Meter Index Key Name
  Surface Inside Face Solar Radiation Heat Gain Energy; !- Output Variable or Output Meter Name

OS:EnergyManagementSystem:Sensor,
  {e0ac5854-9c39-4f9f-a6bb-699286af130d}, !- Handle
  s_lgt_1,                                !- Name
  Roof1,                                  !- Output Variable or Output Meter Index Key Name
  Surface Inside Face Lights Radiation Heat Gain Energy; !- Output Variable or Output Meter Name

OS:EnergyManagementSystem:Sensor,
  {f964ebf9-9812-4aa2-8c7f-4e8fe4538675}, !- Handle
  s_surf_1,                               !- Name
  Roof1,                                  !- Output Variable or Output Meter Index Key Name
  Surface Inside Face Net Surface Thermal Radiation Heat Gain Energy; !- Output Variable or Output Meter Name

OS:EnergyManagementSystem:Sensor,
  {dccb8d76-406a-4603-b6d0-b7be6f383786}, !- Handle
  ss_sol,                                 !- Name
  Door1,                                  !- Output Variable or Output Meter Index Key Name
  Surface Inside Face Solar Radiation Heat Gain Energy; !- Output Variable or Output Meter Name

OS:EnergyManagementSystem:Sensor,
  {6a6b28c4-1728-42dc-a972-2045e22ba7c3}, !- Handle
  ss_lgt,                                 !- Name
  Door1,                                  !- Output Variable or Output Meter Index Key Name
  Surface Inside Face Lights Radiation Heat Gain Energy; !- Output Variable or Output Meter Name

OS:EnergyManagementSystem:Sensor,
  {0ae72d82-e362-4a52-b0ab-70441d9d37f6}, !- Handle
  ss_conv,                                !- Name
  Door1,                                  !- Output Variable or Output Meter Index Key Name
  Surface Inside Face Convection Heat Gain Energy; !- Output Variable or Output Meter Name

OS:EnergyManagementSystem:Sensor,
  {8a942e87-3fc5-4111-b5e3-26ee313760b0}, !- Handle
  ss_ig,                                  !- Name
  Door1,                                  !- Output Variable or Output Meter Index Key Name
  Surface Inside Face Internal Gains Radiation Heat Gain Energy; !- Output Variable or Output Meter Name

OS:EnergyManagementSystem:Sensor,
  {a31d34f9-4a82-4655-9bd5-28c3d6f07a66}, !- Handle
  ss_surf,                                !- Name
  Door1,                                  !- Output Variable or Output Meter Index Key Name
  Surface Inside Face Net Surface Thermal Radiation Heat Gain Energy; !- Output Variable or Output Meter Name

OS:EnergyManagementSystem:Sensor,
  {c151e745-5062-4d0c-944d-468f7123ad2b}, !- Handle
  ss_conv_1,                              !- Name
  Window1,                                !- Output Variable or Output Meter Index Key Name
  Surface Inside Face Convection Heat Gain Energy; !- Output Variable or Output Meter Name

OS:EnergyManagementSystem:Sensor,
  {6822516f-1627-47e3-99e7-bf6c0c4c97ab}, !- Handle
  ss_ig_1,                                !- Name
  Window1,                                !- Output Variable or Output Meter Index Key Name
  Surface Inside Face Internal Gains Radiation Heat Gain Energy; !- Output Variable or Output Meter Name

OS:EnergyManagementSystem:Sensor,
  {9cdcf4f7-d39e-44db-8d8f-d55946ac0668}, !- Handle
  ss_surf_1,                              !- Name
  Window1,                                !- Output Variable or Output Meter Index Key Name
  Surface Inside Face Net Surface Thermal Radiation Heat Gain Energy; !- Output Variable or Output Meter Name

OS:EnergyManagementSystem:Sensor,
  {a740ad3f-d9e3-441a-8dbc-e3d7a8d3ab4f}, !- Handle
  ss_trans_in,                            !- Name
  Window1,                                !- Output Variable or Output Meter Index Key Name
  Surface Window Transmitted Solar Radiation Rate; !- Output Variable or Output Meter Name

OS:EnergyManagementSystem:Sensor,
  {574f5540-f82a-4dc6-9639-1e465aa5ad82}, !- Handle
  ss_back_out,                            !- Name
  Window1,                                !- Output Variable or Output Meter Index Key Name
  Surface Window Shortwave from Zone Back Out Window Heat Transfer Rate; !- Output Variable or Output Meter Name

OS:EnergyManagementSystem:Sensor,
  {6390cb76-a5fb-47f8-b843-7b243bef82e7}, !- Handle
  ss_trans_out,                           !- Name
  Window1,                                !- Output Variable or Output Meter Index Key Name
  Surface Inside Face Initial Transmitted Diffuse Transmitted Out Window Solar Radiation Rate; !- Output Variable or Output Meter Name

OS:EnergyManagementSystem:Sensor,
  {390f3b35-a747-4374-86ce-e9e745be295a}, !- Handle
  ss_conv_2,                              !- Name
  Window2,                                !- Output Variable or Output Meter Index Key Name
  Surface Inside Face Convection Heat Gain Energy; !- Output Variable or Output Meter Name

OS:EnergyManagementSystem:Sensor,
  {d1507f41-0ec0-4b5e-80f6-ab9325350bcc}, !- Handle
  ss_ig_2,                                !- Name
  Window2,                                !- Output Variable or Output Meter Index Key Name
  Surface Inside Face Internal Gains Radiation Heat Gain Energy; !- Output Variable or Output Meter Name

OS:EnergyManagementSystem:Sensor,
  {09caebac-9c8a-46bd-8593-35d066780cb7}, !- Handle
  ss_surf_2,                              !- Name
  Window2,                                !- Output Variable or Output Meter Index Key Name
  Surface Inside Face Net Surface Thermal Radiation Heat Gain Energy; !- Output Variable or Output Meter Name

OS:EnergyManagementSystem:Sensor,
  {7903c128-4357-4b66-ab66-a8a03432ff57}, !- Handle
  ss_trans_in_1,                          !- Name
  Window2,                                !- Output Variable or Output Meter Index Key Name
  Surface Window Transmitted Solar Radiation Rate; !- Output Variable or Output Meter Name

OS:EnergyManagementSystem:Sensor,
  {5e312275-85cb-46a9-8eca-7f5cbb40d13b}, !- Handle
  ss_back_out_1,                          !- Name
  Window2,                                !- Output Variable or Output Meter Index Key Name
  Surface Window Shortwave from Zone Back Out Window Heat Transfer Rate; !- Output Variable or Output Meter Name

OS:EnergyManagementSystem:Sensor,
  {de807834-37d7-42ed-ac20-60519646933f}, !- Handle
  ss_trans_out_1,                         !- Name
  Window2,                                !- Output Variable or Output Meter Index Key Name
  Surface Inside Face Initial Transmitted Diffuse Transmitted Out Window Solar Radiation Rate; !- Output Variable or Output Meter Name

OS:EnergyManagementSystem:Sensor,
  {158ab0e0-4fab-4e83-8603-b4f70d062718}, !- Handle
  ss_conv_3,                              !- Name
  Window3,                                !- Output Variable or Output Meter Index Key Name
  Surface Inside Face Convection Heat Gain Energy; !- Output Variable or Output Meter Name

OS:EnergyManagementSystem:Sensor,
  {6ab623e0-fc61-439f-a7e3-05ebcb8af29a}, !- Handle
  ss_ig_3,                                !- Name
  Window3,                                !- Output Variable or Output Meter Index Key Name
  Surface Inside Face Internal Gains Radiation Heat Gain Energy; !- Output Variable or Output Meter Name

OS:EnergyManagementSystem:Sensor,
  {ab04ce19-f381-49c4-a5c2-7838a1c71366}, !- Handle
  ss_surf_3,                              !- Name
  Window3,                                !- Output Variable or Output Meter Index Key Name
  Surface Inside Face Net Surface Thermal Radiation Heat Gain Energy; !- Output Variable or Output Meter Name

OS:EnergyManagementSystem:Sensor,
  {9ac9c134-e7b0-4269-8fc3-2e92d3acd116}, !- Handle
  ss_trans_in_2,                          !- Name
  Window3,                                !- Output Variable or Output Meter Index Key Name
  Surface Window Transmitted Solar Radiation Rate; !- Output Variable or Output Meter Name

OS:EnergyManagementSystem:Sensor,
  {3cc052f0-8bca-426e-a460-7ac65bb20719}, !- Handle
  ss_back_out_2,                          !- Name
  Window3,                                !- Output Variable or Output Meter Index Key Name
  Surface Window Shortwave from Zone Back Out Window Heat Transfer Rate; !- Output Variable or Output Meter Name

OS:EnergyManagementSystem:Sensor,
  {bae36399-0173-4a09-96c7-8d3f249b5594}, !- Handle
  ss_trans_out_2,                         !- Name
  Window3,                                !- Output Variable or Output Meter Index Key Name
  Surface Inside Face Initial Transmitted Diffuse Transmitted Out Window Solar Radiation Rate; !- Output Variable or Output Meter Name

OS:EnergyManagementSystem:Sensor,
  {468cde3a-8124-430f-8ca7-433301678a96}, !- Handle
  ss_conv_4,                              !- Name
  Window4,                                !- Output Variable or Output Meter Index Key Name
  Surface Inside Face Convection Heat Gain Energy; !- Output Variable or Output Meter Name

OS:EnergyManagementSystem:Sensor,
  {c522fe83-30d3-4cad-9483-ce564cd18762}, !- Handle
  ss_ig_4,                                !- Name
  Window4,                                !- Output Variable or Output Meter Index Key Name
  Surface Inside Face Internal Gains Radiation Heat Gain Energy; !- Output Variable or Output Meter Name

OS:EnergyManagementSystem:Sensor,
  {ae4c7af6-7903-4dc0-9178-9cf3f3bc899d}, !- Handle
  ss_surf_4,                              !- Name
  Window4,                                !- Output Variable or Output Meter Index Key Name
  Surface Inside Face Net Surface Thermal Radiation Heat Gain Energy; !- Output Variable or Output Meter Name

OS:EnergyManagementSystem:Sensor,
  {4a6ababc-90a2-4e5e-91f8-134d54722cfd}, !- Handle
  ss_trans_in_3,                          !- Name
  Window4,                                !- Output Variable or Output Meter Index Key Name
  Surface Window Transmitted Solar Radiation Rate; !- Output Variable or Output Meter Name

OS:EnergyManagementSystem:Sensor,
  {5c3c18c6-a6f6-4661-8e30-013d27605a96}, !- Handle
  ss_back_out_3,                          !- Name
  Window4,                                !- Output Variable or Output Meter Index Key Name
  Surface Window Shortwave from Zone Back Out Window Heat Transfer Rate; !- Output Variable or Output Meter Name

OS:EnergyManagementSystem:Sensor,
  {da4bb479-1f17-4457-b27d-d11b5ad5fe44}, !- Handle
  ss_trans_out_3,                         !- Name
  Window4,                                !- Output Variable or Output Meter Index Key Name
  Surface Inside Face Initial Transmitted Diffuse Transmitted Out Window Solar Radiation Rate; !- Output Variable or Output Meter Name

OS:EnergyManagementSystem:Sensor,
  {8bf42c23-5de7-46a3-b634-72f83397b103}, !- Handle
  s_conv_2,                               !- Name
  Wall1,                                  !- Output Variable or Output Meter Index Key Name
  Surface Inside Face Convection Heat Gain Energy; !- Output Variable or Output Meter Name

OS:EnergyManagementSystem:Sensor,
  {72dfe560-5a36-4e4c-8bef-94185a630972}, !- Handle
  s_ig_2,                                 !- Name
  Wall1,                                  !- Output Variable or Output Meter Index Key Name
  Surface Inside Face Internal Gains Radiation Heat Gain Energy; !- Output Variable or Output Meter Name

OS:EnergyManagementSystem:Sensor,
  {f72a77a6-7200-43a2-aa36-f9201cce8507}, !- Handle
  s_sol_2,                                !- Name
  Wall1,                                  !- Output Variable or Output Meter Index Key Name
  Surface Inside Face Solar Radiation Heat Gain Energy; !- Output Variable or Output Meter Name

OS:EnergyManagementSystem:Sensor,
  {6dfad11e-ccfd-4c54-ad45-e3fbf991767d}, !- Handle
  s_lgt_2,                                !- Name
  Wall1,                                  !- Output Variable or Output Meter Index Key Name
  Surface Inside Face Lights Radiation Heat Gain Energy; !- Output Variable or Output Meter Name

OS:EnergyManagementSystem:Sensor,
  {0bf3e491-67b7-4db2-b3a7-545004984112}, !- Handle
  s_surf_2,                               !- Name
  Wall1,                                  !- Output Variable or Output Meter Index Key Name
  Surface Inside Face Net Surface Thermal Radiation Heat Gain Energy; !- Output Variable or Output Meter Name

OS:EnergyManagementSystem:Sensor,
  {0513cb0f-2b3c-4015-9b87-140d5c031b91}, !- Handle
  s_conv_3,                               !- Name
  Wall2,                                  !- Output Variable or Output Meter Index Key Name
  Surface Inside Face Convection Heat Gain Energy; !- Output Variable or Output Meter Name

OS:EnergyManagementSystem:Sensor,
  {a1a7158a-df1b-4b13-a7dd-fd19f6a7ea82}, !- Handle
  s_ig_3,                                 !- Name
  Wall2,                                  !- Output Variable or Output Meter Index Key Name
  Surface Inside Face Internal Gains Radiation Heat Gain Energy; !- Output Variable or Output Meter Name

OS:EnergyManagementSystem:Sensor,
  {44d0771f-5a0a-4a8d-8360-b8549bb06de8}, !- Handle
  s_sol_3,                                !- Name
  Wall2,                                  !- Output Variable or Output Meter Index Key Name
  Surface Inside Face Solar Radiation Heat Gain Energy; !- Output Variable or Output Meter Name

OS:EnergyManagementSystem:Sensor,
  {fe0a0edc-b5b2-4f4f-a6bd-309e4944ee2f}, !- Handle
  s_lgt_3,                                !- Name
  Wall2,                                  !- Output Variable or Output Meter Index Key Name
  Surface Inside Face Lights Radiation Heat Gain Energy; !- Output Variable or Output Meter Name

OS:EnergyManagementSystem:Sensor,
  {a6012b2d-0a39-432a-bdd9-0cac876bf65e}, !- Handle
  s_surf_3,                               !- Name
  Wall2,                                  !- Output Variable or Output Meter Index Key Name
  Surface Inside Face Net Surface Thermal Radiation Heat Gain Energy; !- Output Variable or Output Meter Name

OS:EnergyManagementSystem:Sensor,
  {ee7dc8d5-9d26-4bc3-9740-95b5fd7f7d20}, !- Handle
  s_conv_4,                               !- Name
  Wall3,                                  !- Output Variable or Output Meter Index Key Name
  Surface Inside Face Convection Heat Gain Energy; !- Output Variable or Output Meter Name

OS:EnergyManagementSystem:Sensor,
  {ff6516c5-4607-4441-92fe-5ca6bfa8d8b3}, !- Handle
  s_ig_4,                                 !- Name
  Wall3,                                  !- Output Variable or Output Meter Index Key Name
  Surface Inside Face Internal Gains Radiation Heat Gain Energy; !- Output Variable or Output Meter Name

OS:EnergyManagementSystem:Sensor,
  {04dd148d-7afc-4556-ae33-581c53bc1391}, !- Handle
  s_sol_4,                                !- Name
  Wall3,                                  !- Output Variable or Output Meter Index Key Name
  Surface Inside Face Solar Radiation Heat Gain Energy; !- Output Variable or Output Meter Name

OS:EnergyManagementSystem:Sensor,
  {94aea652-4e01-4e57-9de8-25051894f88f}, !- Handle
  s_lgt_4,                                !- Name
  Wall3,                                  !- Output Variable or Output Meter Index Key Name
  Surface Inside Face Lights Radiation Heat Gain Energy; !- Output Variable or Output Meter Name

OS:EnergyManagementSystem:Sensor,
  {fec18a5b-0f66-4276-b9ee-367596780baf}, !- Handle
  s_surf_4,                               !- Name
  Wall3,                                  !- Output Variable or Output Meter Index Key Name
  Surface Inside Face Net Surface Thermal Radiation Heat Gain Energy; !- Output Variable or Output Meter Name

OS:EnergyManagementSystem:Sensor,
  {cc317bbf-e2a3-4e0b-a75a-9cbc6ccd0be8}, !- Handle
  s_conv_5,                               !- Name
  Wall4,                                  !- Output Variable or Output Meter Index Key Name
  Surface Inside Face Convection Heat Gain Energy; !- Output Variable or Output Meter Name

OS:EnergyManagementSystem:Sensor,
  {51cfdb09-5592-4394-bb6f-c9fe853a5f16}, !- Handle
  s_ig_5,                                 !- Name
  Wall4,                                  !- Output Variable or Output Meter Index Key Name
  Surface Inside Face Internal Gains Radiation Heat Gain Energy; !- Output Variable or Output Meter Name

OS:EnergyManagementSystem:Sensor,
  {470414ba-1505-4e85-8576-529b4f9043a7}, !- Handle
  s_sol_5,                                !- Name
  Wall4,                                  !- Output Variable or Output Meter Index Key Name
  Surface Inside Face Solar Radiation Heat Gain Energy; !- Output Variable or Output Meter Name

OS:EnergyManagementSystem:Sensor,
  {fcf991bb-01d7-479e-b087-74cb30c15870}, !- Handle
  s_lgt_5,                                !- Name
  Wall4,                                  !- Output Variable or Output Meter Index Key Name
  Surface Inside Face Lights Radiation Heat Gain Energy; !- Output Variable or Output Meter Name

OS:EnergyManagementSystem:Sensor,
  {bc55a2b1-93eb-4312-a9ed-40d94c32a4b7}, !- Handle
  s_surf_5,                               !- Name
  Wall4,                                  !- Output Variable or Output Meter Index Key Name
  Surface Inside Face Net Surface Thermal Radiation Heat Gain Energy; !- Output Variable or Output Meter Name

OS:EnergyManagementSystem:Sensor,
  {6d3911f3-32ec-4c2e-a5c8-777779f62b92}, !- Handle
  im_conv,                                !- Name
  furniture mass conditioned space 1,     !- Output Variable or Output Meter Index Key Name
  Surface Inside Face Convection Heat Gain Energy; !- Output Variable or Output Meter Name

OS:EnergyManagementSystem:Sensor,
  {21514150-938b-48c5-aac8-0908dc8fae0e}, !- Handle
  im_ig,                                  !- Name
  furniture mass conditioned space 1,     !- Output Variable or Output Meter Index Key Name
  Surface Inside Face Internal Gains Radiation Heat Gain Energy; !- Output Variable or Output Meter Name

OS:EnergyManagementSystem:Sensor,
  {c2081882-7fd2-495c-8074-2ef72d3b19a0}, !- Handle
  im_sol,                                 !- Name
  furniture mass conditioned space 1,     !- Output Variable or Output Meter Index Key Name
  Surface Inside Face Solar Radiation Heat Gain Energy; !- Output Variable or Output Meter Name

OS:EnergyManagementSystem:Sensor,
  {299f6b4e-82d7-405a-bf2c-417cca28e747}, !- Handle
  im_lgt,                                 !- Name
  furniture mass conditioned space 1,     !- Output Variable or Output Meter Index Key Name
  Surface Inside Face Lights Radiation Heat Gain Energy; !- Output Variable or Output Meter Name

OS:EnergyManagementSystem:Sensor,
  {a30cb384-8fb8-46c3-89f9-cc1f98c21c87}, !- Handle
  im_surf,                                !- Name
  furniture mass conditioned space 1,     !- Output Variable or Output Meter Index Key Name
  Surface Inside Face Net Surface Thermal Radiation Heat Gain Energy; !- Output Variable or Output Meter Name

OS:EnergyManagementSystem:Sensor,
  {935cd810-8b31-4c4a-8706-5e0ecdb48c0e}, !- Handle
  im_conv_1,                              !- Name
  partition wall mass,                    !- Output Variable or Output Meter Index Key Name
  Surface Inside Face Convection Heat Gain Energy; !- Output Variable or Output Meter Name

OS:EnergyManagementSystem:Sensor,
  {5c775cc6-cfc8-4c36-b743-3d8b24c9e088}, !- Handle
  im_ig_1,                                !- Name
  partition wall mass,                    !- Output Variable or Output Meter Index Key Name
  Surface Inside Face Internal Gains Radiation Heat Gain Energy; !- Output Variable or Output Meter Name

OS:EnergyManagementSystem:Sensor,
  {8fa0a62e-bfbd-4be9-b25e-407e9c42b0c4}, !- Handle
  im_sol_1,                               !- Name
  partition wall mass,                    !- Output Variable or Output Meter Index Key Name
  Surface Inside Face Solar Radiation Heat Gain Energy; !- Output Variable or Output Meter Name

OS:EnergyManagementSystem:Sensor,
  {bddb1492-6852-4435-aef2-6f3ada57c638}, !- Handle
  im_lgt_1,                               !- Name
  partition wall mass,                    !- Output Variable or Output Meter Index Key Name
  Surface Inside Face Lights Radiation Heat Gain Energy; !- Output Variable or Output Meter Name

OS:EnergyManagementSystem:Sensor,
  {b03e797d-7fbc-4515-8676-6d29aa8ac99f}, !- Handle
  im_surf_1,                              !- Name
  partition wall mass,                    !- Output Variable or Output Meter Index Key Name
  Surface Inside Face Net Surface Thermal Radiation Heat Gain Energy; !- Output Variable or Output Meter Name

OS:EnergyManagementSystem:Sensor,
  {a2caa58f-cd25-4edf-a59e-5e0f8ccfa23c}, !- Handle
  airflow_gain,                           !- Name
  infil flow,                             !- Output Variable or Output Meter Index Key Name
  Infiltration Sensible Heat Gain Energy; !- Output Variable or Output Meter Name

OS:EnergyManagementSystem:Sensor,
  {7e35c89a-8925-4ab3-aadd-4a9206d5a37b}, !- Handle
  airflow_loss,                           !- Name
  infil flow,                             !- Output Variable or Output Meter Index Key Name
  Infiltration Sensible Heat Loss Energy; !- Output Variable or Output Meter Name

OS:EnergyManagementSystem:Sensor,
  {c23b00a9-ce0f-4482-8017-c88836da7806}, !- Handle
  airflow_gain_1,                         !- Name
  natural vent flow,                      !- Output Variable or Output Meter Index Key Name
  Infiltration Sensible Heat Gain Energy; !- Output Variable or Output Meter Name

OS:EnergyManagementSystem:Sensor,
  {57f038e3-be64-47ef-bdaa-c746e369afca}, !- Handle
  airflow_loss_1,                         !- Name
  natural vent flow,                      !- Output Variable or Output Meter Index Key Name
  Infiltration Sensible Heat Loss Energy; !- Output Variable or Output Meter Name

OS:EnergyManagementSystem:Sensor,
  {5ad0fe7d-adcb-4896-a18f-63c98c7c7ebd}, !- Handle
  airflow_gain_2,                         !- Name
  whole house fan flow,                   !- Output Variable or Output Meter Index Key Name
  Infiltration Sensible Heat Gain Energy; !- Output Variable or Output Meter Name

OS:EnergyManagementSystem:Sensor,
  {fb88f855-4568-4dfe-8a58-9382c31b63fe}, !- Handle
  airflow_loss_2,                         !- Name
  whole house fan flow,                   !- Output Variable or Output Meter Index Key Name
  Infiltration Sensible Heat Loss Energy; !- Output Variable or Output Meter Name

OS:EnergyManagementSystem:Sensor,
  {afbbe728-9432-42fa-b174-294668059ec0}, !- Handle
  mv_conv,                                !- Name
  mech vent bath fan 0,                   !- Output Variable or Output Meter Index Key Name
  Electric Equipment Convective Heating Energy; !- Output Variable or Output Meter Name

OS:EnergyManagementSystem:Sensor,
  {635d8b26-becd-4a97-a49d-8c85384192e4}, !- Handle
  mv_rad,                                 !- Name
  mech vent bath fan 0,                   !- Output Variable or Output Meter Index Key Name
  Electric Equipment Radiant Heating Energy; !- Output Variable or Output Meter Name

OS:EnergyManagementSystem:Sensor,
  {d0676858-854f-4670-9782-4c628837bc5e}, !- Handle
  mv_conv_1,                              !- Name
  mech vent house fan,                    !- Output Variable or Output Meter Index Key Name
  Electric Equipment Convective Heating Energy; !- Output Variable or Output Meter Name

OS:EnergyManagementSystem:Sensor,
  {2a795b9a-b5b3-4bc8-90b9-b7fe107ef845}, !- Handle
  mv_rad_1,                               !- Name
  mech vent house fan,                    !- Output Variable or Output Meter Index Key Name
  Electric Equipment Radiant Heating Energy; !- Output Variable or Output Meter Name

OS:EnergyManagementSystem:Sensor,
  {280dbe9e-9d5c-4046-a2fd-c1503d69b299}, !- Handle
  mv_conv_2,                              !- Name
  mech vent house fan cfis,               !- Output Variable or Output Meter Index Key Name
  Electric Equipment Convective Heating Energy; !- Output Variable or Output Meter Name

OS:EnergyManagementSystem:Sensor,
  {f2066ec4-04e8-4e09-9d69-7a5ed17eecfd}, !- Handle
  mv_rad_2,                               !- Name
  mech vent house fan cfis,               !- Output Variable or Output Meter Index Key Name
  Electric Equipment Radiant Heating Energy; !- Output Variable or Output Meter Name

OS:EnergyManagementSystem:Sensor,
  {9b600747-3ff0-442b-9ba7-ff815d47ac30}, !- Handle
  mv_conv_3,                              !- Name
  mech vent range fan 0,                  !- Output Variable or Output Meter Index Key Name
  Electric Equipment Convective Heating Energy; !- Output Variable or Output Meter Name

OS:EnergyManagementSystem:Sensor,
  {fde4a910-6e82-494a-a2e3-9a90ebeb0a6a}, !- Handle
  mv_rad_3,                               !- Name
  mech vent range fan 0,                  !- Output Variable or Output Meter Index Key Name
  Electric Equipment Radiant Heating Energy; !- Output Variable or Output Meter Name

OS:EnergyManagementSystem:Sensor,
  {14dac55e-f017-4012-a019-ac4d9b4079d9}, !- Handle
  mv_conv_4,                              !- Name
  mech vent house fan latent load,        !- Output Variable or Output Meter Index Key Name
  Other Equipment Convective Heating Energy; !- Output Variable or Output Meter Name

OS:EnergyManagementSystem:Sensor,
  {4ba2d106-6a8e-48d9-861c-b6d9df0c1ab7}, !- Handle
  mv_rad_4,                               !- Name
  mech vent house fan latent load,        !- Output Variable or Output Meter Index Key Name
  Other Equipment Radiant Heating Energy; !- Output Variable or Output Meter Name

OS:EnergyManagementSystem:Sensor,
  {f1737608-c6f2-433c-9fff-05a95c5704ad}, !- Handle
  mv_conv_5,                              !- Name
  mech vent house fan sensible load,      !- Output Variable or Output Meter Index Key Name
  Other Equipment Convective Heating Energy; !- Output Variable or Output Meter Name

OS:EnergyManagementSystem:Sensor,
  {a8a2af73-4831-4735-8929-228c595c9a25}, !- Handle
  mv_rad_5,                               !- Name
  mech vent house fan sensible load,      !- Output Variable or Output Meter Index Key Name
  Other Equipment Radiant Heating Energy; !- Output Variable or Output Meter Name

OS:EnergyManagementSystem:Sensor,
  {ff695482-ca82-44fe-bfc5-15c20bacf1d5}, !- Handle
  ig_lgt_conv,                            !- Name
  interior lighting,                      !- Output Variable or Output Meter Index Key Name
  Lights Convective Heating Energy;       !- Output Variable or Output Meter Name

OS:EnergyManagementSystem:Sensor,
  {e26f0a25-694e-4f66-b92e-a11bab508234}, !- Handle
  ig_lgt_rad,                             !- Name
  interior lighting,                      !- Output Variable or Output Meter Index Key Name
  Lights Radiant Heating Energy;          !- Output Variable or Output Meter Name

OS:EnergyManagementSystem:Sensor,
  {6f50213c-f503-4d01-9d57-6e76eb5cd65f}, !- Handle
  ig_lgt_vis,                             !- Name
  interior lighting,                      !- Output Variable or Output Meter Index Key Name
  Lights Visible Radiation Heating Energy; !- Output Variable or Output Meter Name

OS:EnergyManagementSystem:Sensor,
  {209cc130-3ca7-4c96-8167-0b142fec01ea}, !- Handle
  ig_ee_conv,                             !- Name
  ceiling fan,                            !- Output Variable or Output Meter Index Key Name
  Electric Equipment Convective Heating Energy; !- Output Variable or Output Meter Name

OS:EnergyManagementSystem:Sensor,
  {d6e50c9a-16e6-4379-b201-0bdb92130960}, !- Handle
  ig_ee_rad,                              !- Name
  ceiling fan,                            !- Output Variable or Output Meter Index Key Name
  Electric Equipment Radiant Heating Energy; !- Output Variable or Output Meter Name

OS:EnergyManagementSystem:Sensor,
  {a682d3a8-22f3-438e-abf4-4b37df523bed}, !- Handle
  ig_ee_conv_1,                           !- Name
  clothes dryer,                          !- Output Variable or Output Meter Index Key Name
  Electric Equipment Convective Heating Energy; !- Output Variable or Output Meter Name

OS:EnergyManagementSystem:Sensor,
  {00f6b7dd-2a01-4289-aa8b-770068088c39}, !- Handle
  ig_ee_rad_1,                            !- Name
  clothes dryer,                          !- Output Variable or Output Meter Index Key Name
  Electric Equipment Radiant Heating Energy; !- Output Variable or Output Meter Name

OS:EnergyManagementSystem:Sensor,
  {12f54bd2-c165-49a5-9039-8493ad5ccff4}, !- Handle
  ig_ee_conv_2,                           !- Name
  clothes washer,                         !- Output Variable or Output Meter Index Key Name
  Electric Equipment Convective Heating Energy; !- Output Variable or Output Meter Name

OS:EnergyManagementSystem:Sensor,
  {acac7e46-801c-4089-87a3-8d485ba6bdc6}, !- Handle
  ig_ee_rad_2,                            !- Name
  clothes washer,                         !- Output Variable or Output Meter Index Key Name
  Electric Equipment Radiant Heating Energy; !- Output Variable or Output Meter Name

OS:EnergyManagementSystem:Sensor,
  {61598438-72c2-4510-91e9-3f1cead3a709}, !- Handle
  ig_ee_conv_3,                           !- Name
  cooking range,                          !- Output Variable or Output Meter Index Key Name
  Electric Equipment Convective Heating Energy; !- Output Variable or Output Meter Name

OS:EnergyManagementSystem:Sensor,
  {e37a6f1a-6bbe-437f-94e2-24511029ad45}, !- Handle
  ig_ee_rad_3,                            !- Name
  cooking range,                          !- Output Variable or Output Meter Index Key Name
  Electric Equipment Radiant Heating Energy; !- Output Variable or Output Meter Name

OS:EnergyManagementSystem:Sensor,
  {22560e7e-78ef-4f17-aca7-b73841d17bae}, !- Handle
  ig_ee_conv_4,                           !- Name
  fridge,                                 !- Output Variable or Output Meter Index Key Name
  Electric Equipment Convective Heating Energy; !- Output Variable or Output Meter Name

OS:EnergyManagementSystem:Sensor,
  {37b007b6-0108-485d-8ebb-a98ed72b924b}, !- Handle
  ig_ee_rad_4,                            !- Name
  fridge,                                 !- Output Variable or Output Meter Index Key Name
  Electric Equipment Radiant Heating Energy; !- Output Variable or Output Meter Name

OS:EnergyManagementSystem:Sensor,
  {86097ab6-8c48-43ea-8a76-7f95e3c33998}, !- Handle
  ig_ee_conv_5,                           !- Name
  misc plug loads,                        !- Output Variable or Output Meter Index Key Name
  Electric Equipment Convective Heating Energy; !- Output Variable or Output Meter Name

OS:EnergyManagementSystem:Sensor,
  {6600d7e1-9dff-428e-b750-3ac123086d5d}, !- Handle
  ig_ee_rad_5,                            !- Name
  misc plug loads,                        !- Output Variable or Output Meter Index Key Name
  Electric Equipment Radiant Heating Energy; !- Output Variable or Output Meter Name

OS:EnergyManagementSystem:Sensor,
  {4eb0e0e7-6239-4766-aba2-b9d48d2cb363}, !- Handle
  ig_ee_conv_6,                           !- Name
  misc tv,                                !- Output Variable or Output Meter Index Key Name
  Electric Equipment Convective Heating Energy; !- Output Variable or Output Meter Name

OS:EnergyManagementSystem:Sensor,
  {b3821ce4-27c5-464d-90ea-0352197f35a5}, !- Handle
  ig_ee_rad_6,                            !- Name
  misc tv,                                !- Output Variable or Output Meter Index Key Name
  Electric Equipment Radiant Heating Energy; !- Output Variable or Output Meter Name

OS:EnergyManagementSystem:Sensor,
  {a2f8ef2e-67f4-4501-a8cb-c522e948465a}, !- Handle
  ig_ee_conv_7,                           !- Name
  whole house fan,                        !- Output Variable or Output Meter Index Key Name
  Electric Equipment Convective Heating Energy; !- Output Variable or Output Meter Name

OS:EnergyManagementSystem:Sensor,
  {6d1771f3-06ab-4c11-ae9b-bb2cc6d069b4}, !- Handle
  ig_ee_rad_7,                            !- Name
  whole house fan,                        !- Output Variable or Output Meter Index Key Name
  Electric Equipment Radiant Heating Energy; !- Output Variable or Output Meter Name

OS:EnergyManagementSystem:Sensor,
  {1bf1765e-48b5-48e1-b413-007d333b27a8}, !- Handle
  ig_oe_conv,                             !- Name
  clothes dryer 1,                        !- Output Variable or Output Meter Index Key Name
  Other Equipment Convective Heating Energy; !- Output Variable or Output Meter Name

OS:EnergyManagementSystem:Sensor,
  {2f40ba24-414c-452c-9ff5-fc8095322575}, !- Handle
  ig_oe_rad,                              !- Name
  clothes dryer 1,                        !- Output Variable or Output Meter Index Key Name
  Other Equipment Radiant Heating Energy; !- Output Variable or Output Meter Name

OS:EnergyManagementSystem:Sensor,
  {52b44c1d-d113-49ea-b129-9458d0ac9cc2}, !- Handle
  ig_oe_conv_1,                           !- Name
  cooking range 1,                        !- Output Variable or Output Meter Index Key Name
  Other Equipment Convective Heating Energy; !- Output Variable or Output Meter Name

OS:EnergyManagementSystem:Sensor,
  {3a9ab545-292d-4a00-ad51-7110babb934e}, !- Handle
  ig_oe_rad_1,                            !- Name
  cooking range 1,                        !- Output Variable or Output Meter Index Key Name
  Other Equipment Radiant Heating Energy; !- Output Variable or Output Meter Name

OS:EnergyManagementSystem:Sensor,
  {c50f5858-9510-4509-a40c-3f6eea7962b8}, !- Handle
  ig_oe_conv_2,                           !- Name
  general water use latent,               !- Output Variable or Output Meter Index Key Name
  Other Equipment Convective Heating Energy; !- Output Variable or Output Meter Name

OS:EnergyManagementSystem:Sensor,
  {95c65ad7-7634-4178-b46c-3f81092debf7}, !- Handle
  ig_oe_rad_2,                            !- Name
  general water use latent,               !- Output Variable or Output Meter Index Key Name
  Other Equipment Radiant Heating Energy; !- Output Variable or Output Meter Name

OS:EnergyManagementSystem:Sensor,
  {31ab38df-d3cc-43da-b96c-737ba73a536e}, !- Handle
  ig_oe_conv_3,                           !- Name
  general water use sensible,             !- Output Variable or Output Meter Index Key Name
  Other Equipment Convective Heating Energy; !- Output Variable or Output Meter Name

OS:EnergyManagementSystem:Sensor,
  {cfe4bb15-8c48-4f80-891f-d862bb6c9d0b}, !- Handle
  ig_oe_rad_3,                            !- Name
  general water use sensible,             !- Output Variable or Output Meter Index Key Name
  Other Equipment Radiant Heating Energy; !- Output Variable or Output Meter Name

OS:EnergyManagementSystem:Sensor,
  {caa656ee-6f75-4d6a-a52e-50ca484b3888}, !- Handle
  ig_oe_conv_4,                           !- Name
  water heater energy adjustment1,        !- Output Variable or Output Meter Index Key Name
  Other Equipment Convective Heating Energy; !- Output Variable or Output Meter Name

OS:EnergyManagementSystem:Sensor,
  {4c1ebd84-7f2e-4b8a-ae28-fb0bf8c0f4e0}, !- Handle
  ig_oe_rad_4,                            !- Name
  water heater energy adjustment1,        !- Output Variable or Output Meter Index Key Name
  Other Equipment Radiant Heating Energy; !- Output Variable or Output Meter Name

OS:EnergyManagementSystem:Sensor,
  {a72bb04d-1c58-4e36-8f65-a0c8f113fe41}, !- Handle
  ig_ppl_conv,                            !- Name
  occupants,                              !- Output Variable or Output Meter Index Key Name
  People Convective Heating Energy;       !- Output Variable or Output Meter Name

OS:EnergyManagementSystem:Sensor,
  {603824eb-5f31-46e2-b59a-41f31919bbde}, !- Handle
  ig_ppl_rad,                             !- Name
  occupants,                              !- Output Variable or Output Meter Index Key Name
  People Radiant Heating Energy;          !- Output Variable or Output Meter Name

OS:EnergyManagementSystem:Sensor,
  {bf798747-5b4b-4386-a073-db4bf84675a6}, !- Handle
  dhw_loss,                               !- Name
  water heater,                           !- Output Variable or Output Meter Index Key Name
  Water Heater Heat Loss Energy;          !- Output Variable or Output Meter Name

OS:EnergyManagementSystem:Sensor,
  {b4ad367a-8266-44a2-9567-d30d18694e76}, !- Handle
  dhw_rtf,                                !- Name
  water heater,                           !- Output Variable or Output Meter Index Key Name
  Water Heater Runtime Fraction;          !- Output Variable or Output Meter Name

OS:EnergyManagementSystem:Sensor,
  {33015e7f-3a33-4932-a84d-894f7747cf09}, !- Handle
  tin_s_1,                                !- Name
  conditioned space,                      !- Output Variable or Output Meter Index Key Name
  Zone Mean Air Temperature;              !- Output Variable or Output Meter Name

OS:EnergyManagementSystem:Sensor,
  {34dd6756-19fb-4932-af6d-bb294b730111}, !- Handle
  htg_sp_s_1,                             !- Name
  heating setpoint,                       !- Output Variable or Output Meter Index Key Name
  Schedule Value;                         !- Output Variable or Output Meter Name

OS:EnergyManagementSystem:Sensor,
  {60d807b6-8608-47ba-9506-335ae44b57c5}, !- Handle
  clg_sp_s_1,                             !- Name
  cooling setpoint,                       !- Output Variable or Output Meter Index Key Name
  Schedule Value;                         !- Output Variable or Output Meter Name

OS:EnergyManagementSystem:ProgramCallingManager,
  {ccc85257-3d19-4a2a-b4eb-f5a6fe406343}, !- Handle
  component_loads_program_calling_manager, !- Name
  EndOfZoneTimestepAfterZoneReporting,    !- EnergyPlus Model Calling Point
  {6e7bb9fc-e4f1-40c2-b668-4fc2a86b951e}; !- Program Name 1

OS:EnergyManagementSystem:Program,
  {8b8be8dc-5ea0-44a7-a3d3-b548a4b82408}, !- Handle
  total_airflows_program,                 !- Name
  Set total_infil_flow_rate = 0,          !- Program Line 1
  Set total_mechvent_flow_rate = 0,       !- Program Line 2
  Set total_natvent_flow_rate = 0,        !- Program Line 3
  Set total_whf_flow_rate = 0,            !- Program Line 4
  Set total_infil_flow_rate = total_infil_flow_rate + (infil_program_Qinf * 1), !- Program Line 5
  Set total_mechvent_flow_rate = total_mechvent_flow_rate + (infil_program_Qfan * 1), !- Program Line 6
  Set total_natvent_flow_rate = total_natvent_flow_rate + (natural_vent_program_Qnv * 1), !- Program Line 7
  Set total_whf_flow_rate = total_whf_flow_rate + (natural_vent_program_Qwhf * 1); !- Program Line 8

OS:AdditionalProperties,
  {37e816e9-84cb-475d-a5b6-f80e42003b67}, !- Handle
  {8b8be8dc-5ea0-44a7-a3d3-b548a4b82408}, !- Object Name
  ObjectType,                             !- Feature Name 1
  String,                                 !- Feature Data Type 1
  total airflows program;                 !- Feature Value 1

OS:EnergyManagementSystem:ProgramCallingManager,
  {4386597a-3a3b-494f-935c-95742b188c90}, !- Handle
  total_airflows_program_calling_manager, !- Name
  EndOfZoneTimestepAfterZoneReporting,    !- EnergyPlus Model Calling Point
  {8b8be8dc-5ea0-44a7-a3d3-b548a4b82408}; !- Program Name 1

OS:Output:JSON,
  {2a76054d-a44a-4b47-9cf6-6417ed0b1669}, !- Handle
  TimeSeriesAndTabular,                   !- Option Type
  No,                                     !- Output JSON
  No,                                     !- Output CBOR
  Yes;                                    !- Output MessagePack

OS:OutputControl:Files,
  {ca83716d-7574-45f5-a14b-7016fb1aa3b8}, !- Handle
  No,                                     !- Output CSV
  No,                                     !- Output MTR
  No,                                     !- Output ESO
  No,                                     !- Output EIO
  No,                                     !- Output Tabular
  No,                                     !- Output SQLite
  Yes,                                    !- Output JSON
  No,                                     !- Output AUDIT
  Yes,                                    !- Output Space Sizing
  Yes,                                    !- Output Zone Sizing
  Yes,                                    !- Output System Sizing
  Yes,                                    !- Output DXF
  No,                                     !- Output BND
  No,                                     !- Output RDD
  No,                                     !- Output MDD
  No,                                     !- Output MTD
  No,                                     !- Output SHD
  Yes,                                    !- Output DFS
  Yes,                                    !- Output GLHE
  Yes,                                    !- Output DelightIn
  Yes,                                    !- Output DelightELdmp
  Yes,                                    !- Output DelightDFdmp
  Yes,                                    !- Output EDD
  Yes,                                    !- Output DBG
  No,                                     !- Output PerfLog
  Yes,                                    !- Output SLN
  Yes,                                    !- Output SCI
  Yes,                                    !- Output WRL
  Yes,                                    !- Output Screen
  Yes,                                    !- Output ExtShd
  Yes;                                    !- Output Tarcog

OS:Building,
  {d792ab4e-2dc6-4754-8661-5704816ed02f}, !- Handle
  Building 1,                             !- Name
  ,                                       !- Building Sector Type
  ,                                       !- North Axis {deg}
  ,                                       !- Nominal Floor to Floor Height {m}
  ,                                       !- Space Type Name
  ,                                       !- Default Construction Set Name
  ;                                       !- Default Schedule Set Name

OS:AdditionalProperties,
  {eadafb31-3afb-45f8-a915-05ebf9e77c0c}, !- Handle
  {d792ab4e-2dc6-4754-8661-5704816ed02f}, !- Object Name
  hpxml_path,                             !- Feature Name 1
  String,                                 !- Feature Data Type 1
  /var/simdata/openstudio/run/home.xml,   !- Feature Value 1
  hpxml_defaults_path,                    !- Feature Name 2
  String,                                 !- Feature Data Type 2
  /var/simdata/openstudio/run/in.xml,     !- Feature Value 2
  building_id,                            !- Feature Name 3
  String,                                 !- Feature Data Type 3
  ,                                       !- Feature Value 3
  emissions_scenario_names,               !- Feature Name 4
  String,                                 !- Feature Data Type 4
  ["AER_HighRECost_Avg"&#44 "AER_HighRECostLowNGPrice_Avg"&#44 "AER_LowRECost_Avg"&#44 "AER_LowRECostHighNGPrice_Avg"&#44 "AER_MidCase_Avg"&#44 "LRMER_HighRECost_15"&#44 "LRMER_HighRECost_25"&#44 "LRMER_HighRECostLowNGPrice_15"&#44 "LRMER_HighRECostLowNGPrice_25"&#44 "LRMER_LowRECost_15"&#44 "LRMER_LowRECost_25"&#44 "LRMER_LowRECostHighNGPrice_15"&#44 "LRMER_LowRECostHighNGPrice_25"&#44 "LRMER_MidCase_15"&#44 "LRMER_MidCase_25"], !- Feature Value 4
  emissions_scenario_types,               !- Feature Name 5
  String,                                 !- Feature Data Type 5
  ["CO2e"&#44 "CO2e"&#44 "CO2e"&#44 "CO2e"&#44 "CO2e"&#44 "CO2e"&#44 "CO2e"&#44 "CO2e"&#44 "CO2e"&#44 "CO2e"&#44 "CO2e"&#44 "CO2e"&#44 "CO2e"&#44 "CO2e"&#44 "CO2e"], !- Feature Value 5
  heated_zones,                           !- Feature Name 6
  String,                                 !- Feature Data Type 6
  ["conditioned space"],                  !- Feature Value 6
  cooled_zones,                           !- Feature Name 7
  String,                                 !- Feature Data Type 7
  ["conditioned space"],                  !- Feature Value 7
  is_southern_hemisphere,                 !- Feature Name 8
  Boolean,                                !- Feature Data Type 8
  false;                                  !- Feature Value 8

OS:Meter:Custom,
  {5764d752-a3da-4073-abc1-b074c049a8d1}, !- Handle
  Electricity:Total,                      !- Name
  Electricity,                            !- Fuel Type
  ,                                       !- Key Name 1
  Electricity:Facility;                   !- Output Variable or Meter Name 1

OS:Meter:Custom,
  {5a5ab481-66eb-4a45-9e9e-b1fb5982b90e}, !- Handle
  Electricity:Net,                        !- Name
  Electricity,                            !- Fuel Type
  ,                                       !- Key Name 1
  Electricity:Facility;                   !- Output Variable or Meter Name 1

