
OS:Version,
  {b663b21b-c5d9-4c59-9194-430947200e53}, !- Handle
  3.9.0;                                  !- Version Identifier

OS:SimulationControl,
  {81804c45-cc6f-476b-9e77-7e688514e7b9}, !- Handle
  ,                                       !- Do Zone Sizing Calculation
  ,                                       !- Do System Sizing Calculation
  ,                                       !- Do Plant Sizing Calculation
  No;                                     !- Run Simulation for Sizing Periods

OS:Timestep,
  {989f7f9a-8a70-4200-a049-5ccf52efe133}, !- Handle
  4;                                      !- Number of Timesteps per Hour

OS:ShadowCalculation,
  {1518fe40-5154-4b8f-9d86-82a2a362dcb1}, !- Handle
  PolygonClipping,                        !- Shading Calculation Method
  ,                                       !- Shading Calculation Update Frequency Method
  20,                                     !- Shading Calculation Update Frequency
  200,                                    !- Maximum Figures in Shadow Overlap Calculations
  ,                                       !- Polygon Clipping Algorithm
  512,                                    !- Pixel Counting Resolution
  ,                                       !- Sky Diffuse Modeling Algorithm
  No,                                     !- Output External Shading Calculation Results
  No,                                     !- Disable Self-Shading Within Shading Zone Groups
  No;                                     !- Disable Self-Shading From Shading Zone Groups to Other Zones

OS:SurfaceConvectionAlgorithm:Outside,
  {c265c17a-ffe0-416c-931f-9200c70c62ad}, !- Handle
  DOE-2;                                  !- Algorithm

OS:SurfaceConvectionAlgorithm:Inside,
  {8ff3a618-84a3-467d-b023-e1a3130d66be}, !- Handle
  TARP;                                   !- Algorithm

OS:ZoneCapacitanceMultiplier:ResearchSpecial,
  {fc2f472b-8454-4b44-9611-1a65f506d0f8}, !- Handle
  7,                                      !- Temperature Capacity Multiplier
  15,                                     !- Humidity Capacity Multiplier
  ;                                       !- Carbon Dioxide Capacity Multiplier

OS:ConvergenceLimits,
  {dcd493c5-4515-4a05-89e1-bbcbdddd99b8}, !- Handle
  0;                                      !- Minimum System Timestep {minutes}

OS:RunPeriod,
  {e397e240-2865-4c6d-8604-3cda5a1ed0a5}, !- Handle
  Run Period 1,                           !- Name
  1,                                      !- Begin Month
  1,                                      !- Begin Day of Month
  12,                                     !- End Month
  31,                                     !- End Day of Month
  ,                                       !- Use Weather File Holidays and Special Days
  ,                                       !- Use Weather File Daylight Saving Period
  ,                                       !- Apply Weekend Holiday Rule
  ,                                       !- Use Weather File Rain Indicators
  ,                                       !- Use Weather File Snow Indicators
  ;                                       !- Number of Times Runperiod to be Repeated

OS:PerformancePrecisionTradeoffs,
  {67f4d0d2-91c4-4e39-9853-eb6c640fedb4}, !- Handle
  ,                                       !- Use Coil Direct Solutions
  CarrollMRT;                             !- Zone Radiant Exchange Algorithm

OS:WeatherFile,
  {9bf5fbd9-79f8-4b76-b220-faa9f9e3971d}, !- Handle
  Northwest Alabama R,                    !- City
  AL,                                     !- State Province Region
  USA,                                    !- Country
  customized weather file,                !- Data Source
  723235,                                 !- WMO Number
  34.75,                                  !- Latitude {deg}
  -87.61,                                 !- Longitude {deg}
  -6,                                     !- Time Zone {hr}
  171,                                    !- Elevation {m}
  /weather/G0100590.epw,                  !- Url
  E9CC65A4,                               !- Checksum
  2018,                                   !- Start Date Actual Year
  Monday;                                 !- Start Day of Week

OS:YearDescription,
  {832203d4-6b54-49da-8dc3-ad124c2f42f0}, !- Handle
  2018,                                   !- Calendar Year
  ,                                       !- Day of Week for Start Day
  ;                                       !- Is Leap Year

OS:Site,
  {a9b5ada0-a75b-4ec7-97ca-3fd4f2e7aa00}, !- Handle
  Northwest Alabama R_AL,                 !- Name
  34.75,                                  !- Latitude {deg}
  -87.61,                                 !- Longitude {deg}
  -6,                                     !- Time Zone {hr}
  171,                                    !- Elevation {m}
  Suburbs,                                !- Terrain
  Yes;                                    !- Keep Site Location Information

OS:RunPeriodControl:DaylightSavingTime,
  {62a064d7-001d-4616-907c-bbbeb8c2658e}, !- Handle
  Mar 11,                                 !- Start Date
  Nov 4;                                  !- End Date

OS:Site:GroundTemperature:Shallow,
  {d5851293-094d-4b97-b24d-4aeb3120782f}, !- Handle
  12.8733910451148,                       !- January Surface Ground Temperature {C}
  11.052120772326,                        !- February Surface Ground Temperature {C}
  10.9062669174173,                       !- March Surface Ground Temperature {C}
  11.7705527222108,                       !- April Surface Ground Temperature {C}
  15.2401786105463,                       !- May Surface Ground Temperature {C}
  18.693641509601,                        !- June Surface Ground Temperature {C}
  21.6876092753509,                       !- July Surface Ground Temperature {C}
  23.5842142198169,                       !- August Surface Ground Temperature {C}
  23.7453412271598,                       !- September Surface Ground Temperature {C}
  22.2027718806209,                       !- October Surface Ground Temperature {C}
  19.2851520507003,                       !- November Surface Ground Temperature {C}
  15.9376273271869;                       !- December Surface Ground Temperature {C}

OS:ThermalZone,
  {ca000d2e-7da3-478c-a7d6-1c15e6b5958a}, !- Handle
  conditioned space,                      !- Name
  1,                                      !- Multiplier
  ,                                       !- Ceiling Height {m}
  278.184700919808,                       !- Volume {m3}
  ,                                       !- Floor Area {m2}
  ,                                       !- Zone Inside Convection Algorithm
  ,                                       !- Zone Outside Convection Algorithm
  ,                                       !- Zone Conditioning Equipment List Name
  {d068ccfd-8fbf-46ff-8940-66090c62b695}, !- Zone Air Inlet Port List
  {06159292-6fb9-4ec5-a2b0-4e7a0ab63a52}, !- Zone Air Exhaust Port List
  {24d98c7f-404b-4b86-a0ee-e6f0d344558a}, !- Zone Air Node Name
  {3830de46-318f-47e0-8221-58fa9a08b0c9}, !- Zone Return Air Port List
  ,                                       !- Primary Daylighting Control Name
  ,                                       !- Fraction of Zone Controlled by Primary Daylighting Control
  ,                                       !- Secondary Daylighting Control Name
  ,                                       !- Fraction of Zone Controlled by Secondary Daylighting Control
  ,                                       !- Illuminance Map Name
  ,                                       !- Group Rendering Name
  {0b5f0d5a-4da4-49d9-b1b1-40a11ebbf0ac}, !- Thermostat Name
  No;                                     !- Use Ideal Air Loads

OS:Node,
  {fc003200-462b-4d99-b5b3-5c24217d20bd}, !- Handle
  Node 1,                                 !- Name
  {24d98c7f-404b-4b86-a0ee-e6f0d344558a}, !- Inlet Port
  ;                                       !- Outlet Port

OS:Connection,
  {24d98c7f-404b-4b86-a0ee-e6f0d344558a}, !- Handle
  {ca000d2e-7da3-478c-a7d6-1c15e6b5958a}, !- Source Object
  11,                                     !- Outlet Port
  {fc003200-462b-4d99-b5b3-5c24217d20bd}, !- Target Object
  2;                                      !- Inlet Port

OS:PortList,
  {d068ccfd-8fbf-46ff-8940-66090c62b695}, !- Handle
  {ca000d2e-7da3-478c-a7d6-1c15e6b5958a}, !- HVAC Component
  {965678f9-8f88-4699-a145-b54adb8e2130}; !- Port 1

OS:PortList,
  {06159292-6fb9-4ec5-a2b0-4e7a0ab63a52}, !- Handle
  {ca000d2e-7da3-478c-a7d6-1c15e6b5958a}; !- HVAC Component

OS:PortList,
  {3830de46-318f-47e0-8221-58fa9a08b0c9}, !- Handle
  {ca000d2e-7da3-478c-a7d6-1c15e6b5958a}, !- HVAC Component
  {a0f05164-93f0-41e8-b12d-1c61af5db9ee}; !- Port 1

OS:Sizing:Zone,
  {79af06fc-1b30-4715-abd4-4862cd2a29b6}, !- Handle
  {ca000d2e-7da3-478c-a7d6-1c15e6b5958a}, !- Zone or ZoneList Name
  SupplyAirTemperature,                   !- Zone Cooling Design Supply Air Temperature Input Method
  14,                                     !- Zone Cooling Design Supply Air Temperature {C}
  11.11,                                  !- Zone Cooling Design Supply Air Temperature Difference {deltaC}
  SupplyAirTemperature,                   !- Zone Heating Design Supply Air Temperature Input Method
  40,                                     !- Zone Heating Design Supply Air Temperature {C}
  11.11,                                  !- Zone Heating Design Supply Air Temperature Difference {deltaC}
  0.0085,                                 !- Zone Cooling Design Supply Air Humidity Ratio {kg-H2O/kg-air}
  0.008,                                  !- Zone Heating Design Supply Air Humidity Ratio {kg-H2O/kg-air}
  ,                                       !- Zone Heating Sizing Factor
  ,                                       !- Zone Cooling Sizing Factor
  DesignDay,                              !- Cooling Design Air Flow Method
  ,                                       !- Cooling Design Air Flow Rate {m3/s}
  ,                                       !- Cooling Minimum Air Flow per Zone Floor Area {m3/s-m2}
  ,                                       !- Cooling Minimum Air Flow {m3/s}
  ,                                       !- Cooling Minimum Air Flow Fraction
  DesignDay,                              !- Heating Design Air Flow Method
  ,                                       !- Heating Design Air Flow Rate {m3/s}
  ,                                       !- Heating Maximum Air Flow per Zone Floor Area {m3/s-m2}
  ,                                       !- Heating Maximum Air Flow {m3/s}
  ,                                       !- Heating Maximum Air Flow Fraction
  No,                                     !- Account for Dedicated Outdoor Air System
  NeutralSupplyAir,                       !- Dedicated Outdoor Air System Control Strategy
  autosize,                               !- Dedicated Outdoor Air Low Setpoint Temperature for Design {C}
  autosize,                               !- Dedicated Outdoor Air High Setpoint Temperature for Design {C}
  Sensible Load Only No Latent Load,      !- Zone Load Sizing Method
  HumidityRatioDifference,                !- Zone Latent Cooling Design Supply Air Humidity Ratio Input Method
  ,                                       !- Zone Dehumidification Design Supply Air Humidity Ratio {kgWater/kgDryAir}
  0.005,                                  !- Zone Cooling Design Supply Air Humidity Ratio Difference {kgWater/kgDryAir}
  HumidityRatioDifference,                !- Zone Latent Heating Design Supply Air Humidity Ratio Input Method
  ,                                       !- Zone Humidification Design Supply Air Humidity Ratio {kgWater/kgDryAir}
  0.005,                                  !- Zone Humidification Design Supply Air Humidity Ratio Difference {kgWater/kgDryAir}
  ,                                       !- Zone Humidistat Dehumidification Set Point Schedule Name
  ,                                       !- Zone Humidistat Humidification Set Point Schedule Name
  ,                                       !- Design Zone Air Distribution Effectiveness in Cooling Mode
  ,                                       !- Design Zone Air Distribution Effectiveness in Heating Mode
  ,                                       !- Design Zone Secondary Recirculation Fraction {dimensionless}
  ,                                       !- Design Minimum Zone Ventilation Efficiency {dimensionless}
  Coincident;                             !- Sizing Option

OS:ZoneHVAC:EquipmentList,
  {d2579c98-a5ca-4069-9caf-f009f8864544}, !- Handle
  Zone HVAC Equipment List 1,             !- Name
  {ca000d2e-7da3-478c-a7d6-1c15e6b5958a}, !- Thermal Zone
  ,                                       !- Load Distribution Scheme
  {7ff1f1c3-a1bf-4b7c-ba65-4de01ffdd3da}, !- Zone Equipment 1
  1,                                      !- Zone Equipment Cooling Sequence 1
  1,                                      !- Zone Equipment Heating or No-Load Sequence 1
  {64412b32-2896-4acf-9a00-7a946712a3eb}, !- Zone Equipment Sequential Cooling Fraction Schedule Name 1
  {d899ba53-a224-463c-8b9c-0c5ed55b2c6a}; !- Zone Equipment Sequential Heating Fraction Schedule Name 1

OS:AdditionalProperties,
  {156cf894-7276-4e01-9b09-4e76ffa1f870}, !- Handle
  {ca000d2e-7da3-478c-a7d6-1c15e6b5958a}, !- Object Name
  ObjectType,                             !- Feature Name 1
  String,                                 !- Feature Data Type 1
  conditioned space;                      !- Feature Value 1

OS:Space,
  {271f44e5-19ec-4eb2-9528-658d31d09048}, !- Handle
  conditioned space 1,                    !- Name
  ,                                       !- Space Type Name
  ,                                       !- Default Construction Set Name
  ,                                       !- Default Schedule Set Name
  ,                                       !- Direction of Relative North {deg}
  ,                                       !- X Origin {m}
  ,                                       !- Y Origin {m}
  ,                                       !- Z Origin {m}
  ,                                       !- Building Story Name
  {ca000d2e-7da3-478c-a7d6-1c15e6b5958a}, !- Thermal Zone Name
  ,                                       !- Part of Total Floor Area
  ,                                       !- Design Specification Outdoor Air Object Name
  ,                                       !- Building Unit Name
  278.184700919808;                       !- Volume {m3}

OS:Schedule:Ruleset,
  {d2620f9e-3e52-416a-9abe-0016da16a662}, !- Handle
  heating setpoint,                       !- Name
  {d2cd7c67-aa81-46b5-a2b6-273b8b6d5dc5}, !- Schedule Type Limits Name
  {243ff82d-a46e-4f94-b63a-5c9de179dc4a}; !- Default Day Schedule Name

OS:Schedule:Day,
  {243ff82d-a46e-4f94-b63a-5c9de179dc4a}, !- Handle
  heating setpoint default day,           !- Name
  {d2cd7c67-aa81-46b5-a2b6-273b8b6d5dc5}, !- Schedule Type Limits Name
  ,                                       !- Interpolate to Timestep
  24,                                     !- Hour 1
  0,                                      !- Minute 1
  0;                                      !- Value Until Time 1

OS:Schedule:Rule,
  {0380b4b3-666f-4b93-808a-84dbffdc7daf}, !- Handle
  heating setpoint allday rule,           !- Name
  {d2620f9e-3e52-416a-9abe-0016da16a662}, !- Schedule Ruleset Name
  0,                                      !- Rule Order
  {a85f2bc5-6121-4f63-8766-2fecb7dda9a6}, !- Day Schedule Name
  Yes,                                    !- Apply Sunday
  Yes,                                    !- Apply Monday
  Yes,                                    !- Apply Tuesday
  Yes,                                    !- Apply Wednesday
  Yes,                                    !- Apply Thursday
  Yes,                                    !- Apply Friday
  Yes,                                    !- Apply Saturday
  DateRange,                              !- Date Specification Type
  1,                                      !- Start Month
  1,                                      !- Start Day
  12,                                     !- End Month
  31;                                     !- End Day

OS:Schedule:Day,
  {a85f2bc5-6121-4f63-8766-2fecb7dda9a6}, !- Handle
  heating setpoint day,                   !- Name
  {d2cd7c67-aa81-46b5-a2b6-273b8b6d5dc5}, !- Schedule Type Limits Name
  ,                                       !- Interpolate to Timestep
  24,                                     !- Hour 1
  0,                                      !- Minute 1
  20;                                     !- Value Until Time 1

OS:Schedule:Ruleset,
  {9581d8e9-d606-495c-937a-b7f5031a4af6}, !- Handle
  cooling setpoint,                       !- Name
  {d2cd7c67-aa81-46b5-a2b6-273b8b6d5dc5}, !- Schedule Type Limits Name
  {9147b69a-f9bf-4ecd-be73-a3ae473b962f}; !- Default Day Schedule Name

OS:Schedule:Day,
  {9147b69a-f9bf-4ecd-be73-a3ae473b962f}, !- Handle
  cooling setpoint default day,           !- Name
  {d2cd7c67-aa81-46b5-a2b6-273b8b6d5dc5}, !- Schedule Type Limits Name
  ,                                       !- Interpolate to Timestep
  24,                                     !- Hour 1
  0,                                      !- Minute 1
  0;                                      !- Value Until Time 1

OS:Schedule:Rule,
  {5581dad2-24ba-4c0c-82c4-ba340d8ea2e5}, !- Handle
  cooling setpoint allday rule,           !- Name
  {9581d8e9-d606-495c-937a-b7f5031a4af6}, !- Schedule Ruleset Name
  0,                                      !- Rule Order
  {76801ba0-e700-41ae-bbfc-5e0f02a0b9fa}, !- Day Schedule Name
  Yes,                                    !- Apply Sunday
  Yes,                                    !- Apply Monday
  Yes,                                    !- Apply Tuesday
  Yes,                                    !- Apply Wednesday
  Yes,                                    !- Apply Thursday
  Yes,                                    !- Apply Friday
  Yes,                                    !- Apply Saturday
  DateRange,                              !- Date Specification Type
  1,                                      !- Start Month
  1,                                      !- Start Day
  12,                                     !- End Month
  31;                                     !- End Day

OS:Schedule:Day,
  {76801ba0-e700-41ae-bbfc-5e0f02a0b9fa}, !- Handle
  cooling setpoint day,                   !- Name
  {d2cd7c67-aa81-46b5-a2b6-273b8b6d5dc5}, !- Schedule Type Limits Name
  ,                                       !- Interpolate to Timestep
  5,                                      !- Hour 1
  0,                                      !- Minute 1
  22.7777777777778,                       !- Value Until Time 1
  20,                                     !- Hour 2
  0,                                      !- Minute 2
  23.8888888888889,                       !- Value Until Time 2
  24,                                     !- Hour 3
  0,                                      !- Minute 3
  22.7777777777778;                       !- Value Until Time 3

OS:ThermostatSetpoint:DualSetpoint,
  {0b5f0d5a-4da4-49d9-b1b1-40a11ebbf0ac}, !- Handle
  conditioned space temperature setpoint, !- Name
  {d2620f9e-3e52-416a-9abe-0016da16a662}, !- Heating Setpoint Temperature Schedule Name
  {9581d8e9-d606-495c-937a-b7f5031a4af6}, !- Cooling Setpoint Temperature Schedule Name
  0;                                      !- Temperature Difference Between Cutout And Setpoint {deltaC}

OS:ScheduleTypeLimits,
  {d2cd7c67-aa81-46b5-a2b6-273b8b6d5dc5}, !- Handle
  Temperature,                            !- Name
  ,                                       !- Lower Limit Value
  ,                                       !- Upper Limit Value
  Continuous,                             !- Numeric Type
  Temperature;                            !- Unit Type

OS:Surface,
  {f96e50be-f688-4c47-a7cb-194a6c349197}, !- Handle
  Roof1,                                  !- Name
  RoofCeiling,                            !- Surface Type
  {be7214ba-c7ef-4254-89d3-04abf7327847}, !- Construction Name
  {271f44e5-19ec-4eb2-9528-658d31d09048}, !- Space Name
  Outdoors,                               !- Outside Boundary Condition
  ,                                       !- Outside Boundary Condition Object
  SunExposed,                             !- Sun Exposure
  WindExposed,                            !- Wind Exposure
  ,                                       !- View Factor to Ground
  ,                                       !- Number of Vertices
  4.44089209850063e-16, 7.55264632827461, 3.048, !- X,Y,Z Vertex 1 {m}
  -7.55264632827461, 4.44089209850063e-16, 3.048, !- X,Y,Z Vertex 2 {m}
  -4.44089209850063e-16, -7.55264632827461, 3.048, !- X,Y,Z Vertex 3 {m}
  7.55264632827461, -4.44089209850063e-16, 3.048; !- X,Y,Z Vertex 4 {m}

OS:AdditionalProperties,
  {6f5ee34a-f75e-4acc-a6ba-28f9ad770bbc}, !- Handle
  {f96e50be-f688-4c47-a7cb-194a6c349197}, !- Object Name
  Length,                                 !- Feature Name 1
  Double,                                 !- Feature Data Type 1
  35.042830935870462,                     !- Feature Value 1
  Width,                                  !- Feature Name 2
  Double,                                 !- Feature Data Type 2
  35.042830935870462,                     !- Feature Value 2
  Azimuth,                                !- Feature Name 3
  Integer,                                !- Feature Data Type 3
  45,                                     !- Feature Value 3
  Tilt,                                   !- Feature Name 4
  Double,                                 !- Feature Data Type 4
  0,                                      !- Feature Value 4
  SurfaceType,                            !- Feature Name 5
  String,                                 !- Feature Data Type 5
  Roof;                                   !- Feature Value 5

OS:Material,
  {4170e8f2-e0fe-45f5-99c9-260e48bd1b6d}, !- Handle
  asphalt or fiberglass shingles,         !- Name
  Rough,                                  !- Roughness
  0.00635,                                !- Thickness {m}
  0.162714,                               !- Conductivity {W/m-K}
  1121.4,                                 !- Density {kg/m3}
  1465.45,                                !- Specific Heat {J/kg-K}
  0.9,                                    !- Thermal Absorptance
  0.85,                                   !- Solar Absorptance
  0.85;                                   !- Visible Absorptance

OS:Material,
  {c40d85cd-1df1-4b90-ba9a-7f6ee99b0be4}, !- Handle
  roof rigid ins,                         !- Name
  Rough,                                  !- Roughness
  0.051816,                               !- Thickness {m}
  0.029427,                               !- Conductivity {W/m-K}
  32.04,                                  !- Density {kg/m3}
  1214.23,                                !- Specific Heat {J/kg-K}
  0.9,                                    !- Thermal Absorptance
  0.7,                                    !- Solar Absorptance
  0.7;                                    !- Visible Absorptance

OS:Material,
  {31362ed8-6c73-434e-b77c-7b518cac59e2}, !- Handle
  osb sheathing 0.75 in.,                 !- Name
  Rough,                                  !- Roughness
  0.01905,                                !- Thickness {m}
  0.1154577,                              !- Conductivity {W/m-K}
  512.64,                                 !- Density {kg/m3}
  1214.23,                                !- Specific Heat {J/kg-K}
  0.9,                                    !- Thermal Absorptance
  0.7,                                    !- Solar Absorptance
  0.7;                                    !- Visible Absorptance

OS:Material,
  {f5c2a978-a6b1-43ab-a7ce-a228bcb491f0}, !- Handle
  roof stud and cavity,                   !- Name
  Rough,                                  !- Roughness
  0.2032,                                 !- Thickness {m}
  0.133729293996202,                      !- Conductivity {W/m-K}
  78.34581,                               !- Density {kg/m3}
  1123.46101114405,                       !- Specific Heat {J/kg-K}
  0.9,                                    !- Thermal Absorptance
  0.7,                                    !- Solar Absorptance
  0.7;                                    !- Visible Absorptance

OS:Material,
  {21235d03-52d9-4f4b-848c-a786f1a44e1c}, !- Handle
  gypsum board,                           !- Name
  Rough,                                  !- Roughness
  0.0127,                                 !- Thickness {m}
  0.1602906,                              !- Conductivity {W/m-K}
  801,                                    !- Density {kg/m3}
  837.4,                                  !- Specific Heat {J/kg-K}
  0.9,                                    !- Thermal Absorptance
  0.6,                                    !- Solar Absorptance
  0.6;                                    !- Visible Absorptance

OS:Construction,
  {be7214ba-c7ef-4254-89d3-04abf7327847}, !- Handle
  Roof1 construction,                     !- Name
  ,                                       !- Surface Rendering Name
  {4170e8f2-e0fe-45f5-99c9-260e48bd1b6d}, !- Layer 1
  {c40d85cd-1df1-4b90-ba9a-7f6ee99b0be4}, !- Layer 2
  {31362ed8-6c73-434e-b77c-7b518cac59e2}, !- Layer 3
  {f5c2a978-a6b1-43ab-a7ce-a228bcb491f0}, !- Layer 4
  {21235d03-52d9-4f4b-848c-a786f1a44e1c}; !- Layer 5

OS:Surface,
  {5c7dc6e7-372d-4f61-a627-163f4ec6c8e5}, !- Handle
  Wall1,                                  !- Name
  Wall,                                   !- Surface Type
  {4d191cf3-1ea0-4731-b32d-e77c93ce73be}, !- Construction Name
  {271f44e5-19ec-4eb2-9528-658d31d09048}, !- Space Name
  Outdoors,                               !- Outside Boundary Condition
  ,                                       !- Outside Boundary Condition Object
  SunExposed,                             !- Sun Exposure
  WindExposed,                            !- Wind Exposure
  ,                                       !- View Factor to Ground
  ,                                       !- Number of Vertices
  12.066684492053, -1.42128733733319, 0.6096, !- X,Y,Z Vertex 1 {m}
  12.066684492053, -1.42128733733319, 3.048, !- X,Y,Z Vertex 2 {m}
  3.14929016383135, -10.3386816655548, 3.048, !- X,Y,Z Vertex 3 {m}
  3.14929016383135, -10.3386816655548, 0.6096; !- X,Y,Z Vertex 4 {m}

OS:AdditionalProperties,
  {d3f9ce0a-5e53-4788-b8be-d2f5b3a272bb}, !- Handle
  {5c7dc6e7-372d-4f61-a627-163f4ec6c8e5}, !- Object Name
  Length,                                 !- Feature Name 1
  Double,                                 !- Feature Data Type 1
  41.375,                                 !- Feature Value 1
  Azimuth,                                !- Feature Name 2
  Integer,                                !- Feature Data Type 2
  135,                                    !- Feature Value 2
  Tilt,                                   !- Feature Name 3
  Double,                                 !- Feature Data Type 3
  90,                                     !- Feature Value 3
  SurfaceType,                            !- Feature Name 4
  String,                                 !- Feature Data Type 4
  Wall;                                   !- Feature Value 4

OS:Material,
  {58f3fca6-0d7e-4b70-b181-4e70507e4a26}, !- Handle
  brick veneer,                           !- Name
  Rough,                                  !- Roughness
  0.1016,                                 !- Thickness {m}
  0.793375,                               !- Conductivity {W/m-K}
  1762.2,                                 !- Density {kg/m3}
  795.53,                                 !- Specific Heat {J/kg-K}
  0.9,                                    !- Thermal Absorptance
  0.85,                                   !- Solar Absorptance
  0.85;                                   !- Visible Absorptance

OS:Material,
  {def7d808-b9b7-4210-a516-a0d081876531}, !- Handle
  osb sheathing 0.5 in.,                  !- Name
  Rough,                                  !- Roughness
  0.0127,                                 !- Thickness {m}
  0.1154577,                              !- Conductivity {W/m-K}
  512.64,                                 !- Density {kg/m3}
  1214.23,                                !- Specific Heat {J/kg-K}
  0.9,                                    !- Thermal Absorptance
  0.7,                                    !- Solar Absorptance
  0.7;                                    !- Visible Absorptance

OS:Material,
  {030228a2-60bf-438f-8f0d-03f0a16c7f0f}, !- Handle
  wall stud and cavity,                   !- Name
  Rough,                                  !- Roughness
  0.1397,                                 !- Thickness {m}
  0.078388407545142,                      !- Conductivity {W/m-K}
  139.0536,                               !- Density {kg/m3}
  1170.23755760369,                       !- Specific Heat {J/kg-K}
  0.9,                                    !- Thermal Absorptance
  0.7,                                    !- Solar Absorptance
  0.7;                                    !- Visible Absorptance

OS:Construction,
  {4d191cf3-1ea0-4731-b32d-e77c93ce73be}, !- Handle
  Wall1 construction,                     !- Name
  ,                                       !- Surface Rendering Name
  {58f3fca6-0d7e-4b70-b181-4e70507e4a26}, !- Layer 1
  {def7d808-b9b7-4210-a516-a0d081876531}, !- Layer 2
  {030228a2-60bf-438f-8f0d-03f0a16c7f0f}, !- Layer 3
  {21235d03-52d9-4f4b-848c-a786f1a44e1c}; !- Layer 4

OS:Surface,
  {59828a74-5c20-4622-8f66-66787228117e}, !- Handle
  Wall2,                                  !- Name
  Wall,                                   !- Surface Type
  {fe378cea-88c7-4e33-8dc3-293c8076d2e4}, !- Construction Name
  {271f44e5-19ec-4eb2-9528-658d31d09048}, !- Space Name
  Outdoors,                               !- Outside Boundary Condition
  ,                                       !- Outside Boundary Condition Object
  SunExposed,                             !- Sun Exposure
  WindExposed,                            !- Wind Exposure
  ,                                       !- View Factor to Ground
  ,                                       !- Number of Vertices
  -6.23733589606874, -7.25063593331748, 0.6096, !- X,Y,Z Vertex 1 {m}
  -6.23733589606874, -7.25063593331748, 3.048, !- X,Y,Z Vertex 2 {m}
  -11.1917431980626, -2.29622863132362, 3.048, !- X,Y,Z Vertex 3 {m}
  -11.1917431980626, -2.29622863132362, 0.6096; !- X,Y,Z Vertex 4 {m}

OS:AdditionalProperties,
  {2371a180-f112-441d-aa22-7f4ce4fe7bf1}, !- Handle
  {59828a74-5c20-4622-8f66-66787228117e}, !- Object Name
  Length,                                 !- Feature Name 1
  Double,                                 !- Feature Data Type 1
  22.987500000000001,                     !- Feature Value 1
  Azimuth,                                !- Feature Name 2
  Integer,                                !- Feature Data Type 2
  225,                                    !- Feature Value 2
  Tilt,                                   !- Feature Name 3
  Double,                                 !- Feature Data Type 3
  90,                                     !- Feature Value 3
  SurfaceType,                            !- Feature Name 4
  String,                                 !- Feature Data Type 4
  Wall;                                   !- Feature Value 4

OS:Construction,
  {fe378cea-88c7-4e33-8dc3-293c8076d2e4}, !- Handle
  Wall2 construction,                     !- Name
  ,                                       !- Surface Rendering Name
  {58f3fca6-0d7e-4b70-b181-4e70507e4a26}, !- Layer 1
  {def7d808-b9b7-4210-a516-a0d081876531}, !- Layer 2
  {030228a2-60bf-438f-8f0d-03f0a16c7f0f}, !- Layer 3
  {21235d03-52d9-4f4b-848c-a786f1a44e1c}; !- Layer 4

OS:Surface,
  {727496c6-257c-4c33-a8e2-664d6d16c02c}, !- Handle
  Wall3,                                  !- Name
  Wall,                                   !- Surface Type
  {951b7aae-adbe-4044-96e1-e1e596d953f3}, !- Construction Name
  {271f44e5-19ec-4eb2-9528-658d31d09048}, !- Space Name
  Outdoors,                               !- Outside Boundary Condition
  ,                                       !- Outside Boundary Condition Object
  SunExposed,                             !- Sun Exposure
  WindExposed,                            !- Wind Exposure
  ,                                       !- View Factor to Ground
  ,                                       !- Number of Vertices
  -12.8310481336178, 0.656923695768447, 0.6096, !- X,Y,Z Vertex 1 {m}
  -12.8310481336178, 0.656923695768447, 3.048, !- X,Y,Z Vertex 2 {m}
  -4.45246917266024, 9.03550265672601, 3.048, !- X,Y,Z Vertex 3 {m}
  -4.45246917266024, 9.03550265672601, 0.6096; !- X,Y,Z Vertex 4 {m}

OS:AdditionalProperties,
  {c7c91b5c-61af-40ac-ba15-85662fdf1d3d}, !- Handle
  {727496c6-257c-4c33-a8e2-664d6d16c02c}, !- Object Name
  Length,                                 !- Feature Name 1
  Double,                                 !- Feature Data Type 1
  38.875,                                 !- Feature Value 1
  Azimuth,                                !- Feature Name 2
  Integer,                                !- Feature Data Type 2
  315,                                    !- Feature Value 2
  Tilt,                                   !- Feature Name 3
  Double,                                 !- Feature Data Type 3
  90,                                     !- Feature Value 3
  SurfaceType,                            !- Feature Name 4
  String,                                 !- Feature Data Type 4
  Wall;                                   !- Feature Value 4

OS:Construction,
  {951b7aae-adbe-4044-96e1-e1e596d953f3}, !- Handle
  Wall3 construction,                     !- Name
  ,                                       !- Surface Rendering Name
  {58f3fca6-0d7e-4b70-b181-4e70507e4a26}, !- Layer 1
  {def7d808-b9b7-4210-a516-a0d081876531}, !- Layer 2
  {030228a2-60bf-438f-8f0d-03f0a16c7f0f}, !- Layer 3
  {21235d03-52d9-4f4b-848c-a786f1a44e1c}; !- Layer 4

OS:Surface,
  {bfe222e1-cd5e-44fc-b215-487c1ea88139}, !- Handle
  Wall4,                                  !- Name
  Wall,                                   !- Surface Type
  {1352c6be-d1b4-4ec7-9711-8e6a9fa3d483}, !- Construction Name
  {271f44e5-19ec-4eb2-9528-658d31d09048}, !- Space Name
  Outdoors,                               !- Outside Boundary Condition
  ,                                       !- Outside Boundary Condition Object
  SunExposed,                             !- Sun Exposure
  WindExposed,                            !- Wind Exposure
  ,                                       !- View Factor to Ground
  ,                                       !- Number of Vertices
  6.23733589606874, 7.25063593331748, 0.6096, !- X,Y,Z Vertex 1 {m}
  6.23733589606874, 7.25063593331748, 3.048, !- X,Y,Z Vertex 2 {m}
  11.1917431980626, 2.29622863132362, 3.048, !- X,Y,Z Vertex 3 {m}
  11.1917431980626, 2.29622863132362, 0.6096; !- X,Y,Z Vertex 4 {m}

OS:AdditionalProperties,
  {65ab0c53-9b8c-4b7f-bbea-b9f06a83e150}, !- Handle
  {bfe222e1-cd5e-44fc-b215-487c1ea88139}, !- Object Name
  Length,                                 !- Feature Name 1
  Double,                                 !- Feature Data Type 1
  22.987500000000001,                     !- Feature Value 1
  Azimuth,                                !- Feature Name 2
  Integer,                                !- Feature Data Type 2
  45,                                     !- Feature Value 2
  Tilt,                                   !- Feature Name 3
  Double,                                 !- Feature Data Type 3
  90,                                     !- Feature Value 3
  SurfaceType,                            !- Feature Name 4
  String,                                 !- Feature Data Type 4
  Wall;                                   !- Feature Value 4

OS:Construction,
  {1352c6be-d1b4-4ec7-9711-8e6a9fa3d483}, !- Handle
  Wall4 construction,                     !- Name
  ,                                       !- Surface Rendering Name
  {58f3fca6-0d7e-4b70-b181-4e70507e4a26}, !- Layer 1
  {def7d808-b9b7-4210-a516-a0d081876531}, !- Layer 2
  {030228a2-60bf-438f-8f0d-03f0a16c7f0f}, !- Layer 3
  {21235d03-52d9-4f4b-848c-a786f1a44e1c}; !- Layer 4

OS:Surface,
  {2b0525a2-d298-4925-a74a-efb61ebc3558}, !- Handle
  Floor1,                                 !- Name
  Floor,                                  !- Surface Type
  {3566f2a9-c27e-4158-b598-e8bda4142111}, !- Construction Name
  {271f44e5-19ec-4eb2-9528-658d31d09048}, !- Space Name
  Outdoors,                               !- Outside Boundary Condition
  ,                                       !- Outside Boundary Condition Object
  NoSun,                                  !- Sun Exposure
  WindExposed,                            !- Wind Exposure
  ,                                       !- View Factor to Ground
  ,                                       !- Number of Vertices
  -7.55264632827461, -4.44089209850063e-16, 0.6096, !- X,Y,Z Vertex 1 {m}
  -4.44089209850063e-16, 7.55264632827461, 0.6096, !- X,Y,Z Vertex 2 {m}
  7.55264632827461, 4.44089209850063e-16, 0.6096, !- X,Y,Z Vertex 3 {m}
  4.44089209850063e-16, -7.55264632827461, 0.6096; !- X,Y,Z Vertex 4 {m}

OS:AdditionalProperties,
  {285a0d73-1d3a-4369-85f2-d223fd26a86b}, !- Handle
  {2b0525a2-d298-4925-a74a-efb61ebc3558}, !- Object Name
  SurfaceType,                            !- Feature Name 1
  String,                                 !- Feature Data Type 1
  Floor,                                  !- Feature Value 1
  Tilt,                                   !- Feature Name 2
  Double,                                 !- Feature Data Type 2
  0;                                      !- Feature Value 2

OS:Material,
  {5f43c9b6-d9fc-4d22-a152-125f1f6efb24}, !- Handle
  floor stud and cavity,                  !- Name
  Rough,                                  !- Roughness
  0.1397,                                 !- Thickness {m}
  0.0893242301629245,                     !- Conductivity {W/m-K}
  92.3553,                                !- Density {kg/m3}
  1139.71374674761,                       !- Specific Heat {J/kg-K}
  0.9,                                    !- Thermal Absorptance
  0.7,                                    !- Solar Absorptance
  0.7;                                    !- Visible Absorptance

OS:Material,
  {e2199813-2164-40ed-b1cf-43f174c28d0d}, !- Handle
  floor rigid ins,                        !- Name
  Rough,                                  !- Roughness
  0.051816,                               !- Thickness {m}
  0.029427,                               !- Conductivity {W/m-K}
  32.04,                                  !- Density {kg/m3}
  1214.23,                                !- Specific Heat {J/kg-K}
  0.9,                                    !- Thermal Absorptance
  0.7,                                    !- Solar Absorptance
  0.7;                                    !- Visible Absorptance

OS:Material,
  {8811b26a-e87f-40a8-92cf-eaf78a308060}, !- Handle
  floor covering,                         !- Name
  Rough,                                  !- Roughness
  0.0127,                                 !- Thickness {m}
  0.0433443509615385,                     !- Conductivity {W/m-K}
  54.468,                                 !- Density {kg/m3}
  1339.84,                                !- Specific Heat {J/kg-K}
  0.9,                                    !- Thermal Absorptance
  0.6,                                    !- Solar Absorptance
  0.6;                                    !- Visible Absorptance

OS:Construction,
  {3566f2a9-c27e-4158-b598-e8bda4142111}, !- Handle
  Floor1 construction,                    !- Name
  ,                                       !- Surface Rendering Name
  {5f43c9b6-d9fc-4d22-a152-125f1f6efb24}, !- Layer 1
  {e2199813-2164-40ed-b1cf-43f174c28d0d}, !- Layer 2
  {31362ed8-6c73-434e-b77c-7b518cac59e2}, !- Layer 3
  {8811b26a-e87f-40a8-92cf-eaf78a308060}; !- Layer 4

OS:Surface,
  {e0344dd7-5fe1-48c1-be1d-338d6c4383f5}, !- Handle
  surface Window1,                        !- Name
  Wall,                                   !- Surface Type
  {84914fe6-0e17-4356-8dfd-af9c4f692305}, !- Construction Name
  {271f44e5-19ec-4eb2-9528-658d31d09048}, !- Space Name
  Outdoors,                               !- Outside Boundary Condition
  ,                                       !- Outside Boundary Condition Object
  SunExposed,                             !- Sun Exposure
  WindExposed,                            !- Wind Exposure
  ,                                       !- View Factor to Ground
  ,                                       !- Number of Vertices
  2.49274143037555, -10.9952303990107, 0.609069723212064, !- X,Y,Z Vertex 1 {m}
  2.49274143037555, -10.9952303990107, 1.79885027678794, !- X,Y,Z Vertex 2 {m}
  -0.000374962312651661, -13.4883467916989, 1.79885027678794, !- X,Y,Z Vertex 3 {m}
  -0.000374962312651661, -13.4883467916989, 0.609069723212064; !- X,Y,Z Vertex 4 {m}

OS:AdditionalProperties,
  {84ec5584-a086-4be3-8830-dd311dccfe45}, !- Handle
  {e0344dd7-5fe1-48c1-be1d-338d6c4383f5}, !- Object Name
  Length,                                 !- Feature Name 1
  Double,                                 !- Feature Data Type 1
  11.564102564102564,                     !- Feature Value 1
  Azimuth,                                !- Feature Name 2
  Integer,                                !- Feature Data Type 2
  135,                                    !- Feature Value 2
  Tilt,                                   !- Feature Name 3
  Double,                                 !- Feature Data Type 3
  90,                                     !- Feature Value 3
  SurfaceType,                            !- Feature Name 4
  String,                                 !- Feature Data Type 4
  Window;                                 !- Feature Value 4

OS:SubSurface,
  {75e11a2f-9ac3-4f53-a166-a2e66bba9db3}, !- Handle
  Window1,                                !- Name
  FixedWindow,                            !- Sub Surface Type
  {803ad636-a4c3-41aa-ac5b-9d73c00e495b}, !- Construction Name
  {e0344dd7-5fe1-48c1-be1d-338d6c4383f5}, !- Surface Name
  ,                                       !- Outside Boundary Condition Object
  ,                                       !- View Factor to Ground
  ,                                       !- Frame and Divider Name
  ,                                       !- Multiplier
  ,                                       !- Number of Vertices
  2.49236646806289, -10.9956053613233, 0.6096, !- X,Y,Z Vertex 1 {m}
  2.49236646806289, -10.9956053613233, 1.79832, !- X,Y,Z Vertex 2 {m}
  8.88178419700125e-15, -13.4879718293862, 1.79832, !- X,Y,Z Vertex 3 {m}
  8.88178419700125e-15, -13.4879718293862, 0.6096; !- X,Y,Z Vertex 4 {m}

OS:ShadingSurfaceGroup,
  {49d25eaa-1aa3-4d23-b034-f6ff40be67a0}, !- Handle
  Window1 Shading Surfaces,               !- Name
  Space,                                  !- Shading Surface Type
  {271f44e5-19ec-4eb2-9528-658d31d09048}, !- Space Name
  ,                                       !- Direction of Relative North {deg}
  ,                                       !- X Origin {m}
  ,                                       !- Y Origin {m}
  ,                                       !- Z Origin {m}
  {75e11a2f-9ac3-4f53-a166-a2e66bba9db3}; !- Shaded Object Name

OS:ShadingSurface,
  {aa6f1ad7-647d-4d93-9e41-5ea670f89c1a}, !- Handle
  Window1 overhangs,                      !- Name
  ,                                       !- Construction Name
  {49d25eaa-1aa3-4d23-b034-f6ff40be67a0}, !- Shading Surface Group Name
  ,                                       !- Transmittance Schedule Name
  ,                                       !- Number of Vertices
  2.70789261496855, -10.7800792144177, 2.10312, !- X,Y,Z Vertex 1 {m}
  -0.215526146905652, -13.7034979762919, 2.10312, !- X,Y,Z Vertex 2 {m}
  0.215526146905669, -14.1345502701032, 2.10312, !- X,Y,Z Vertex 3 {m}
  3.13894490877987, -11.211131508229, 2.10312; !- X,Y,Z Vertex 4 {m}

OS:WindowMaterial:SimpleGlazingSystem,
  {8ee507ea-d2ce-450e-8616-909d9c128c29}, !- Handle
  WindowMaterial,                         !- Name
  6.58648,                                !- U-Factor {W/m2-K}
  0.76;                                   !- Solar Heat Gain Coefficient

OS:Construction,
  {803ad636-a4c3-41aa-ac5b-9d73c00e495b}, !- Handle
  WindowConstruction,                     !- Name
  ,                                       !- Surface Rendering Name
  {8ee507ea-d2ce-450e-8616-909d9c128c29}; !- Layer 1

OS:Schedule:Ruleset,
  {36e80548-ba4f-4599-9880-4eadd4bc196a}, !- Handle
  trans schedule winter=0.85 summer=0.7,  !- Name
  {fd0f29c5-b6eb-4e65-af50-49ef9d6d1d36}, !- Schedule Type Limits Name
  {f457c90e-3e1d-49f3-b908-fe1c7dadff98}; !- Default Day Schedule Name

OS:Schedule:Day,
  {f457c90e-3e1d-49f3-b908-fe1c7dadff98}, !- Handle
  trans schedule winter=0.85 summer=0.7 default day, !- Name
  {fd0f29c5-b6eb-4e65-af50-49ef9d6d1d36}, !- Schedule Type Limits Name
  ,                                       !- Interpolate to Timestep
  24,                                     !- Hour 1
  0,                                      !- Minute 1
  0;                                      !- Value Until Time 1

OS:ScheduleTypeLimits,
  {fd0f29c5-b6eb-4e65-af50-49ef9d6d1d36}, !- Handle
  Fractional,                             !- Name
  0,                                      !- Lower Limit Value
  1,                                      !- Upper Limit Value
  Continuous;                             !- Numeric Type

OS:Schedule:Rule,
  {4b5bbd19-6beb-4f3b-9c52-8741ab3a58e3}, !- Handle
  trans schedule winter=0.85 summer=0.7 allday rule, !- Name
  {36e80548-ba4f-4599-9880-4eadd4bc196a}, !- Schedule Ruleset Name
  2,                                      !- Rule Order
  {aef4c3bb-4ba3-41cf-95c2-c38085de6267}, !- Day Schedule Name
  Yes,                                    !- Apply Sunday
  Yes,                                    !- Apply Monday
  Yes,                                    !- Apply Tuesday
  Yes,                                    !- Apply Wednesday
  Yes,                                    !- Apply Thursday
  Yes,                                    !- Apply Friday
  Yes,                                    !- Apply Saturday
  DateRange,                              !- Date Specification Type
  1,                                      !- Start Month
  1,                                      !- Start Day
  3,                                      !- End Month
  31;                                     !- End Day

OS:Schedule:Day,
  {aef4c3bb-4ba3-41cf-95c2-c38085de6267}, !- Handle
  trans schedule winter=0.85 summer=0.7 day, !- Name
  {fd0f29c5-b6eb-4e65-af50-49ef9d6d1d36}, !- Schedule Type Limits Name
  ,                                       !- Interpolate to Timestep
  24,                                     !- Hour 1
  0,                                      !- Minute 1
  0.85;                                   !- Value Until Time 1

OS:Schedule:Rule,
  {252d94e2-e817-4543-91be-582c6d3ad713}, !- Handle
  trans schedule winter=0.85 summer=0.7 allday rule 1, !- Name
  {36e80548-ba4f-4599-9880-4eadd4bc196a}, !- Schedule Ruleset Name
  1,                                      !- Rule Order
  {cfcf678d-09a8-4376-aeda-4013f00c0491}, !- Day Schedule Name
  Yes,                                    !- Apply Sunday
  Yes,                                    !- Apply Monday
  Yes,                                    !- Apply Tuesday
  Yes,                                    !- Apply Wednesday
  Yes,                                    !- Apply Thursday
  Yes,                                    !- Apply Friday
  Yes,                                    !- Apply Saturday
  DateRange,                              !- Date Specification Type
  4,                                      !- Start Month
  1,                                      !- Start Day
  10,                                     !- End Month
  31;                                     !- End Day

OS:Schedule:Day,
  {cfcf678d-09a8-4376-aeda-4013f00c0491}, !- Handle
  trans schedule winter=0.85 summer=0.7 day 1, !- Name
  {fd0f29c5-b6eb-4e65-af50-49ef9d6d1d36}, !- Schedule Type Limits Name
  ,                                       !- Interpolate to Timestep
  24,                                     !- Hour 1
  0,                                      !- Minute 1
  0.7;                                    !- Value Until Time 1

OS:Schedule:Rule,
  {4a8b8cfd-6600-4f58-a83f-a340f50ae066}, !- Handle
  trans schedule winter=0.85 summer=0.7 allday rule 2, !- Name
  {36e80548-ba4f-4599-9880-4eadd4bc196a}, !- Schedule Ruleset Name
  0,                                      !- Rule Order
  {71e9f2dd-e20b-4fbd-80f4-0ff024a98517}, !- Day Schedule Name
  Yes,                                    !- Apply Sunday
  Yes,                                    !- Apply Monday
  Yes,                                    !- Apply Tuesday
  Yes,                                    !- Apply Wednesday
  Yes,                                    !- Apply Thursday
  Yes,                                    !- Apply Friday
  Yes,                                    !- Apply Saturday
  DateRange,                              !- Date Specification Type
  11,                                     !- Start Month
  1,                                      !- Start Day
  12,                                     !- End Month
  31;                                     !- End Day

OS:Schedule:Day,
  {71e9f2dd-e20b-4fbd-80f4-0ff024a98517}, !- Handle
  trans schedule winter=0.85 summer=0.7 day 2, !- Name
  {fd0f29c5-b6eb-4e65-af50-49ef9d6d1d36}, !- Schedule Type Limits Name
  ,                                       !- Interpolate to Timestep
  24,                                     !- Hour 1
  0,                                      !- Minute 1
  0.85;                                   !- Value Until Time 1

OS:SurfaceProperty:IncidentSolarMultiplier,
  {d70b3b32-5cbc-4780-b3ad-aed43e21d724}, !- Handle
  {75e11a2f-9ac3-4f53-a166-a2e66bba9db3}, !- Surface Name
  1,                                      !- Incident Solar Multiplier {dimensionless}
  {36e80548-ba4f-4599-9880-4eadd4bc196a}; !- Incident Solar Multiplier Schedule Name

OS:Surface,
  {5972d064-a7e1-43e4-a27e-f4b7d76d14c0}, !- Handle
  surface Window2,                        !- Name
  Wall,                                   !- Surface Type
  {84914fe6-0e17-4356-8dfd-af9c4f692305}, !- Construction Name
  {271f44e5-19ec-4eb2-9528-658d31d09048}, !- Space Name
  Outdoors,                               !- Outside Boundary Condition
  ,                                       !- Outside Boundary Condition Object
  SunExposed,                             !- Sun Exposure
  WindExposed,                            !- Wind Exposure
  ,                                       !- View Factor to Ground
  ,                                       !- Number of Vertices
  -11.8481353418233, -1.6398364875629, 0.608848271941562, !- X,Y,Z Vertex 1 {m}
  -11.8481353418233, -1.6398364875629, 1.61619172805844, !- X,Y,Z Vertex 2 {m}
  -13.4885033813939, 0.000531552007727143, 1.61619172805844, !- X,Y,Z Vertex 3 {m}
  -13.4885033813939, 0.000531552007727143, 0.608848271941562; !- X,Y,Z Vertex 4 {m}

OS:AdditionalProperties,
  {3d8e509b-9ac7-4077-8e82-7ec127887d36}, !- Handle
  {5972d064-a7e1-43e4-a27e-f4b7d76d14c0}, !- Object Name
  Length,                                 !- Feature Name 1
  Double,                                 !- Feature Data Type 1
  7.6060606060606073,                     !- Feature Value 1
  Azimuth,                                !- Feature Name 2
  Integer,                                !- Feature Data Type 2
  225,                                    !- Feature Value 2
  Tilt,                                   !- Feature Name 3
  Double,                                 !- Feature Data Type 3
  90,                                     !- Feature Value 3
  SurfaceType,                            !- Feature Name 4
  String,                                 !- Feature Data Type 4
  Window;                                 !- Feature Value 4

OS:SubSurface,
  {b4216e1d-6d4e-4eaa-9033-5c12a9783a25}, !- Handle
  Window2,                                !- Name
  FixedWindow,                            !- Sub Surface Type
  {50ebcafb-226b-4d1b-8306-112fe045c46d}, !- Construction Name
  {5972d064-a7e1-43e4-a27e-f4b7d76d14c0}, !- Surface Name
  ,                                       !- Outside Boundary Condition Object
  ,                                       !- View Factor to Ground
  ,                                       !- Frame and Divider Name
  ,                                       !- Multiplier
  ,                                       !- Number of Vertices
  -11.848666893831, -1.63930493555517, 0.6096, !- X,Y,Z Vertex 1 {m}
  -11.848666893831, -1.63930493555517, 1.61544, !- X,Y,Z Vertex 2 {m}
  -13.4879718293862, -3.5527136788005e-15, 1.61544, !- X,Y,Z Vertex 3 {m}
  -13.4879718293862, -3.5527136788005e-15, 0.6096; !- X,Y,Z Vertex 4 {m}

OS:ShadingSurfaceGroup,
  {38d7ae72-5c7f-4a31-8f61-b002b9990281}, !- Handle
  Window2 Shading Surfaces,               !- Name
  Space,                                  !- Shading Surface Type
  {271f44e5-19ec-4eb2-9528-658d31d09048}, !- Space Name
  ,                                       !- Direction of Relative North {deg}
  ,                                       !- X Origin {m}
  ,                                       !- Y Origin {m}
  ,                                       !- Z Origin {m}
  {b4216e1d-6d4e-4eaa-9033-5c12a9783a25}; !- Shaded Object Name

OS:ShadingSurface,
  {b1f5ca97-a3a6-4063-919b-02adb0587559}, !- Handle
  Window2 overhangs,                      !- Name
  ,                                       !- Construction Name
  {38d7ae72-5c7f-4a31-8f61-b002b9990281}, !- Shading Surface Group Name
  ,                                       !- Transmittance Schedule Name
  ,                                       !- Number of Vertices
  -11.6331407469254, -1.85483108246083, 1.92024, !- X,Y,Z Vertex 1 {m}
  -13.7034979762919, 0.215526146905647, 1.92024, !- X,Y,Z Vertex 2 {m}
  -14.1345502701032, -0.215526146905663, 1.92024, !- X,Y,Z Vertex 3 {m}
  -12.0641930407367, -2.28588337627215, 1.92024; !- X,Y,Z Vertex 4 {m}

OS:Construction,
  {50ebcafb-226b-4d1b-8306-112fe045c46d}, !- Handle
  WindowConstruction 1,                   !- Name
  ,                                       !- Surface Rendering Name
  {8ee507ea-d2ce-450e-8616-909d9c128c29}; !- Layer 1

OS:SurfaceProperty:IncidentSolarMultiplier,
  {c639194c-6712-4283-801f-ed47187e5364}, !- Handle
  {b4216e1d-6d4e-4eaa-9033-5c12a9783a25}, !- Surface Name
  1,                                      !- Incident Solar Multiplier {dimensionless}
  {36e80548-ba4f-4599-9880-4eadd4bc196a}; !- Incident Solar Multiplier Schedule Name

OS:Surface,
  {78cb9789-e229-41af-88e8-45fe0391fa03}, !- Handle
  surface Window3,                        !- Name
  Wall,                                   !- Surface Type
  {84914fe6-0e17-4356-8dfd-af9c4f692305}, !- Construction Name
  {271f44e5-19ec-4eb2-9528-658d31d09048}, !- Space Name
  Outdoors,                               !- Outside Boundary Condition
  ,                                       !- Outside Boundary Condition Object
  SunExposed,                             !- Sun Exposure
  WindExposed,                            !- Wind Exposure
  ,                                       !- View Factor to Ground
  ,                                       !- Number of Vertices
  -3.79592043920445, 9.69205139018176, 0.609069723212064, !- X,Y,Z Vertex 1 {m}
  -3.79592043920445, 9.69205139018176, 1.79885027678794, !- X,Y,Z Vertex 2 {m}
  -1.30280404651625, 12.18516778287, 1.79885027678794, !- X,Y,Z Vertex 3 {m}
  -1.30280404651625, 12.18516778287, 0.609069723212064; !- X,Y,Z Vertex 4 {m}

OS:AdditionalProperties,
  {86bb8625-16b2-4467-84aa-20e79210daa5}, !- Handle
  {78cb9789-e229-41af-88e8-45fe0391fa03}, !- Object Name
  Length,                                 !- Feature Name 1
  Double,                                 !- Feature Data Type 1
  11.564102564102564,                     !- Feature Value 1
  Azimuth,                                !- Feature Name 2
  Integer,                                !- Feature Data Type 2
  315,                                    !- Feature Value 2
  Tilt,                                   !- Feature Name 3
  Double,                                 !- Feature Data Type 3
  90,                                     !- Feature Value 3
  SurfaceType,                            !- Feature Name 4
  String,                                 !- Feature Data Type 4
  Window;                                 !- Feature Value 4

OS:SubSurface,
  {45bcb763-47ba-4b6d-8612-a2bcc072d576}, !- Handle
  Window3,                                !- Name
  FixedWindow,                            !- Sub Surface Type
  {76d2f6ea-0cf2-4e05-b361-82240785d620}, !- Construction Name
  {78cb9789-e229-41af-88e8-45fe0391fa03}, !- Surface Name
  ,                                       !- Outside Boundary Condition Object
  ,                                       !- View Factor to Ground
  ,                                       !- Frame and Divider Name
  ,                                       !- Multiplier
  ,                                       !- Number of Vertices
  -3.79554547689179, 9.69242635249442, 0.6096, !- X,Y,Z Vertex 1 {m}
  -3.79554547689179, 9.69242635249442, 1.79832, !- X,Y,Z Vertex 2 {m}
  -1.30317900882891, 12.1847928205573, 1.79832, !- X,Y,Z Vertex 3 {m}
  -1.30317900882891, 12.1847928205573, 0.6096; !- X,Y,Z Vertex 4 {m}

OS:ShadingSurfaceGroup,
  {95f7d3e5-cb5c-4708-ba5e-a418a2d70c0c}, !- Handle
  Window3 Shading Surfaces,               !- Name
  Space,                                  !- Shading Surface Type
  {271f44e5-19ec-4eb2-9528-658d31d09048}, !- Space Name
  ,                                       !- Direction of Relative North {deg}
  ,                                       !- X Origin {m}
  ,                                       !- Y Origin {m}
  ,                                       !- Z Origin {m}
  {45bcb763-47ba-4b6d-8612-a2bcc072d576}; !- Shaded Object Name

OS:ShadingSurface,
  {2cbf6cba-d377-4a5f-a420-adbc9bf5f7e0}, !- Handle
  Window3 overhangs,                      !- Name
  ,                                       !- Construction Name
  {95f7d3e5-cb5c-4708-ba5e-a418a2d70c0c}, !- Shading Surface Group Name
  ,                                       !- Transmittance Schedule Name
  ,                                       !- Number of Vertices
  -4.01107162379745, 9.47690020558876, 2.10312, !- X,Y,Z Vertex 1 {m}
  -1.08765286192325, 12.400318967463, 2.10312, !- X,Y,Z Vertex 2 {m}
  -1.51870515573457, 12.8313712612743, 2.10312, !- X,Y,Z Vertex 3 {m}
  -4.44212391760877, 9.90795249940008, 2.10312; !- X,Y,Z Vertex 4 {m}

OS:Construction,
  {76d2f6ea-0cf2-4e05-b361-82240785d620}, !- Handle
  WindowConstruction 2,                   !- Name
  ,                                       !- Surface Rendering Name
  {8ee507ea-d2ce-450e-8616-909d9c128c29}; !- Layer 1

OS:SurfaceProperty:IncidentSolarMultiplier,
  {cf42d3c1-edce-4b6b-bf82-72d993ae7627}, !- Handle
  {45bcb763-47ba-4b6d-8612-a2bcc072d576}, !- Surface Name
  1,                                      !- Incident Solar Multiplier {dimensionless}
  {36e80548-ba4f-4599-9880-4eadd4bc196a}; !- Incident Solar Multiplier Schedule Name

OS:Surface,
  {8e0fdadd-347b-451d-9e4f-a329d818ed62}, !- Handle
  surface Window4,                        !- Name
  Wall,                                   !- Surface Type
  {84914fe6-0e17-4356-8dfd-af9c4f692305}, !- Construction Name
  {271f44e5-19ec-4eb2-9528-658d31d09048}, !- Space Name
  Outdoors,                               !- Outside Boundary Condition
  ,                                       !- Outside Boundary Condition Object
  SunExposed,                             !- Sun Exposure
  WindExposed,                            !- Wind Exposure
  ,                                       !- View Factor to Ground
  ,                                       !- Number of Vertices
  11.8481353418233, 1.6398364875629, 0.608848271941562, !- X,Y,Z Vertex 1 {m}
  11.8481353418233, 1.6398364875629, 1.61619172805844, !- X,Y,Z Vertex 2 {m}
  13.4885033813939, -0.000531552007728919, 1.61619172805844, !- X,Y,Z Vertex 3 {m}
  13.4885033813939, -0.000531552007728919, 0.608848271941562; !- X,Y,Z Vertex 4 {m}

OS:AdditionalProperties,
  {070439ba-4e8e-40c7-9339-58786ba92e4f}, !- Handle
  {8e0fdadd-347b-451d-9e4f-a329d818ed62}, !- Object Name
  Length,                                 !- Feature Name 1
  Double,                                 !- Feature Data Type 1
  7.6060606060606073,                     !- Feature Value 1
  Azimuth,                                !- Feature Name 2
  Integer,                                !- Feature Data Type 2
  45,                                     !- Feature Value 2
  Tilt,                                   !- Feature Name 3
  Double,                                 !- Feature Data Type 3
  90,                                     !- Feature Value 3
  SurfaceType,                            !- Feature Name 4
  String,                                 !- Feature Data Type 4
  Window;                                 !- Feature Value 4

OS:SubSurface,
  {c397c17d-ae89-4fd7-800e-3f495a6a9a06}, !- Handle
  Window4,                                !- Name
  FixedWindow,                            !- Sub Surface Type
  {f8011098-889d-4fe2-8648-2e3b3ac1e359}, !- Construction Name
  {8e0fdadd-347b-451d-9e4f-a329d818ed62}, !- Surface Name
  ,                                       !- Outside Boundary Condition Object
  ,                                       !- View Factor to Ground
  ,                                       !- Frame and Divider Name
  ,                                       !- Multiplier
  ,                                       !- Number of Vertices
  11.848666893831, 1.63930493555517, 0.6096, !- X,Y,Z Vertex 1 {m}
  11.848666893831, 1.63930493555517, 1.61544, !- X,Y,Z Vertex 2 {m}
  13.4879718293862, 1.77635683940025e-15, 1.61544, !- X,Y,Z Vertex 3 {m}
  13.4879718293862, 1.77635683940025e-15, 0.6096; !- X,Y,Z Vertex 4 {m}

OS:ShadingSurfaceGroup,
  {4ee35e22-ccb1-41a9-bfce-9ba09682ee22}, !- Handle
  Window4 Shading Surfaces,               !- Name
  Space,                                  !- Shading Surface Type
  {271f44e5-19ec-4eb2-9528-658d31d09048}, !- Space Name
  ,                                       !- Direction of Relative North {deg}
  ,                                       !- X Origin {m}
  ,                                       !- Y Origin {m}
  ,                                       !- Z Origin {m}
  {c397c17d-ae89-4fd7-800e-3f495a6a9a06}; !- Shaded Object Name

OS:ShadingSurface,
  {e5d08e30-5e0a-4a8c-9601-94e541ee4f76}, !- Handle
  Window4 overhangs,                      !- Name
  ,                                       !- Construction Name
  {4ee35e22-ccb1-41a9-bfce-9ba09682ee22}, !- Shading Surface Group Name
  ,                                       !- Transmittance Schedule Name
  ,                                       !- Number of Vertices
  11.6331407469254, 1.85483108246083, 1.92024, !- X,Y,Z Vertex 1 {m}
  13.7034979762919, -0.215526146905649, 1.92024, !- X,Y,Z Vertex 2 {m}
  14.1345502701032, 0.215526146905662, 1.92024, !- X,Y,Z Vertex 3 {m}
  12.0641930407367, 2.28588337627214, 1.92024; !- X,Y,Z Vertex 4 {m}

OS:Construction,
  {f8011098-889d-4fe2-8648-2e3b3ac1e359}, !- Handle
  WindowConstruction 3,                   !- Name
  ,                                       !- Surface Rendering Name
  {8ee507ea-d2ce-450e-8616-909d9c128c29}; !- Layer 1

OS:SurfaceProperty:IncidentSolarMultiplier,
  {25e2e295-854c-4410-b434-b41d32f70ff6}, !- Handle
  {c397c17d-ae89-4fd7-800e-3f495a6a9a06}, !- Surface Name
  1,                                      !- Incident Solar Multiplier {dimensionless}
  {36e80548-ba4f-4599-9880-4eadd4bc196a}; !- Incident Solar Multiplier Schedule Name

OS:Material,
  {1d428ecd-a6a0-41e2-9e84-4609258e120e}, !- Handle
  wood siding,                            !- Name
  Rough,                                  !- Roughness
  0.0254,                                 !- Thickness {m}
  0.1024175,                              !- Conductivity {W/m-K}
  544.68,                                 !- Density {kg/m3}
  1172.36;                                !- Specific Heat {J/kg-K}

OS:Material,
  {8f12d055-2b00-43ad-854f-8ec00f486804}, !- Handle
  wall rigid ins,                         !- Name
  Rough,                                  !- Roughness
  0.5129784,                              !- Thickness {m}
  0.029427,                               !- Conductivity {W/m-K}
  32.04,                                  !- Density {kg/m3}
  1214.23,                                !- Specific Heat {J/kg-K}
  0.9,                                    !- Thermal Absorptance
  0.7,                                    !- Solar Absorptance
  0.7;                                    !- Visible Absorptance

OS:Material,
  {6f561be4-e878-4a39-8e93-f481befe9f8d}, !- Handle
  wall stud and cavity 1,                 !- Name
  Rough,                                  !- Roughness
  0.0889,                                 !- Thickness {m}
  0.380278417457636,                      !- Conductivity {W/m-K}
  52.34794524,                            !- Density {kg/m3}
  1209.88641434781,                       !- Specific Heat {J/kg-K}
  0.9,                                    !- Thermal Absorptance
  0.7,                                    !- Solar Absorptance
  0.7;                                    !- Visible Absorptance

OS:Construction,
  {84914fe6-0e17-4356-8dfd-af9c4f692305}, !- Handle
  AdiabaticWallConstruction,              !- Name
  ,                                       !- Surface Rendering Name
  {1d428ecd-a6a0-41e2-9e84-4609258e120e}, !- Layer 1
  {8f12d055-2b00-43ad-854f-8ec00f486804}, !- Layer 2
  {6f561be4-e878-4a39-8e93-f481befe9f8d}, !- Layer 3
  {21235d03-52d9-4f4b-848c-a786f1a44e1c}; !- Layer 4

OS:Surface,
  {aecb28fd-2900-47d5-bae5-094094361429}, !- Handle
  surface Door1,                          !- Name
  Wall,                                   !- Surface Type
  {4429edec-eb4a-49fb-8367-2d2c7b87b71d}, !- Construction Name
  {271f44e5-19ec-4eb2-9528-658d31d09048}, !- Space Name
  Outdoors,                               !- Outside Boundary Condition
  ,                                       !- Outside Boundary Condition Object
  SunExposed,                             !- Sun Exposure
  WindExposed,                            !- Wind Exposure
  ,                                       !- View Factor to Ground
  ,                                       !- Number of Vertices
  -0.646854829491712, 12.8411169998945, 0.608752155732047, !- X,Y,Z Vertex 1 {m}
  -0.646854829491712, 12.8411169998945, 2.64346384426795, !- X,Y,Z Vertex 2 {m}
  0.000599516431257996, 13.4885713458175, 2.64346384426795, !- X,Y,Z Vertex 3 {m}
  0.000599516431257996, 13.4885713458175, 0.608752155732047; !- X,Y,Z Vertex 4 {m}

OS:AdditionalProperties,
  {875e771b-5935-4589-a204-6a522f943c4e}, !- Handle
  {aecb28fd-2900-47d5-bae5-094094361429}, !- Object Name
  Length,                                 !- Feature Name 1
  Double,                                 !- Feature Data Type 1
  2.9985007496251876,                     !- Feature Value 1
  Azimuth,                                !- Feature Name 2
  Integer,                                !- Feature Data Type 2
  315,                                    !- Feature Value 2
  Tilt,                                   !- Feature Name 3
  Double,                                 !- Feature Data Type 3
  90,                                     !- Feature Value 3
  SurfaceType,                            !- Feature Name 4
  String,                                 !- Feature Data Type 4
  Door;                                   !- Feature Value 4

OS:SubSurface,
  {80a06408-1913-413d-8bd1-0fe8b710f7bb}, !- Handle
  Door1,                                  !- Name
  Door,                                   !- Sub Surface Type
  {c65e6505-4ff5-4575-8e3a-4d7135ba88d7}, !- Construction Name
  {aecb28fd-2900-47d5-bae5-094094361429}, !- Surface Name
  ,                                       !- Outside Boundary Condition Object
  ,                                       !- View Factor to Ground
  ,                                       !- Frame and Divider Name
  ,                                       !- Multiplier
  ,                                       !- Number of Vertices
  -0.646255313060452, 12.8417165163258, 0.6096, !- X,Y,Z Vertex 1 {m}
  -0.646255313060452, 12.8417165163258, 2.642616, !- X,Y,Z Vertex 2 {m}
  -2.66453525910038e-15, 13.4879718293862, 2.642616, !- X,Y,Z Vertex 3 {m}
  -2.66453525910038e-15, 13.4879718293862, 0.6096; !- X,Y,Z Vertex 4 {m}

OS:Material,
  {c1956b07-60db-4d82-a7e7-223a36aa2b1b}, !- Handle
  door material,                          !- Name
  Rough,                                  !- Roughness
  0.04445,                                !- Thickness {m}
  0.0612266553480475,                     !- Conductivity {W/m-K}
  512.64,                                 !- Density {kg/m3}
  1214.23,                                !- Specific Heat {J/kg-K}
  0.9,                                    !- Thermal Absorptance
  0.7,                                    !- Solar Absorptance
  0.7;                                    !- Visible Absorptance

OS:Construction,
  {c65e6505-4ff5-4575-8e3a-4d7135ba88d7}, !- Handle
  Door,                                   !- Name
  ,                                       !- Surface Rendering Name
  {c1956b07-60db-4d82-a7e7-223a36aa2b1b}; !- Layer 1

OS:Material,
  {736ac74f-4e0b-44a2-a65f-3ab22a830d33}, !- Handle
  wood siding 1,                          !- Name
  Rough,                                  !- Roughness
  0.0254,                                 !- Thickness {m}
  0.1024175,                              !- Conductivity {W/m-K}
  544.68,                                 !- Density {kg/m3}
  1172.36;                                !- Specific Heat {J/kg-K}

OS:Construction,
  {4429edec-eb4a-49fb-8367-2d2c7b87b71d}, !- Handle
  AdiabaticWallConstruction 1,            !- Name
  ,                                       !- Surface Rendering Name
  {736ac74f-4e0b-44a2-a65f-3ab22a830d33}, !- Layer 1
  {8f12d055-2b00-43ad-854f-8ec00f486804}, !- Layer 2
  {6f561be4-e878-4a39-8e93-f481befe9f8d}, !- Layer 3
  {21235d03-52d9-4f4b-848c-a786f1a44e1c}; !- Layer 4

OS:InternalMass:Definition,
  {c362076e-6a54-4624-b5d6-cd27016a739a}, !- Handle
  partition wall mass,                    !- Name
  {1d06cb89-4662-4640-9756-5428e8d5c482}, !- Construction Name
  SurfaceArea,                            !- Design Level Calculation Method
  114.08493,                              !- Surface Area {m2}
  ,                                       !- Surface Area per Space Floor Area {dimensionless}
  ;                                       !- Surface Area per Person {m2/person}

OS:InternalMass,
  {9cc80261-acc1-4705-804d-751855e65934}, !- Handle
  partition wall mass,                    !- Name
  {c362076e-6a54-4624-b5d6-cd27016a739a}, !- Internal Mass Definition Name
  {271f44e5-19ec-4eb2-9528-658d31d09048}, !- Space or SpaceType Name
  1;                                      !- Multiplier

OS:Material,
  {c7314465-8671-47fa-a389-5450c78ee5de}, !- Handle
  wall stud and cavity 2,                 !- Name
  Rough,                                  !- Roughness
  0.0889,                                 !- Thickness {m}
  0.391763531157105,                      !- Conductivity {W/m-K}
  83.034082224,                           !- Density {kg/m3}
  1211.67419087611,                       !- Specific Heat {J/kg-K}
  0.9,                                    !- Thermal Absorptance
  0.7,                                    !- Solar Absorptance
  0.7;                                    !- Visible Absorptance

OS:Construction,
  {1d06cb89-4662-4640-9756-5428e8d5c482}, !- Handle
  PartitionWallConstruction,              !- Name
  ,                                       !- Surface Rendering Name
  {21235d03-52d9-4f4b-848c-a786f1a44e1c}, !- Layer 1
  {c7314465-8671-47fa-a389-5450c78ee5de}, !- Layer 2
  {21235d03-52d9-4f4b-848c-a786f1a44e1c}; !- Layer 3

OS:InternalMass:Definition,
  {53629b37-8f13-4401-913c-73897947e1c4}, !- Handle
  furniture mass conditioned space 1,     !- Name
  {78ffdc02-eb8b-497d-a997-4a08e201ba3a}, !- Construction Name
  SurfaceArea,                            !- Design Level Calculation Method
  45.63397,                               !- Surface Area {m2}
  ,                                       !- Surface Area per Space Floor Area {dimensionless}
  ;                                       !- Surface Area per Person {m2/person}

OS:InternalMass,
  {e33ee483-3b0e-424a-b5af-ac56e8ae069a}, !- Handle
  furniture mass conditioned space 1,     !- Name
  {53629b37-8f13-4401-913c-73897947e1c4}, !- Internal Mass Definition Name
  {271f44e5-19ec-4eb2-9528-658d31d09048}, !- Space or SpaceType Name
  1;                                      !- Multiplier

OS:Material,
  {8f22ee6d-73f3-4954-930d-3cfa4936616c}, !- Handle
  furniture material conditioned space 1, !- Name
  Rough,                                  !- Roughness
  0.1524,                                 !- Thickness {m}
  0.1154577,                              !- Conductivity {W/m-K}
  640.8,                                  !- Density {kg/m3}
  1214.23,                                !- Specific Heat {J/kg-K}
  0.9,                                    !- Thermal Absorptance
  0.6,                                    !- Solar Absorptance
  0.6;                                    !- Visible Absorptance

OS:Construction,
  {78ffdc02-eb8b-497d-a997-4a08e201ba3a}, !- Handle
  furniture construction conditioned space 1, !- Name
  ,                                       !- Surface Rendering Name
  {8f22ee6d-73f3-4954-930d-3cfa4936616c}; !- Layer 1

OS:ShadingSurface,
  {abcaaa8f-fb6f-4023-943f-e8b0a9f0b503}, !- Handle
  Neighbor azimuth 45 distance 15.0,      !- Name
  ,                                       !- Construction Name
  {27ee28e0-00ff-4f26-86bf-e465814d5f9a}, !- Shading Surface Group Name
  ,                                       !- Transmittance Schedule Name
  ,                                       !- Number of Vertices
  3.2328922035849, 16.7208640329711, 0,   !- X,Y,Z Vertex 1 {m}
  3.2328922035849, 16.7208640329711, 3.048, !- X,Y,Z Vertex 2 {m}
  16.7208640329711, 3.2328922035849, 3.048, !- X,Y,Z Vertex 3 {m}
  16.7208640329711, 3.2328922035849, 0;   !- X,Y,Z Vertex 4 {m}

OS:AdditionalProperties,
  {8f50508a-37bc-491c-bd7c-2df532e52d04}, !- Handle
  {abcaaa8f-fb6f-4023-943f-e8b0a9f0b503}, !- Object Name
  Azimuth,                                !- Feature Name 1
  Integer,                                !- Feature Data Type 1
  45,                                     !- Feature Value 1
  Distance,                               !- Feature Name 2
  Double,                                 !- Feature Data Type 2
  15;                                     !- Feature Value 2

OS:ShadingSurface,
  {9ba37305-d722-4214-ba0f-b6cf90c2baf4}, !- Handle
  Neighbor azimuth 225 distance 15.0,     !- Name
  ,                                       !- Construction Name
  {27ee28e0-00ff-4f26-86bf-e465814d5f9a}, !- Shading Surface Group Name
  ,                                       !- Transmittance Schedule Name
  ,                                       !- Number of Vertices
  -3.23289220358489, -16.7208640329711, 0, !- X,Y,Z Vertex 1 {m}
  -3.23289220358489, -16.7208640329711, 3.048, !- X,Y,Z Vertex 2 {m}
  -16.7208640329711, -3.2328922035849, 3.048, !- X,Y,Z Vertex 3 {m}
  -16.7208640329711, -3.2328922035849, 0; !- X,Y,Z Vertex 4 {m}

OS:AdditionalProperties,
  {cacab8ea-5014-4857-91f3-979e924ff9b9}, !- Handle
  {9ba37305-d722-4214-ba0f-b6cf90c2baf4}, !- Object Name
  Azimuth,                                !- Feature Name 1
  Integer,                                !- Feature Data Type 1
  225,                                    !- Feature Value 1
  Distance,                               !- Feature Name 2
  Double,                                 !- Feature Data Type 2
  15;                                     !- Feature Value 2

OS:ShadingSurfaceGroup,
  {27ee28e0-00ff-4f26-86bf-e465814d5f9a}, !- Handle
  neighbors,                              !- Name
  Building;                               !- Shading Surface Type

OS:Curve:Biquadratic,
  {1138941e-a751-436e-8021-38876c77a115}, !- Handle
  Cool-CAP-fT1,                           !- Name
  1.557359706,                            !- Coefficient1 Constant
  -0.0744481692,                          !- Coefficient2 x
  0.00309859668,                          !- Coefficient3 x**2
  0.0014595786,                           !- Coefficient4 y
  -4.1148e-05,                            !- Coefficient5 y**2
  -0.00042671448,                         !- Coefficient6 x*y
  -100,                                   !- Minimum Value of x
  100,                                    !- Maximum Value of x
  -100,                                   !- Minimum Value of y
  100;                                    !- Maximum Value of y

OS:Curve:Biquadratic,
  {4ed0ec2c-826c-448c-92d2-2670c63e31a9}, !- Handle
  Cool-EIR-fT1,                           !- Name
  -0.350447695,                           !- Coefficient1 Constant
  0.116809893,                            !- Coefficient2 x
  -0.00339950844,                         !- Coefficient3 x**2
  -0.001226088,                           !- Coefficient4 y
  0.0006008094,                           !- Coefficient5 y**2
  -0.000466884,                           !- Coefficient6 x*y
  -100,                                   !- Minimum Value of x
  100,                                    !- Maximum Value of x
  -100,                                   !- Minimum Value of y
  100;                                    !- Maximum Value of y

OS:Curve:Quadratic,
  {77286bd2-aa06-4de8-b658-e2fdc2368dbe}, !- Handle
  Cool-CAP-fFF1,                          !- Name
  0.718664047,                            !- Coefficient1 Constant
  0.41797409,                             !- Coefficient2 x
  -0.136638137,                           !- Coefficient3 x**2
  0,                                      !- Minimum Value of x
  2,                                      !- Maximum Value of x
  0,                                      !- Minimum Curve Output
  2;                                      !- Maximum Curve Output

OS:Curve:Quadratic,
  {730cf30e-ae23-4f80-b578-84cd2d1708db}, !- Handle
  Cool-EIR-fFF1,                          !- Name
  1.143487507,                            !- Coefficient1 Constant
  -0.13943972,                            !- Coefficient2 x
  -0.004047787,                           !- Coefficient3 x**2
  0,                                      !- Minimum Value of x
  2,                                      !- Maximum Value of x
  0,                                      !- Minimum Curve Output
  2;                                      !- Maximum Curve Output

OS:Curve:Quadratic,
  {7ecd2444-a22a-45ce-b4f9-49982f7e8605}, !- Handle
  Cool-PLF-fPLR1,                         !- Name
  0.93,                                   !- Coefficient1 Constant
  0.07,                                   !- Coefficient2 x
  0,                                      !- Coefficient3 x**2
  0,                                      !- Minimum Value of x
  1,                                      !- Maximum Value of x
  0.7,                                    !- Minimum Curve Output
  1;                                      !- Maximum Curve Output

OS:Schedule:Constant,
  {c6ba1f0c-4730-4247-a882-3699fa2678ff}, !- Handle
  Always On Discrete,                     !- Name
  {7c13f960-8352-4b1e-8bd2-7c89459747e9}, !- Schedule Type Limits Name
  1;                                      !- Value

OS:ScheduleTypeLimits,
  {7c13f960-8352-4b1e-8bd2-7c89459747e9}, !- Handle
  OnOff,                                  !- Name
  0,                                      !- Lower Limit Value
  1,                                      !- Upper Limit Value
  Discrete,                               !- Numeric Type
  Availability;                           !- Unit Type

OS:Coil:Cooling:DX:SingleSpeed,
  {e7e7a6f6-f912-4ec7-a91f-791950a99f34}, !- Handle
  central ac and furnace clg coil,        !- Name
  {c6ba1f0c-4730-4247-a882-3699fa2678ff}, !- Availability Schedule Name
  6265.79440887171,                       !- Rated Total Cooling Capacity {W}
  0.730031800184905,                      !- Rated Sensible Heat Ratio
  3.7702,                                 !- Rated COP {W/W}
  0.322425738569169,                      !- Rated Air Flow Rate {m3/s}
  773.3,                                  !- Rated Evaporator Fan Power Per Volume Flow Rate 2017 {W/(m3/s)}
  934.4,                                  !- Rated Evaporator Fan Power Per Volume Flow Rate 2023 {W/(m3/s)}
  ,                                       !- Air Inlet Node Name
  ,                                       !- Air Outlet Node Name
  {1138941e-a751-436e-8021-38876c77a115}, !- Total Cooling Capacity Function of Temperature Curve Name
  {77286bd2-aa06-4de8-b658-e2fdc2368dbe}, !- Total Cooling Capacity Function of Flow Fraction Curve Name
  {4ed0ec2c-826c-448c-92d2-2670c63e31a9}, !- Energy Input Ratio Function of Temperature Curve Name
  {730cf30e-ae23-4f80-b578-84cd2d1708db}, !- Energy Input Ratio Function of Flow Fraction Curve Name
  {7ecd2444-a22a-45ce-b4f9-49982f7e8605}, !- Part Load Fraction Correlation Curve Name
  -25,                                    !- Minimum Outdoor Dry-Bulb Temperature for Compressor Operation {C}
  1000,                                   !- Nominal Time for Condensate Removal to Begin {s}
  1.5,                                    !- Ratio of Initial Moisture Evaporation Rate and Steady State Latent Capacity {dimensionless}
  3,                                      !- Maximum Cycling Rate {cycles/hr}
  45,                                     !- Latent Capacity Time Constant {s}
  ,                                       !- Condenser Air Inlet Node Name
  AirCooled,                              !- Condenser Type
  0.9,                                    !- Evaporative Condenser Effectiveness {dimensionless}
  autosize,                               !- Evaporative Condenser Air Flow Rate {m3/s}
  autosize,                               !- Evaporative Condenser Pump Rated Power Consumption {W}
  50,                                     !- Crankcase Heater Capacity {W}
  ,                                       !- Crankcase Heater Capacity Function of Temperature Curve Name
  10,                                     !- Maximum Outdoor Dry-Bulb Temperature for Crankcase Heater Operation {C}
  ,                                       !- Supply Water Storage Tank Name
  ,                                       !- Condensate Collection Water Storage Tank Name
  0,                                      !- Basin Heater Capacity {W/K}
  2;                                      !- Basin Heater Setpoint Temperature {C}

OS:AdditionalProperties,
  {fef88dab-eecf-44b0-a719-cc410ca58b1b}, !- Handle
  {e7e7a6f6-f912-4ec7-a91f-791950a99f34}, !- Object Name
  HPXML_ID,                               !- Feature Name 1
  String,                                 !- Feature Data Type 1
  CoolingSystem1;                         !- Feature Value 1

OS:Coil:Heating:Gas,
  {352a89cd-c79f-4302-84da-11c46a3730c2}, !- Handle
  central ac and furnace htg coil,        !- Name
  {c6ba1f0c-4730-4247-a882-3699fa2678ff}, !- Availability Schedule Name
  0.925,                                  !- Gas Burner Efficiency
  6079.75935072275,                       !- Nominal Capacity {W}
  ,                                       !- Air Inlet Node Name
  ,                                       !- Air Outlet Node Name
  ,                                       !- Temperature Setpoint Node Name
  0,                                      !- On Cycle Parasitic Electric Load {W}
  ,                                       !- Part Load Fraction Correlation Curve Name
  0,                                      !- Off Cycle Parasitic Gas Load {W}
  Propane;                                !- Fuel Type

OS:AdditionalProperties,
  {dfb8e1ca-b597-49c2-b6ef-1f11924204d8}, !- Handle
  {352a89cd-c79f-4302-84da-11c46a3730c2}, !- Object Name
  HPXML_ID,                               !- Feature Name 1
  String,                                 !- Feature Data Type 1
  HeatingSystem1,                         !- Feature Value 1
  IsHeatPumpBackup,                       !- Feature Name 2
  Boolean,                                !- Feature Data Type 2
  false;                                  !- Feature Value 2

OS:Fan:SystemModel,
  {3af4fa8c-5253-4479-9a9a-739ab38dc5e2}, !- Handle
  central ac and furnace supply fan,      !- Name
  {c6ba1f0c-4730-4247-a882-3699fa2678ff}, !- Availability Schedule Name
  ,                                       !- Air Inlet Node Name
  ,                                       !- Air Outlet Node Name
  0.3270595781376,                        !- Design Maximum Air Flow Rate {m3/s}
  Discrete,                               !- Speed Control Method
  0.2,                                    !- Electric Power Minimum Flow Rate Fraction
  500,                                    !- Design Pressure Rise {Pa}
  1,                                      !- Motor Efficiency
  1,                                      !- Motor In Air Stream Fraction
  autosize,                               !- Design Electric Power Consumption {W}
  PowerPerFlow,                           !- Design Power Sizing Method
  794.580001233493,                       !- Electric Power Per Unit Flow Rate {W/(m3/s)}
  1.66667,                                !- Electric Power Per Unit Flow Rate Per Unit Pressure {W-s/m3-Pa}
  0.7,                                    !- Fan Total Efficiency
  ,                                       !- Electric Power Function of Flow Fraction Curve Name
  ,                                       !- Night Ventilation Mode Pressure Rise {Pa}
  ,                                       !- Night Ventilation Mode Flow Fraction
  ,                                       !- Motor Loss Zone Name
  0,                                      !- Motor Loss Radiative Fraction
  supply fan,                             !- End-Use Subcategory
  0.55411,                                !- Speed Flow Fraction 1
  0.17014,                                !- Speed Electric Power Fraction 1
  1,                                      !- Speed Flow Fraction 2
  1;                                      !- Speed Electric Power Fraction 2

OS:EnergyManagementSystem:Sensor,
  {52f301aa-856b-4501-a933-dfc856928014}, !- Handle
  central_ac_and_furnace_supply_fan_s,    !- Name
  central ac and furnace supply fan,      !- Output Variable or Output Meter Index Key Name
  Fan Electricity Energy;                 !- Output Variable or Output Meter Name

OS:EnergyManagementSystem:Sensor,
  {d9e53cfc-3d91-4d34-9dda-2918c1d39069}, !- Handle
  central_ac_and_furnace_clg_coil_s,      !- Name
  central ac and furnace clg coil,        !- Output Variable or Output Meter Index Key Name
  Cooling Coil Total Cooling Energy;      !- Output Variable or Output Meter Name

OS:EnergyManagementSystem:Program,
  {b6dd0f7c-c7c9-49ed-8275-889030437f1a}, !- Handle
  central_ac_and_furnace_supply_fan_disaggregate_program, !- Name
  Set central_ac_and_furnace_supply_fan_clg = 0, !- Program Line 1
  If central_ac_and_furnace_clg_coil_s > 0, !- Program Line 2
  Set central_ac_and_furnace_supply_fan_clg = central_ac_and_furnace_supply_fan_s, !- Program Line 3
  EndIf;                                  !- Program Line 4

OS:EnergyManagementSystem:ProgramCallingManager,
  {170c1416-87ce-44d5-891e-3204b0d889d9}, !- Handle
  central_ac_and_furnace_supply_fan_disaggregate_program_calling_manager, !- Name
  EndOfSystemTimestepBeforeHVACReporting, !- EnergyPlus Model Calling Point
  {b6dd0f7c-c7c9-49ed-8275-889030437f1a}; !- Program Name 1

OS:EnergyManagementSystem:OutputVariable,
  {aa0e752a-f74b-4355-9de0-b4d003cca740}, !- Handle
  central ac and furnace supply fan disaggregate clg, !- Name
  central_ac_and_furnace_supply_fan_clg,  !- EMS Variable Name
  Summed,                                 !- Type of Data in Variable
  SystemTimestep,                         !- Update Frequency
  {b6dd0f7c-c7c9-49ed-8275-889030437f1a}, !- EMS Program or Subroutine Name
  J;                                      !- Units

OS:AdditionalProperties,
  {581e2db1-6f9f-417a-91ad-a409002813e7}, !- Handle
  {aa0e752a-f74b-4355-9de0-b4d003cca740}, !- Object Name
  HPXML_ID,                               !- Feature Name 1
  String,                                 !- Feature Data Type 1
  CoolingSystem1,                         !- Feature Value 1
  ObjectType,                             !- Feature Name 2
  String,                                 !- Feature Data Type 2
  disaggregate clg;                       !- Feature Value 2

OS:EnergyManagementSystem:Sensor,
  {6c6d3459-5b06-4b4c-8de0-a5d3feaf68e6}, !- Handle
  central_ac_and_furnace_supply_fan_s_1,  !- Name
  central ac and furnace supply fan,      !- Output Variable or Output Meter Index Key Name
  Fan Electricity Energy;                 !- Output Variable or Output Meter Name

OS:EnergyManagementSystem:Sensor,
  {8f033c14-6361-43ab-8e8c-6e2d7dfba4ef}, !- Handle
  central_ac_and_furnace_htg_coil_s,      !- Name
  central ac and furnace htg coil,        !- Output Variable or Output Meter Index Key Name
  Heating Coil Heating Energy;            !- Output Variable or Output Meter Name

OS:EnergyManagementSystem:Program,
  {b6417e38-1a23-40fe-9477-eb38fcd1d84d}, !- Handle
  central_ac_and_furnace_supply_fan_disaggregate_program_1, !- Name
  Set central_ac_and_furnace_supply_fan_primary_htg = 0, !- Program Line 1
  If central_ac_and_furnace_htg_coil_s > 0, !- Program Line 2
  Set central_ac_and_furnace_supply_fan_primary_htg = central_ac_and_furnace_supply_fan_s_1, !- Program Line 3
  EndIf;                                  !- Program Line 4

OS:EnergyManagementSystem:ProgramCallingManager,
  {efe0cd78-f750-4cec-8dd5-f296de4bb319}, !- Handle
  central_ac_and_furnace_supply_fan_disaggregate_program_calling_manager 1, !- Name
  EndOfSystemTimestepBeforeHVACReporting, !- EnergyPlus Model Calling Point
  {b6417e38-1a23-40fe-9477-eb38fcd1d84d}; !- Program Name 1

OS:EnergyManagementSystem:OutputVariable,
  {216b084d-a3ea-4071-9c3c-2df3d0c5309e}, !- Handle
  central ac and furnace supply fan disaggregate htg primary, !- Name
  central_ac_and_furnace_supply_fan_primary_htg, !- EMS Variable Name
  Summed,                                 !- Type of Data in Variable
  SystemTimestep,                         !- Update Frequency
  {b6417e38-1a23-40fe-9477-eb38fcd1d84d}, !- EMS Program or Subroutine Name
  J;                                      !- Units

OS:AdditionalProperties,
  {fd8b08bc-6710-46b5-8f81-5af26aa401a5}, !- Handle
  {216b084d-a3ea-4071-9c3c-2df3d0c5309e}, !- Object Name
  HPXML_ID,                               !- Feature Name 1
  String,                                 !- Feature Data Type 1
  HeatingSystem1,                         !- Feature Value 1
  ObjectType,                             !- Feature Name 2
  String,                                 !- Feature Data Type 2
  disaggregate htg primary;               !- Feature Value 2

OS:Schedule:Constant,
  {243b6309-dcbf-4c7d-873a-0987727419a3}, !- Handle
  central ac and furnace auto fan schedule, !- Name
  {7c13f960-8352-4b1e-8bd2-7c89459747e9}, !- Schedule Type Limits Name
  0;                                      !- Value

OS:AirLoopHVAC:UnitarySystem,
  {5c8798fe-6000-4edf-84d3-f1d5afd00494}, !- Handle
  central ac and furnace unitary system,  !- Name
  Load,                                   !- Control Type
  {ca000d2e-7da3-478c-a7d6-1c15e6b5958a}, !- Controlling Zone or Thermostat Location
  None,                                   !- Dehumidification Control Type
  {c6ba1f0c-4730-4247-a882-3699fa2678ff}, !- Availability Schedule Name
  {b961513f-b04b-49f8-97c5-db81d6074208}, !- Air Inlet Node Name
  {f9c09033-61fc-4fef-9b9c-d943e6d5bab5}, !- Air Outlet Node Name
  {3af4fa8c-5253-4479-9a9a-739ab38dc5e2}, !- Supply Fan Name
  BlowThrough,                            !- Fan Placement
  {243b6309-dcbf-4c7d-873a-0987727419a3}, !- Supply Air Fan Operating Mode Schedule Name
  {352a89cd-c79f-4302-84da-11c46a3730c2}, !- Heating Coil Name
  1,                                      !- DX Heating Coil Sizing Ratio
  {e7e7a6f6-f912-4ec7-a91f-791950a99f34}, !- Cooling Coil Name
  No,                                     !- Use DOAS DX Cooling Coil
  2,                                      !- DOAS DX Cooling Coil Leaving Minimum Air Temperature {C}
  SensibleOnlyLoadControl,                !- Latent Load Control
  ,                                       !- Supplemental Heating Coil Name
  SupplyAirFlowRate,                      !- Supply Air Flow Rate Method During Cooling Operation
  0.3270595781376,                        !- Supply Air Flow Rate During Cooling Operation {m3/s}
  ,                                       !- Supply Air Flow Rate Per Floor Area During Cooling Operation {m3/s-m2}
  ,                                       !- Fraction of Autosized Design Cooling Supply Air Flow Rate
  ,                                       !- Design Supply Air Flow Rate Per Unit of Capacity During Cooling Operation {m3/s-W}
  SupplyAirFlowRate,                      !- Supply Air Flow Rate Method During Heating Operation
  0.1812278181888,                        !- Supply Air Flow Rate During Heating Operation {m3/s}
  ,                                       !- Supply Air Flow Rate Per Floor Area during Heating Operation {m3/s-m2}
  ,                                       !- Fraction of Autosized Design Heating Supply Air Flow Rate
  ,                                       !- Design Supply Air Flow Rate Per Unit of Capacity During Heating Operation {m3/s-W}
  SupplyAirFlowRate,                      !- Supply Air Flow Rate Method When No Cooling or Heating is Required
  0,                                      !- Supply Air Flow Rate When No Cooling or Heating is Required {m3/s}
  ,                                       !- Supply Air Flow Rate Per Floor Area When No Cooling or Heating is Required {m3/s-m2}
  ,                                       !- Fraction of Autosized Design Cooling Supply Air Flow Rate When No Cooling or Heating is Required
  ,                                       !- Fraction of Autosized Design Heating Supply Air Flow Rate When No Cooling or Heating is Required
  ,                                       !- Design Supply Air Flow Rate Per Unit of Capacity During Cooling Operation When No Cooling or Heating is Required {m3/s-W}
  ,                                       !- Design Supply Air Flow Rate Per Unit of Capacity During Heating Operation When No Cooling or Heating is Required {m3/s-W}
  Yes,                                    !- No Load Supply Air Flow Rate Control Set To Low Speed
  48.8888888888889,                       !- Maximum Supply Air Temperature {C}
  21,                                     !- Maximum Outdoor Dry-Bulb Temperature for Supplemental Heater Operation {C}
  ,                                       !- Outdoor Dry-Bulb Temperature Sensor Node Name
  0,                                      !- Ancilliary On-Cycle Electric Power {W}
  0;                                      !- Ancilliary Off-Cycle Electric Power {W}

OS:AirLoopHVAC,
  {662c6143-d266-4f88-80eb-6400555a8104}, !- Handle
  central ac and furnace airloop,         !- Name
  ,                                       !- Controller List Name
  {c6ba1f0c-4730-4247-a882-3699fa2678ff}, !- Availability Schedule
  {1ff2bcb5-95ee-48fc-bafc-6bba90f56ec8}, !- Availability Manager List Name
  0.3270595781376,                        !- Design Supply Air Flow Rate {m3/s}
  1,                                      !- Design Return Air Flow Fraction of Supply Air Flow
  ,                                       !- Branch List Name
  ,                                       !- Connector List Name
  {8ab2a4e0-9481-45ed-bb0d-99e8d7a608b2}, !- Supply Side Inlet Node Name
  {2b0d75e4-672c-40da-9d9e-23dfd3a27e9a}, !- Demand Side Outlet Node Name
  {20b8e200-0ec1-4cfc-b6bb-d08563d86193}, !- Demand Side Inlet Node A
  {c0baf0e9-7b5f-4ca2-b9cd-061499826a3c}, !- Supply Side Outlet Node A
  ,                                       !- Demand Side Inlet Node B
  ,                                       !- Supply Side Outlet Node B
  ,                                       !- Return Air Bypass Flow Temperature Setpoint Schedule Name
  {0d8a4bb0-c63e-4296-a211-907607f493a2}, !- Demand Mixer Name
  {c0ab6ba6-01d0-4192-9659-c3c431ed03fb}, !- Demand Splitter A Name
  ,                                       !- Demand Splitter B Name
  ;                                       !- Supply Splitter Name

OS:Node,
  {0be309e5-ac0f-43b3-90b5-0d2769932f22}, !- Handle
  Node 2,                                 !- Name
  {8ab2a4e0-9481-45ed-bb0d-99e8d7a608b2}, !- Inlet Port
  {b961513f-b04b-49f8-97c5-db81d6074208}; !- Outlet Port

OS:Node,
  {f95899d8-abfa-450e-8efd-d05ebf747931}, !- Handle
  Node 3,                                 !- Name
  {f9c09033-61fc-4fef-9b9c-d943e6d5bab5}, !- Inlet Port
  {c0baf0e9-7b5f-4ca2-b9cd-061499826a3c}; !- Outlet Port

OS:Connection,
  {8ab2a4e0-9481-45ed-bb0d-99e8d7a608b2}, !- Handle
  {662c6143-d266-4f88-80eb-6400555a8104}, !- Source Object
  9,                                      !- Outlet Port
  {0be309e5-ac0f-43b3-90b5-0d2769932f22}, !- Target Object
  2;                                      !- Inlet Port

OS:Connection,
  {c0baf0e9-7b5f-4ca2-b9cd-061499826a3c}, !- Handle
  {f95899d8-abfa-450e-8efd-d05ebf747931}, !- Source Object
  3,                                      !- Outlet Port
  {662c6143-d266-4f88-80eb-6400555a8104}, !- Target Object
  12;                                     !- Inlet Port

OS:Node,
  {cd1bed53-dc71-4dda-b9b0-de3cc373e865}, !- Handle
  Node 4,                                 !- Name
  {20b8e200-0ec1-4cfc-b6bb-d08563d86193}, !- Inlet Port
  {327e2fac-a559-42fb-bb6c-35903c817043}; !- Outlet Port

OS:Node,
  {ea3cd127-d62b-4e0c-a19b-723fe485c16c}, !- Handle
  Node 5,                                 !- Name
  {d596c8eb-c1fb-4602-838f-ab621ee6a785}, !- Inlet Port
  {2b0d75e4-672c-40da-9d9e-23dfd3a27e9a}; !- Outlet Port

OS:Node,
  {a397689c-6807-4423-913f-c752b7082298}, !- Handle
  Node 6,                                 !- Name
  {edb03bb5-57e2-4efb-a6e7-5c97969c7471}, !- Inlet Port
  {965678f9-8f88-4699-a145-b54adb8e2130}; !- Outlet Port

OS:Connection,
  {20b8e200-0ec1-4cfc-b6bb-d08563d86193}, !- Handle
  {662c6143-d266-4f88-80eb-6400555a8104}, !- Source Object
  11,                                     !- Outlet Port
  {cd1bed53-dc71-4dda-b9b0-de3cc373e865}, !- Target Object
  2;                                      !- Inlet Port

OS:Connection,
  {2b0d75e4-672c-40da-9d9e-23dfd3a27e9a}, !- Handle
  {ea3cd127-d62b-4e0c-a19b-723fe485c16c}, !- Source Object
  3,                                      !- Outlet Port
  {662c6143-d266-4f88-80eb-6400555a8104}, !- Target Object
  10;                                     !- Inlet Port

OS:AirLoopHVAC:ZoneSplitter,
  {c0ab6ba6-01d0-4192-9659-c3c431ed03fb}, !- Handle
  central ac and furnace zone splitter,   !- Name
  {327e2fac-a559-42fb-bb6c-35903c817043}, !- Inlet Node Name
  {8d19f00b-859c-4247-94ca-8e97527f1e17}; !- Outlet Node Name 1

OS:AirLoopHVAC:ZoneMixer,
  {0d8a4bb0-c63e-4296-a211-907607f493a2}, !- Handle
  central ac and furnace zone mixer,      !- Name
  {d596c8eb-c1fb-4602-838f-ab621ee6a785}, !- Outlet Node Name
  {8f6b9534-26eb-4de2-aa09-e2ba9f268fad}; !- Inlet Node Name 1

OS:Connection,
  {327e2fac-a559-42fb-bb6c-35903c817043}, !- Handle
  {cd1bed53-dc71-4dda-b9b0-de3cc373e865}, !- Source Object
  3,                                      !- Outlet Port
  {c0ab6ba6-01d0-4192-9659-c3c431ed03fb}, !- Target Object
  2;                                      !- Inlet Port

OS:Connection,
  {d596c8eb-c1fb-4602-838f-ab621ee6a785}, !- Handle
  {0d8a4bb0-c63e-4296-a211-907607f493a2}, !- Source Object
  2,                                      !- Outlet Port
  {ea3cd127-d62b-4e0c-a19b-723fe485c16c}, !- Target Object
  2;                                      !- Inlet Port

OS:Sizing:System,
  {2e41deba-3f2a-41e4-b2dd-d3b3652055dc}, !- Handle
  {662c6143-d266-4f88-80eb-6400555a8104}, !- AirLoop Name
  ,                                       !- Type of Load to Size On
  ,                                       !- Design Outdoor Air Flow Rate {m3/s}
  0.3,                                    !- Central Heating Maximum System Air Flow Ratio
  7,                                      !- Preheat Design Temperature {C}
  0.008,                                  !- Preheat Design Humidity Ratio {kg-H2O/kg-Air}
  12.8,                                   !- Precool Design Temperature {C}
  0.008,                                  !- Precool Design Humidity Ratio {kg-H2O/kg-Air}
  12.8,                                   !- Central Cooling Design Supply Air Temperature {C}
  16.7,                                   !- Central Heating Design Supply Air Temperature {C}
  ,                                       !- Sizing Option
  Yes,                                    !- 100% Outdoor Air in Cooling
  Yes,                                    !- 100% Outdoor Air in Heating
  0.0085,                                 !- Central Cooling Design Supply Air Humidity Ratio {kg-H2O/kg-Air}
  ,                                       !- Central Heating Design Supply Air Humidity Ratio {kg-H2O/kg-Air}
  ,                                       !- Cooling Design Air Flow Method
  ,                                       !- Cooling Design Air Flow Rate {m3/s}
  ,                                       !- Heating Design Air Flow Method
  ,                                       !- Heating Design Air Flow Rate {m3/s}
  ,                                       !- System Outdoor Air Method
  1,                                      !- Zone Maximum Outdoor Air Fraction {dimensionless}
  0.0099676501,                           !- Cooling Supply Air Flow Rate Per Floor Area {m3/s-m2}
  1,                                      !- Cooling Fraction of Autosized Cooling Supply Air Flow Rate
  3.9475456e-05,                          !- Cooling Supply Air Flow Rate Per Unit Cooling Capacity {m3/s-W}
  0.0099676501,                           !- Heating Supply Air Flow Rate Per Floor Area {m3/s-m2}
  1,                                      !- Heating Fraction of Autosized Heating Supply Air Flow Rate
  1,                                      !- Heating Fraction of Autosized Cooling Supply Air Flow Rate
  3.1588213e-05,                          !- Heating Supply Air Flow Rate Per Unit Heating Capacity {m3/s-W}
  CoolingDesignCapacity,                  !- Cooling Design Capacity Method
  autosize,                               !- Cooling Design Capacity {W}
  234.7,                                  !- Cooling Design Capacity Per Floor Area {W/m2}
  1,                                      !- Fraction of Autosized Cooling Design Capacity
  HeatingDesignCapacity,                  !- Heating Design Capacity Method
  autosize,                               !- Heating Design Capacity {W}
  157,                                    !- Heating Design Capacity Per Floor Area {W/m2}
  1,                                      !- Fraction of Autosized Heating Design Capacity
  OnOff,                                  !- Central Cooling Capacity Control Method
  autosize;                               !- Occupant Diversity

OS:AvailabilityManagerAssignmentList,
  {1ff2bcb5-95ee-48fc-bafc-6bba90f56ec8}, !- Handle
  Air Loop HVAC 1 AvailabilityManagerAssignmentList; !- Name

OS:Connection,
  {b961513f-b04b-49f8-97c5-db81d6074208}, !- Handle
  {0be309e5-ac0f-43b3-90b5-0d2769932f22}, !- Source Object
  3,                                      !- Outlet Port
  {5c8798fe-6000-4edf-84d3-f1d5afd00494}, !- Target Object
  6;                                      !- Inlet Port

OS:Connection,
  {f9c09033-61fc-4fef-9b9c-d943e6d5bab5}, !- Handle
  {5c8798fe-6000-4edf-84d3-f1d5afd00494}, !- Source Object
  7,                                      !- Outlet Port
  {f95899d8-abfa-450e-8efd-d05ebf747931}, !- Target Object
  2;                                      !- Inlet Port

OS:AirTerminal:SingleDuct:ConstantVolume:NoReheat,
  {7ff1f1c3-a1bf-4b7c-ba65-4de01ffdd3da}, !- Handle
  central ac and furnace terminal,        !- Name
  {c6ba1f0c-4730-4247-a882-3699fa2678ff}, !- Availability Schedule Name
  {23926cf3-0634-4155-98a2-bb5ec6ce3227}, !- Air Inlet Node Name
  {edb03bb5-57e2-4efb-a6e7-5c97969c7471}, !- Air Outlet Node Name
  0.3270595781376;                        !- Maximum Air Flow Rate {m3/s}

OS:Node,
  {1b4a9939-e816-4044-9b96-d9f9fd9f4426}, !- Handle
  Node 7,                                 !- Name
  {a0f05164-93f0-41e8-b12d-1c61af5db9ee}, !- Inlet Port
  {8f6b9534-26eb-4de2-aa09-e2ba9f268fad}; !- Outlet Port

OS:Connection,
  {965678f9-8f88-4699-a145-b54adb8e2130}, !- Handle
  {a397689c-6807-4423-913f-c752b7082298}, !- Source Object
  3,                                      !- Outlet Port
  {d068ccfd-8fbf-46ff-8940-66090c62b695}, !- Target Object
  2;                                      !- Inlet Port

OS:Connection,
  {a0f05164-93f0-41e8-b12d-1c61af5db9ee}, !- Handle
  {3830de46-318f-47e0-8221-58fa9a08b0c9}, !- Source Object
  2,                                      !- Outlet Port
  {1b4a9939-e816-4044-9b96-d9f9fd9f4426}, !- Target Object
  2;                                      !- Inlet Port

OS:Connection,
  {8f6b9534-26eb-4de2-aa09-e2ba9f268fad}, !- Handle
  {1b4a9939-e816-4044-9b96-d9f9fd9f4426}, !- Source Object
  3,                                      !- Outlet Port
  {0d8a4bb0-c63e-4296-a211-907607f493a2}, !- Target Object
  3;                                      !- Inlet Port

OS:Node,
  {3f12e749-d2c6-4f73-9874-29f1c5e0a0d4}, !- Handle
  Node 8,                                 !- Name
  {8d19f00b-859c-4247-94ca-8e97527f1e17}, !- Inlet Port
  {23926cf3-0634-4155-98a2-bb5ec6ce3227}; !- Outlet Port

OS:Connection,
  {8d19f00b-859c-4247-94ca-8e97527f1e17}, !- Handle
  {c0ab6ba6-01d0-4192-9659-c3c431ed03fb}, !- Source Object
  3,                                      !- Outlet Port
  {3f12e749-d2c6-4f73-9874-29f1c5e0a0d4}, !- Target Object
  2;                                      !- Inlet Port

OS:Connection,
  {23926cf3-0634-4155-98a2-bb5ec6ce3227}, !- Handle
  {3f12e749-d2c6-4f73-9874-29f1c5e0a0d4}, !- Source Object
  3,                                      !- Outlet Port
  {7ff1f1c3-a1bf-4b7c-ba65-4de01ffdd3da}, !- Target Object
  3;                                      !- Inlet Port

OS:Connection,
  {edb03bb5-57e2-4efb-a6e7-5c97969c7471}, !- Handle
  {7ff1f1c3-a1bf-4b7c-ba65-4de01ffdd3da}, !- Source Object
  4,                                      !- Outlet Port
  {a397689c-6807-4423-913f-c752b7082298}, !- Target Object
  2;                                      !- Inlet Port

OS:Schedule:Ruleset,
  {d899ba53-a224-463c-8b9c-0c5ed55b2c6a}, !- Handle
  Sequential Fraction Schedule,           !- Name
  {fd0f29c5-b6eb-4e65-af50-49ef9d6d1d36}, !- Schedule Type Limits Name
  {fd722778-c372-4ac4-9ce8-7b226f688ca2}; !- Default Day Schedule Name

OS:Schedule:Day,
  {fd722778-c372-4ac4-9ce8-7b226f688ca2}, !- Handle
  Sequential Fraction Schedule default day, !- Name
  {fd0f29c5-b6eb-4e65-af50-49ef9d6d1d36}, !- Schedule Type Limits Name
  ,                                       !- Interpolate to Timestep
  24,                                     !- Hour 1
  0,                                      !- Minute 1
  1;                                      !- Value Until Time 1

OS:Schedule:Rule,
  {36a10c90-9eb8-49e8-af3a-b46b1a2a815d}, !- Handle
  Sequential Fraction Schedule allday rule, !- Name
  {d899ba53-a224-463c-8b9c-0c5ed55b2c6a}, !- Schedule Ruleset Name
  0,                                      !- Rule Order
  {3454cb2e-2910-42fe-9800-9bd09f80a963}, !- Day Schedule Name
  Yes,                                    !- Apply Sunday
  Yes,                                    !- Apply Monday
  Yes,                                    !- Apply Tuesday
  Yes,                                    !- Apply Wednesday
  Yes,                                    !- Apply Thursday
  Yes,                                    !- Apply Friday
  Yes,                                    !- Apply Saturday
  DateRange,                              !- Date Specification Type
  11,                                     !- Start Month
  7,                                      !- Start Day
  11,                                     !- End Month
  13;                                     !- End Day

OS:Schedule:Day,
  {3454cb2e-2910-42fe-9800-9bd09f80a963}, !- Handle
  Sequential Fraction Schedule day,       !- Name
  {fd0f29c5-b6eb-4e65-af50-49ef9d6d1d36}, !- Schedule Type Limits Name
  ,                                       !- Interpolate to Timestep
  24,                                     !- Hour 1
  0,                                      !- Minute 1
  0;                                      !- Value Until Time 1

OS:Schedule:Constant,
  {64412b32-2896-4acf-9a00-7a946712a3eb}, !- Handle
  Sequential Fraction Schedule 1,         !- Name
  {fd0f29c5-b6eb-4e65-af50-49ef9d6d1d36}, !- Schedule Type Limits Name
  1;                                      !- Value

OS:Schedule:File,
  {16fec5a5-cb70-4931-a0c9-12fea49bc40b}, !- Handle
  ceiling_fan,                            !- Name
  {fd0f29c5-b6eb-4e65-af50-49ef9d6d1d36}, !- Schedule Type Limits Name
  {9fe42143-4844-4c4b-9b50-f89cd1ea63c7}, !- External File Name
  4,                                      !- Column Number
  1,                                      !- Rows to Skip at Top
  8760,                                   !- Number of Hours of Data
  ,                                       !- Column Separator
  Yes,                                    !- Interpolate to Timestep
  15,                                     !- Minutes per Item
  ,                                       !- Adjust Schedule for Daylight Savings
  Yes;                                    !- Translate File With Relative Path

OS:External:File,
  {9fe42143-4844-4c4b-9b50-f89cd1ea63c7}, !- Handle
  External File 1,                        !- Name
  in.schedules.csv;                       !- File Name

OS:ElectricEquipment:Definition,
  {235a074d-b214-4e80-b642-0f56ba3a1dd7}, !- Handle
  ceiling fan,                            !- Name
  EquipmentLevel,                         !- Design Level Calculation Method
  23.8142081759963,                       !- Design Level {W}
  ,                                       !- Watts per Space Floor Area {W/m2}
  ,                                       !- Watts per Person {W/person}
  0,                                      !- Fraction Latent
  0.558,                                  !- Fraction Radiant
  0;                                      !- Fraction Lost

OS:ElectricEquipment,
  {912cbbe4-0db9-45ad-89a0-64789e3ec141}, !- Handle
  ceiling fan,                            !- Name
  {235a074d-b214-4e80-b642-0f56ba3a1dd7}, !- Electric Equipment Definition Name
  {271f44e5-19ec-4eb2-9528-658d31d09048}, !- Space or SpaceType Name
  {16fec5a5-cb70-4931-a0c9-12fea49bc40b}, !- Schedule Name
  ,                                       !- Multiplier
  ceiling fan;                            !- End-Use Subcategory

OS:PlantLoop,
  {9861b15f-865d-4278-a03a-408a95107370}, !- Handle
  dhw loop,                               !- Name
  Water,                                  !- Fluid Type
  0,                                      !- Glycol Concentration
  ,                                       !- User Defined Fluid Type
  ,                                       !- Plant Equipment Operation Heating Load
  ,                                       !- Plant Equipment Operation Cooling Load
  ,                                       !- Primary Plant Equipment Operation Scheme
  {ece1c671-f713-49d9-8fca-729770dd3850}, !- Loop Temperature Setpoint Node Name
  ,                                       !- Maximum Loop Temperature {C}
  ,                                       !- Minimum Loop Temperature {C}
  0.01,                                   !- Maximum Loop Flow Rate {m3/s}
  ,                                       !- Minimum Loop Flow Rate {m3/s}
  0.003,                                  !- Plant Loop Volume {m3}
  {835068f1-2af9-4c88-b71c-eaa0c40cf940}, !- Plant Side Inlet Node Name
  {fd2b75ac-ac35-4f3c-9dbe-57687f86a7f8}, !- Plant Side Outlet Node Name
  ,                                       !- Plant Side Branch List Name
  {13a9fa4b-3f81-43e5-9d1d-94373b721927}, !- Demand Side Inlet Node Name
  {0f87c5b5-116b-41a8-8943-17bf51932f27}, !- Demand Side Outlet Node Name
  ,                                       !- Demand Side Branch List Name
  ,                                       !- Demand Side Connector List Name
  Optimal,                                !- Load Distribution Scheme
  {80bf0471-9a7e-43ee-a1ee-5416c5913128}, !- Availability Manager List Name
  ,                                       !- Plant Loop Demand Calculation Scheme
  ,                                       !- Common Pipe Simulation
  ,                                       !- Pressure Simulation Type
  ,                                       !- Plant Equipment Operation Heating Load Schedule
  ,                                       !- Plant Equipment Operation Cooling Load Schedule
  ,                                       !- Primary Plant Equipment Operation Scheme Schedule
  ,                                       !- Component Setpoint Operation Scheme Schedule
  {8aefce7d-7cbf-4939-85c3-81114c71c5b2}, !- Demand Mixer Name
  {edafcc92-dcf6-4619-b771-c72b66e87ac7}, !- Demand Splitter Name
  {209300d9-dc5c-4f2d-83ae-38a1c54bd9a6}, !- Supply Mixer Name
  {13f49f8e-42c8-4f34-a78e-32c138b70a81}; !- Supply Splitter Name

OS:Node,
  {0fd933e9-4490-419a-ad43-bf894850930e}, !- Handle
  Node 9,                                 !- Name
  {835068f1-2af9-4c88-b71c-eaa0c40cf940}, !- Inlet Port
  {29a47c5f-3a0c-4459-823d-20a49b260cf2}; !- Outlet Port

OS:Node,
  {ece1c671-f713-49d9-8fca-729770dd3850}, !- Handle
  Node 10,                                !- Name
  {99b94bdf-18fa-4cd8-a7f8-1e08bf0a6a41}, !- Inlet Port
  {fd2b75ac-ac35-4f3c-9dbe-57687f86a7f8}; !- Outlet Port

OS:Node,
  {10fb71cc-34a7-42c0-b67f-46857b0da5c6}, !- Handle
  Node 11,                                !- Name
  {26501cfb-225b-4b5c-8519-42ac20a2cbce}, !- Inlet Port
  {e39cb753-3d72-4833-92a9-6507f774dc6d}; !- Outlet Port

OS:Connector:Mixer,
  {209300d9-dc5c-4f2d-83ae-38a1c54bd9a6}, !- Handle
  Connector Mixer 1,                      !- Name
  {2cad1c30-4c87-42f2-88ba-6c4660900c33}, !- Outlet Branch Name
  {bd509dc8-883e-48a6-86e6-b2430fd1eb53}, !- Inlet Branch Name 1
  {90cd3c78-4c47-4264-8ea8-f2e602ec64b3}; !- Inlet Branch Name 2

OS:Connector:Splitter,
  {13f49f8e-42c8-4f34-a78e-32c138b70a81}, !- Handle
  Connector Splitter 1,                   !- Name
  {2e142317-70d6-45db-a535-c3e1ded20781}, !- Inlet Branch Name
  {26501cfb-225b-4b5c-8519-42ac20a2cbce}, !- Outlet Branch Name 1
  {af0bf890-7189-4ed1-acf9-e61f7d4bef36}; !- Outlet Branch Name 2

OS:Connection,
  {835068f1-2af9-4c88-b71c-eaa0c40cf940}, !- Handle
  {9861b15f-865d-4278-a03a-408a95107370}, !- Source Object
  14,                                     !- Outlet Port
  {0fd933e9-4490-419a-ad43-bf894850930e}, !- Target Object
  2;                                      !- Inlet Port

OS:Connection,
  {26501cfb-225b-4b5c-8519-42ac20a2cbce}, !- Handle
  {13f49f8e-42c8-4f34-a78e-32c138b70a81}, !- Source Object
  3,                                      !- Outlet Port
  {10fb71cc-34a7-42c0-b67f-46857b0da5c6}, !- Target Object
  2;                                      !- Inlet Port

OS:Connection,
  {fd2b75ac-ac35-4f3c-9dbe-57687f86a7f8}, !- Handle
  {ece1c671-f713-49d9-8fca-729770dd3850}, !- Source Object
  3,                                      !- Outlet Port
  {9861b15f-865d-4278-a03a-408a95107370}, !- Target Object
  15;                                     !- Inlet Port

OS:Node,
  {cdf90c97-62ca-41b0-aaed-ccedb35d2a77}, !- Handle
  Node 12,                                !- Name
  {13a9fa4b-3f81-43e5-9d1d-94373b721927}, !- Inlet Port
  {9c722bdd-b5da-414c-b7df-1a9ba5f625bd}; !- Outlet Port

OS:Node,
  {626eb81c-af26-45af-b815-f43236a6d0c1}, !- Handle
  Node 13,                                !- Name
  {c9c9d67f-d9a7-4490-a902-1e5a9b1e1748}, !- Inlet Port
  {0f87c5b5-116b-41a8-8943-17bf51932f27}; !- Outlet Port

OS:Node,
  {80870fba-7d63-4550-8f80-5997c20cd535}, !- Handle
  Node 14,                                !- Name
  {74da13e4-b4a4-486e-aa07-a34eb640e92c}, !- Inlet Port
  {6c172252-b58d-4fb4-918a-e22cbbfdd28f}; !- Outlet Port

OS:Connector:Mixer,
  {8aefce7d-7cbf-4939-85c3-81114c71c5b2}, !- Handle
  Connector Mixer 2,                      !- Name
  {c9c9d67f-d9a7-4490-a902-1e5a9b1e1748}, !- Outlet Branch Name
  {37472328-6a6a-4665-9d67-c44f835ad4cc}; !- Inlet Branch Name 1

OS:Connector:Splitter,
  {edafcc92-dcf6-4619-b771-c72b66e87ac7}, !- Handle
  Connector Splitter 2,                   !- Name
  {9c722bdd-b5da-414c-b7df-1a9ba5f625bd}, !- Inlet Branch Name
  {74da13e4-b4a4-486e-aa07-a34eb640e92c}; !- Outlet Branch Name 1

OS:Connection,
  {13a9fa4b-3f81-43e5-9d1d-94373b721927}, !- Handle
  {9861b15f-865d-4278-a03a-408a95107370}, !- Source Object
  17,                                     !- Outlet Port
  {cdf90c97-62ca-41b0-aaed-ccedb35d2a77}, !- Target Object
  2;                                      !- Inlet Port

OS:Connection,
  {9c722bdd-b5da-414c-b7df-1a9ba5f625bd}, !- Handle
  {cdf90c97-62ca-41b0-aaed-ccedb35d2a77}, !- Source Object
  3,                                      !- Outlet Port
  {edafcc92-dcf6-4619-b771-c72b66e87ac7}, !- Target Object
  2;                                      !- Inlet Port

OS:Connection,
  {74da13e4-b4a4-486e-aa07-a34eb640e92c}, !- Handle
  {edafcc92-dcf6-4619-b771-c72b66e87ac7}, !- Source Object
  3,                                      !- Outlet Port
  {80870fba-7d63-4550-8f80-5997c20cd535}, !- Target Object
  2;                                      !- Inlet Port

OS:Connection,
  {c9c9d67f-d9a7-4490-a902-1e5a9b1e1748}, !- Handle
  {8aefce7d-7cbf-4939-85c3-81114c71c5b2}, !- Source Object
  2,                                      !- Outlet Port
  {626eb81c-af26-45af-b815-f43236a6d0c1}, !- Target Object
  2;                                      !- Inlet Port

OS:Connection,
  {0f87c5b5-116b-41a8-8943-17bf51932f27}, !- Handle
  {626eb81c-af26-45af-b815-f43236a6d0c1}, !- Source Object
  3,                                      !- Outlet Port
  {9861b15f-865d-4278-a03a-408a95107370}, !- Target Object
  18;                                     !- Inlet Port

OS:Sizing:Plant,
  {68a1d992-d5a5-42d5-a511-c20e6830ad32}, !- Handle
  {9861b15f-865d-4278-a03a-408a95107370}, !- Plant or Condenser Loop Name
  Heating,                                !- Loop Type
  52.6666666666667,                       !- Design Loop Exit Temperature {C}
  5.55555555555556,                       !- Loop Design Temperature Difference {deltaC}
  NonCoincident,                          !- Sizing Option
  1,                                      !- Zone Timesteps in Averaging Window
  None;                                   !- Coincident Sizing Factor Mode

OS:AvailabilityManagerAssignmentList,
  {80bf0471-9a7e-43ee-a1ee-5416c5913128}, !- Handle
  Plant Loop 1 AvailabilityManagerAssignmentList; !- Name

OS:Pipe:Adiabatic,
  {af6089f1-6c86-421f-a95a-a891bd271667}, !- Handle
  Pipe Adiabatic 1,                       !- Name
  {e39cb753-3d72-4833-92a9-6507f774dc6d}, !- Inlet Node Name
  {ac4e930f-9a3d-457e-83fd-2ec67bed0347}; !- Outlet Node Name

OS:Pipe:Adiabatic,
  {e38da4bd-a116-4639-a146-6ed23c059b0e}, !- Handle
  Pipe Adiabatic 2,                       !- Name
  {85616541-cc57-43fd-994c-0176cf485953}, !- Inlet Node Name
  {99b94bdf-18fa-4cd8-a7f8-1e08bf0a6a41}; !- Outlet Node Name

OS:Node,
  {a78307cf-7952-4a5c-ba54-92991560d49f}, !- Handle
  Node 15,                                !- Name
  {ac4e930f-9a3d-457e-83fd-2ec67bed0347}, !- Inlet Port
  {bd509dc8-883e-48a6-86e6-b2430fd1eb53}; !- Outlet Port

OS:Connection,
  {e39cb753-3d72-4833-92a9-6507f774dc6d}, !- Handle
  {10fb71cc-34a7-42c0-b67f-46857b0da5c6}, !- Source Object
  3,                                      !- Outlet Port
  {af6089f1-6c86-421f-a95a-a891bd271667}, !- Target Object
  2;                                      !- Inlet Port

OS:Connection,
  {ac4e930f-9a3d-457e-83fd-2ec67bed0347}, !- Handle
  {af6089f1-6c86-421f-a95a-a891bd271667}, !- Source Object
  3,                                      !- Outlet Port
  {a78307cf-7952-4a5c-ba54-92991560d49f}, !- Target Object
  2;                                      !- Inlet Port

OS:Connection,
  {bd509dc8-883e-48a6-86e6-b2430fd1eb53}, !- Handle
  {a78307cf-7952-4a5c-ba54-92991560d49f}, !- Source Object
  3,                                      !- Outlet Port
  {209300d9-dc5c-4f2d-83ae-38a1c54bd9a6}, !- Target Object
  3;                                      !- Inlet Port

OS:Node,
  {3f9d5783-ec66-4d73-ba80-9aef1df56119}, !- Handle
  Node 16,                                !- Name
  {2cad1c30-4c87-42f2-88ba-6c4660900c33}, !- Inlet Port
  {85616541-cc57-43fd-994c-0176cf485953}; !- Outlet Port

OS:Connection,
  {2cad1c30-4c87-42f2-88ba-6c4660900c33}, !- Handle
  {209300d9-dc5c-4f2d-83ae-38a1c54bd9a6}, !- Source Object
  2,                                      !- Outlet Port
  {3f9d5783-ec66-4d73-ba80-9aef1df56119}, !- Target Object
  2;                                      !- Inlet Port

OS:Connection,
  {85616541-cc57-43fd-994c-0176cf485953}, !- Handle
  {3f9d5783-ec66-4d73-ba80-9aef1df56119}, !- Source Object
  3,                                      !- Outlet Port
  {e38da4bd-a116-4639-a146-6ed23c059b0e}, !- Target Object
  2;                                      !- Inlet Port

OS:Connection,
  {99b94bdf-18fa-4cd8-a7f8-1e08bf0a6a41}, !- Handle
  {e38da4bd-a116-4639-a146-6ed23c059b0e}, !- Source Object
  3,                                      !- Outlet Port
  {ece1c671-f713-49d9-8fca-729770dd3850}, !- Target Object
  2;                                      !- Inlet Port

OS:Pump:VariableSpeed,
  {a1d684f1-c4bc-4469-8a0b-0be1f85e9a4d}, !- Handle
  dhw loop pump,                          !- Name
  {29a47c5f-3a0c-4459-823d-20a49b260cf2}, !- Inlet Node Name
  {9ab826bf-2167-4a33-9753-31d0e84265cb}, !- Outlet Node Name
  0.01,                                   !- Rated Flow Rate {m3/s}
  1,                                      !- Rated Pump Head {Pa}
  0,                                      !- Rated Power Consumption {W}
  0.85,                                   !- Motor Efficiency
  0,                                      !- Fraction of Motor Inefficiencies to Fluid Stream
  0,                                      !- Coefficient 1 of the Part Load Performance Curve
  1,                                      !- Coefficient 2 of the Part Load Performance Curve
  0,                                      !- Coefficient 3 of the Part Load Performance Curve
  0,                                      !- Coefficient 4 of the Part Load Performance Curve
  0,                                      !- Minimum Flow Rate {m3/s}
  Intermittent,                           !- Pump Control Type
  ,                                       !- Pump Flow Rate Schedule Name
  ,                                       !- Pump Curve Name
  ,                                       !- Impeller Diameter {m}
  ,                                       !- VFD Control Type
  ,                                       !- Pump RPM Schedule Name
  ,                                       !- Minimum Pressure Schedule {Pa}
  ,                                       !- Maximum Pressure Schedule {Pa}
  ,                                       !- Minimum RPM Schedule {rev/min}
  ,                                       !- Maximum RPM Schedule {rev/min}
  ,                                       !- Zone Name
  0.5,                                    !- Skin Loss Radiative Fraction
  PowerPerFlowPerPressure,                !- Design Power Sizing Method
  348701.1,                               !- Design Electric Power per Unit Flow Rate {W/(m3/s)}
  1.282051282,                            !- Design Shaft Power per Unit Flow Rate per Unit Head {W-s/m3-Pa}
  0,                                      !- Design Minimum Flow Rate Fraction
  General;                                !- End-Use Subcategory

OS:Node,
  {9f211ed4-0b59-46a1-b09b-ddafed485cd0}, !- Handle
  Node 17,                                !- Name
  {9ab826bf-2167-4a33-9753-31d0e84265cb}, !- Inlet Port
  {2e142317-70d6-45db-a535-c3e1ded20781}; !- Outlet Port

OS:Connection,
  {29a47c5f-3a0c-4459-823d-20a49b260cf2}, !- Handle
  {0fd933e9-4490-419a-ad43-bf894850930e}, !- Source Object
  3,                                      !- Outlet Port
  {a1d684f1-c4bc-4469-8a0b-0be1f85e9a4d}, !- Target Object
  2;                                      !- Inlet Port

OS:Connection,
  {9ab826bf-2167-4a33-9753-31d0e84265cb}, !- Handle
  {a1d684f1-c4bc-4469-8a0b-0be1f85e9a4d}, !- Source Object
  3,                                      !- Outlet Port
  {9f211ed4-0b59-46a1-b09b-ddafed485cd0}, !- Target Object
  2;                                      !- Inlet Port

OS:Connection,
  {2e142317-70d6-45db-a535-c3e1ded20781}, !- Handle
  {9f211ed4-0b59-46a1-b09b-ddafed485cd0}, !- Source Object
  3,                                      !- Outlet Port
  {13f49f8e-42c8-4f34-a78e-32c138b70a81}, !- Target Object
  2;                                      !- Inlet Port

OS:Schedule:Constant,
  {9db6ecc7-9fe8-4fcd-9814-f6b14fba2b51}, !- Handle
  dhw temp,                               !- Name
  {d2cd7c67-aa81-46b5-a2b6-273b8b6d5dc5}, !- Schedule Type Limits Name
  52.6666666666667;                       !- Value

OS:SetpointManager:Scheduled,
  {bf929e41-4bb4-4097-a5a9-8f13b98c0a29}, !- Handle
  Setpoint Manager Scheduled 1,           !- Name
  Temperature,                            !- Control Variable
  {9db6ecc7-9fe8-4fcd-9814-f6b14fba2b51}, !- Schedule Name
  {ece1c671-f713-49d9-8fca-729770dd3850}; !- Setpoint Node or NodeList Name

OS:WaterHeater:Mixed,
  {ba41e196-b376-4fb7-99d4-ecaa8b7bab65}, !- Handle
  water heater,                           !- Name
  0.170343530278643,                      !- Tank Volume {m3}
  {c467fa36-9a1b-4c6c-9f4f-9bbfa8cb307b}, !- Setpoint Temperature Schedule Name
  2,                                      !- Deadband Temperature Difference {deltaC}
  99,                                     !- Maximum Temperature Limit {C}
  Cycle,                                  !- Heater Control Type
  5500.06477392209,                       !- Heater Maximum Capacity {W}
  0,                                      !- Heater Minimum Capacity {W}
  ,                                       !- Heater Ignition Minimum Flow Rate {m3/s}
  ,                                       !- Heater Ignition Delay {s}
  Electricity,                            !- Heater Fuel Type
  1,                                      !- Heater Thermal Efficiency
  ,                                       !- Part Load Factor Curve Name
  0,                                      !- Off Cycle Parasitic Fuel Consumption Rate {W}
  Electricity,                            !- Off Cycle Parasitic Fuel Type
  0,                                      !- Off Cycle Parasitic Heat Fraction to Tank
  0,                                      !- On Cycle Parasitic Fuel Consumption Rate {W}
  Electricity,                            !- On Cycle Parasitic Fuel Type
  0,                                      !- On Cycle Parasitic Heat Fraction to Tank
  ThermalZone,                            !- Ambient Temperature Indicator
  ,                                       !- Ambient Temperature Schedule Name
  {ca000d2e-7da3-478c-a7d6-1c15e6b5958a}, !- Ambient Temperature Thermal Zone Name
  ,                                       !- Ambient Temperature Outdoor Air Node Name
  1.16350637011013,                       !- Off Cycle Loss Coefficient to Ambient Temperature {W/K}
  1,                                      !- Off Cycle Loss Fraction to Thermal Zone
  1.16350637011013,                       !- On Cycle Loss Coefficient to Ambient Temperature {W/K}
  1,                                      !- On Cycle Loss Fraction to Thermal Zone
  ,                                       !- Peak Use Flow Rate {m3/s}
  ,                                       !- Use Flow Rate Fraction Schedule Name
  ,                                       !- Cold Water Supply Temperature Schedule Name
  {a47bccca-e9d6-47a6-a53d-4a1a982f542b}, !- Use Side Inlet Node Name
  {690bed39-d14e-41fe-b263-b54fb11811c9}, !- Use Side Outlet Node Name
  1,                                      !- Use Side Effectiveness
  ,                                       !- Source Side Inlet Node Name
  ,                                       !- Source Side Outlet Node Name
  1,                                      !- Source Side Effectiveness
  autosize,                               !- Use Side Design Flow Rate {m3/s}
  autosize,                               !- Source Side Design Flow Rate {m3/s}
  1.5,                                    !- Indirect Water Heating Recovery Time {hr}
  IndirectHeatPrimarySetpoint,            !- Source Side Flow Control Mode
  ,                                       !- Indirect Alternate Setpoint Temperature Schedule Name
  General;                                !- End-Use Subcategory

OS:WaterHeater:Sizing,
  {f99a4c6f-496e-42c3-ac7d-6be67bf49b68}, !- Handle
  {ba41e196-b376-4fb7-99d4-ecaa8b7bab65}, !- WaterHeater Name
  PeakDraw,                               !- Design Mode
  0.538503,                               !- Time Storage Can Meet Peak Draw {hr}
  0,                                      !- Time for Tank Recovery {hr}
  1;                                      !- Nominal Tank Volume for Autosizing Plant Connections {m3}

OS:Schedule:Constant,
  {c467fa36-9a1b-4c6c-9f4f-9bbfa8cb307b}, !- Handle
  water heater setpoint,                  !- Name
  {d2cd7c67-aa81-46b5-a2b6-273b8b6d5dc5}, !- Schedule Type Limits Name
  52.6666666666667;                       !- Value

OS:AdditionalProperties,
  {42f6ed52-e9a6-4a92-97c2-0779df7ef043}, !- Handle
  {ba41e196-b376-4fb7-99d4-ecaa8b7bab65}, !- Object Name
  HPXML_ID,                               !- Feature Name 1
  String,                                 !- Feature Data Type 1
  WaterHeatingSystem1;                    !- Feature Value 1

OS:Node,
  {d3ae038e-1507-4828-b140-d8dabb28ac37}, !- Handle
  Node 18,                                !- Name
  {af0bf890-7189-4ed1-acf9-e61f7d4bef36}, !- Inlet Port
  {a47bccca-e9d6-47a6-a53d-4a1a982f542b}; !- Outlet Port

OS:Connection,
  {af0bf890-7189-4ed1-acf9-e61f7d4bef36}, !- Handle
  {13f49f8e-42c8-4f34-a78e-32c138b70a81}, !- Source Object
  4,                                      !- Outlet Port
  {d3ae038e-1507-4828-b140-d8dabb28ac37}, !- Target Object
  2;                                      !- Inlet Port

OS:Node,
  {ed0611c8-5458-4406-ae24-bc412f97a02d}, !- Handle
  Node 19,                                !- Name
  {690bed39-d14e-41fe-b263-b54fb11811c9}, !- Inlet Port
  {90cd3c78-4c47-4264-8ea8-f2e602ec64b3}; !- Outlet Port

OS:Connection,
  {a47bccca-e9d6-47a6-a53d-4a1a982f542b}, !- Handle
  {d3ae038e-1507-4828-b140-d8dabb28ac37}, !- Source Object
  3,                                      !- Outlet Port
  {ba41e196-b376-4fb7-99d4-ecaa8b7bab65}, !- Target Object
  31;                                     !- Inlet Port

OS:Connection,
  {690bed39-d14e-41fe-b263-b54fb11811c9}, !- Handle
  {ba41e196-b376-4fb7-99d4-ecaa8b7bab65}, !- Source Object
  32,                                     !- Outlet Port
  {ed0611c8-5458-4406-ae24-bc412f97a02d}, !- Target Object
  2;                                      !- Inlet Port

OS:Connection,
  {90cd3c78-4c47-4264-8ea8-f2e602ec64b3}, !- Handle
  {ed0611c8-5458-4406-ae24-bc412f97a02d}, !- Source Object
  3,                                      !- Outlet Port
  {209300d9-dc5c-4f2d-83ae-38a1c54bd9a6}, !- Target Object
  4;                                      !- Inlet Port

OS:OtherEquipment:Definition,
  {2bfacd87-fbb3-4fbc-bcc1-3ab7b0256194}, !- Handle
  water heater energy adjustment1,        !- Name
  EquipmentLevel,                         !- Design Level Calculation Method
  0.01,                                   !- Design Level {W}
  ,                                       !- Watts per Space Floor Area {W/m2}
  ,                                       !- Watts per Person {W/Person}
  0,                                      !- Fraction Latent
  0,                                      !- Fraction Radiant
  1;                                      !- Fraction Lost

OS:OtherEquipment,
  {1ad50a7f-727e-467b-b823-ddd68b8fc6d9}, !- Handle
  water heater energy adjustment1,        !- Name
  {2bfacd87-fbb3-4fbc-bcc1-3ab7b0256194}, !- Other Equipment Definition Name
  {271f44e5-19ec-4eb2-9528-658d31d09048}, !- Space or SpaceType Name
  {c6ba1f0c-4730-4247-a882-3699fa2678ff}, !- Schedule Name
  ,                                       !- Multiplier
  Electricity,                            !- Fuel Type
  water heater energy adjustment1;        !- End-Use Subcategory

OS:AdditionalProperties,
  {f72ca29d-8d44-4ad5-96be-706e381365d9}, !- Handle
  {1ad50a7f-727e-467b-b823-ddd68b8fc6d9}, !- Object Name
  HPXML_ID,                               !- Feature Name 1
  String,                                 !- Feature Data Type 1
  WaterHeatingSystem1;                    !- Feature Value 1

OS:EnergyManagementSystem:Sensor,
  {da8eb42f-f2e9-4395-9726-b4f54cb0bd91}, !- Handle
  water_heater_energy,                    !- Name
  water heater,                           !- Output Variable or Output Meter Index Key Name
  Water Heater Electricity Rate;          !- Output Variable or Output Meter Name

OS:EnergyManagementSystem:Sensor,
  {e54ee386-6b00-461d-b7f5-54a4a3037631}, !- Handle
  water_heater_on_cycle_parasitic,        !- Name
  water heater,                           !- Output Variable or Output Meter Index Key Name
  Water Heater On Cycle Parasitic Electricity Rate; !- Output Variable or Output Meter Name

OS:EnergyManagementSystem:Sensor,
  {2a4f2611-c6a5-4f78-9409-9effe85cce85}, !- Handle
  water_heater_off_cycle_parasitic,       !- Name
  water heater,                           !- Output Variable or Output Meter Index Key Name
  Water Heater Off Cycle Parasitic Electricity Rate; !- Output Variable or Output Meter Name

OS:EnergyManagementSystem:Actuator,
  {d39c39b4-5af8-4841-8fec-46bded315640}, !- Handle
  water_heater_ec_adj_act,                !- Name
  {1ad50a7f-727e-467b-b823-ddd68b8fc6d9}, !- Actuated Component Name
  OtherEquipment,                         !- Actuated Component Type
  Power Level,                            !- Actuated Component Control Type
  {271f44e5-19ec-4eb2-9528-658d31d09048}; !- Zone or Space Name

OS:EnergyManagementSystem:Program,
  {d768e95d-3e2a-42ca-a851-f46e2e9d001d}, !- Handle
  water_heater_EC_adj,                    !- Name
  If WarmupFlag == 0,                     !- Program Line 1
  Set dhw_e_cons = water_heater_energy + water_heater_on_cycle_parasitic + water_heater_off_cycle_parasitic, !- Program Line 2
  Set water_heater_ec_adj_act = 0.0 * dhw_e_cons / 1, !- Program Line 3
  EndIf;                                  !- Program Line 4

OS:EnergyManagementSystem:ProgramCallingManager,
  {98d9b304-486b-4a0c-a37f-9c8ec24e9585}, !- Handle
  water_heater_EC_adj_ProgramManager,     !- Name
  EndOfSystemTimestepBeforeHVACReporting, !- EnergyPlus Model Calling Point
  {d768e95d-3e2a-42ca-a851-f46e2e9d001d}; !- Program Name 1

OS:WaterUse:Connections,
  {eeb1572b-1c72-4c0f-b566-010b2361f7a5}, !- Handle
  Water Use Connections 1,                !- Name
  {6c172252-b58d-4fb4-918a-e22cbbfdd28f}, !- Inlet Node Name
  {e5f9838a-81eb-43f4-a449-16c6808642e3}, !- Outlet Node Name
  ,                                       !- Supply Water Storage Tank Name
  ,                                       !- Reclamation Water Storage Tank Name
  ,                                       !- Hot Water Supply Temperature Schedule Name
  ,                                       !- Cold Water Supply Temperature Schedule Name
  None,                                   !- Drain Water Heat Exchanger Type
  Plant,                                  !- Drain Water Heat Exchanger Destination
  ,                                       !- Drain Water Heat Exchanger U-Factor Times Area {W/K}
  {3b4fc09d-9437-4c02-b3e2-7b837ce5a038}, !- Water Use Equipment Name 1
  {2651452d-7d14-4c9a-950a-19d73f475f8f}, !- Water Use Equipment Name 2
  {b0d47895-be4e-41b2-a4be-01ed87ebcac2}, !- Water Use Equipment Name 3
  {ebd6f040-8a1d-4aed-8e7a-16327d00864e}; !- Water Use Equipment Name 4

OS:AdditionalProperties,
  {afb600e0-95a4-4ccc-b0ee-72b5042f77d7}, !- Handle
  {eeb1572b-1c72-4c0f-b566-010b2361f7a5}, !- Object Name
  HPXML_ID,                               !- Feature Name 1
  String,                                 !- Feature Data Type 1
  WaterHeatingSystem1;                    !- Feature Value 1

OS:Node,
  {026e2ecf-7d3b-4833-9e5c-9aa50595c53c}, !- Handle
  Node 20,                                !- Name
  {e5f9838a-81eb-43f4-a449-16c6808642e3}, !- Inlet Port
  {37472328-6a6a-4665-9d67-c44f835ad4cc}; !- Outlet Port

OS:Connection,
  {6c172252-b58d-4fb4-918a-e22cbbfdd28f}, !- Handle
  {80870fba-7d63-4550-8f80-5997c20cd535}, !- Source Object
  3,                                      !- Outlet Port
  {eeb1572b-1c72-4c0f-b566-010b2361f7a5}, !- Target Object
  2;                                      !- Inlet Port

OS:Connection,
  {e5f9838a-81eb-43f4-a449-16c6808642e3}, !- Handle
  {eeb1572b-1c72-4c0f-b566-010b2361f7a5}, !- Source Object
  3,                                      !- Outlet Port
  {026e2ecf-7d3b-4833-9e5c-9aa50595c53c}, !- Target Object
  2;                                      !- Inlet Port

OS:Connection,
  {37472328-6a6a-4665-9d67-c44f835ad4cc}, !- Handle
  {026e2ecf-7d3b-4833-9e5c-9aa50595c53c}, !- Source Object
  3,                                      !- Outlet Port
  {8aefce7d-7cbf-4939-85c3-81114c71c5b2}, !- Target Object
  3;                                      !- Inlet Port

OS:Schedule:File,
  {df089635-2fd0-458b-92c4-d9e24ef166e0}, !- Handle
  clothes_washer,                         !- Name
  {fd0f29c5-b6eb-4e65-af50-49ef9d6d1d36}, !- Schedule Type Limits Name
  {9fe42143-4844-4c4b-9b50-f89cd1ea63c7}, !- External File Name
  9,                                      !- Column Number
  1,                                      !- Rows to Skip at Top
  8760,                                   !- Number of Hours of Data
  ,                                       !- Column Separator
  Yes,                                    !- Interpolate to Timestep
  15,                                     !- Minutes per Item
  ,                                       !- Adjust Schedule for Daylight Savings
  Yes;                                    !- Translate File With Relative Path

OS:ElectricEquipment:Definition,
  {5ca0fe68-2bcb-4e1a-9939-671c6adfa724}, !- Handle
  clothes washer,                         !- Name
  EquipmentLevel,                         !- Design Level Calculation Method
  537.700444220163,                       !- Design Level {W}
  ,                                       !- Watts per Space Floor Area {W/m2}
  ,                                       !- Watts per Person {W/person}
  0.03,                                   !- Fraction Latent
  0.162,                                  !- Fraction Radiant
  0.7;                                    !- Fraction Lost

OS:ElectricEquipment,
  {1f526c68-f720-4d5c-b447-f1c2e4d289f8}, !- Handle
  clothes washer,                         !- Name
  {5ca0fe68-2bcb-4e1a-9939-671c6adfa724}, !- Electric Equipment Definition Name
  {271f44e5-19ec-4eb2-9528-658d31d09048}, !- Space or SpaceType Name
  {df089635-2fd0-458b-92c4-d9e24ef166e0}, !- Schedule Name
  ,                                       !- Multiplier
  clothes washer;                         !- End-Use Subcategory

OS:Schedule:File,
  {28703a3f-2696-43fe-9f98-2b0f6404d0ba}, !- Handle
  clothes_dryer,                          !- Name
  {fd0f29c5-b6eb-4e65-af50-49ef9d6d1d36}, !- Schedule Type Limits Name
  {9fe42143-4844-4c4b-9b50-f89cd1ea63c7}, !- External File Name
  10,                                     !- Column Number
  1,                                      !- Rows to Skip at Top
  8760,                                   !- Number of Hours of Data
  ,                                       !- Column Separator
  Yes,                                    !- Interpolate to Timestep
  15,                                     !- Minutes per Item
  ,                                       !- Adjust Schedule for Daylight Savings
  Yes;                                    !- Translate File With Relative Path

OS:ElectricEquipment:Definition,
  {be381a48-4004-4574-b58a-a30e83709275}, !- Handle
  clothes dryer,                          !- Name
  EquipmentLevel,                         !- Design Level Calculation Method
  8102.32615329393,                       !- Design Level {W}
  ,                                       !- Watts per Space Floor Area {W/m2}
  ,                                       !- Watts per Person {W/person}
  0.015,                                  !- Fraction Latent
  0.081,                                  !- Fraction Radiant
  0.85;                                   !- Fraction Lost

OS:ElectricEquipment,
  {f0afdb68-57b9-4454-807e-482b33d9ca95}, !- Handle
  clothes dryer,                          !- Name
  {be381a48-4004-4574-b58a-a30e83709275}, !- Electric Equipment Definition Name
  {271f44e5-19ec-4eb2-9528-658d31d09048}, !- Space or SpaceType Name
  {28703a3f-2696-43fe-9f98-2b0f6404d0ba}, !- Schedule Name
  ,                                       !- Multiplier
  clothes dryer;                          !- End-Use Subcategory

OS:OtherEquipment:Definition,
  {abb4892b-75c0-4371-ac19-fc08963fe75d}, !- Handle
  clothes dryer 2,                        !- Name
  EquipmentLevel,                         !- Design Level Calculation Method
  0,                                      !- Design Level {W}
  ,                                       !- Watts per Space Floor Area {W/m2}
  ,                                       !- Watts per Person {W/Person}
  0.015,                                  !- Fraction Latent
  0.081,                                  !- Fraction Radiant
  0.85;                                   !- Fraction Lost

OS:OtherEquipment,
  {e28b3505-d833-48e7-98ad-83449dccbf44}, !- Handle
  clothes dryer 1,                        !- Name
  {abb4892b-75c0-4371-ac19-fc08963fe75d}, !- Other Equipment Definition Name
  {271f44e5-19ec-4eb2-9528-658d31d09048}, !- Space or SpaceType Name
  {28703a3f-2696-43fe-9f98-2b0f6404d0ba}, !- Schedule Name
  ,                                       !- Multiplier
  Electricity,                            !- Fuel Type
  clothes dryer;                          !- End-Use Subcategory

OS:Schedule:File,
  {34e56e02-55c5-4527-8dfd-aa8246a7c432}, !- Handle
  dishwasher,                             !- Name
  {fd0f29c5-b6eb-4e65-af50-49ef9d6d1d36}, !- Schedule Type Limits Name
  {9fe42143-4844-4c4b-9b50-f89cd1ea63c7}, !- External File Name
  7,                                      !- Column Number
  1,                                      !- Rows to Skip at Top
  8760,                                   !- Number of Hours of Data
  ,                                       !- Column Separator
  Yes,                                    !- Interpolate to Timestep
  15,                                     !- Minutes per Item
  ,                                       !- Adjust Schedule for Daylight Savings
  Yes;                                    !- Translate File With Relative Path

OS:ElectricEquipment:Definition,
  {790fd6f3-38ec-43cb-80ad-a706a2f70ce6}, !- Handle
  dishwasher,                             !- Name
  EquipmentLevel,                         !- Design Level Calculation Method
  658.906009500392,                       !- Design Level {W}
  ,                                       !- Watts per Space Floor Area {W/m2}
  ,                                       !- Watts per Person {W/person}
  0.3,                                    !- Fraction Latent
  0.18,                                   !- Fraction Radiant
  0.4;                                    !- Fraction Lost

OS:ElectricEquipment,
  {3ef6ba2a-47a8-4932-bed7-37ac51a11b4c}, !- Handle
  dishwasher,                             !- Name
  {790fd6f3-38ec-43cb-80ad-a706a2f70ce6}, !- Electric Equipment Definition Name
  {271f44e5-19ec-4eb2-9528-658d31d09048}, !- Space or SpaceType Name
  {34e56e02-55c5-4527-8dfd-aa8246a7c432}, !- Schedule Name
  ,                                       !- Multiplier
  dishwasher;                             !- End-Use Subcategory

OS:Schedule:Constant,
  {0fc163a5-1b5d-494a-be79-795ed9ed14b9}, !- Handle
  fridge schedule,                        !- Name
  {fd0f29c5-b6eb-4e65-af50-49ef9d6d1d36}, !- Schedule Type Limits Name
  0;                                      !- Value

OS:EnergyManagementSystem:Sensor,
  {695e82e0-9252-4af1-9b6e-079dd75b7498}, !- Handle
  fridge_tin_s,                           !- Name
  conditioned space,                      !- Output Variable or Output Meter Index Key Name
  Zone Mean Air Temperature;              !- Output Variable or Output Meter Name

OS:EnergyManagementSystem:Actuator,
  {fadeace4-99f8-4cd9-a9d9-888364c4a7d7}, !- Handle
  fridge_schedule_act,                    !- Name
  {0fc163a5-1b5d-494a-be79-795ed9ed14b9}, !- Actuated Component Name
  Schedule:Constant,                      !- Actuated Component Type
  Schedule Value,                         !- Actuated Component Control Type
  ;                                       !- Zone or Space Name

OS:EnergyManagementSystem:Program,
  {36874b1f-802b-4621-96e2-6e99ed98ff76}, !- Handle
  fridge_schedule_program,                !- Name
  Set Tin = fridge_tin_s*(9.0/5.0)+32.0,  !- Program Line 1
  Set fridge_schedule_act = 0,            !- Program Line 2
  If (Hour == 0),                         !- Program Line 3
  Set fridge_schedule_act = (-0.487+0.019*Tin), !- Program Line 4
  ElseIf (Hour == 1),                     !- Program Line 5
  Set fridge_schedule_act = (-0.34+0.016*Tin), !- Program Line 6
  ElseIf (Hour == 2),                     !- Program Line 7
  Set fridge_schedule_act = (-0.37+0.017*Tin), !- Program Line 8
  ElseIf (Hour == 3),                     !- Program Line 9
  Set fridge_schedule_act = (-0.361+0.016*Tin), !- Program Line 10
  ElseIf (Hour == 4),                     !- Program Line 11
  Set fridge_schedule_act = (-0.515+0.018*Tin), !- Program Line 12
  ElseIf (Hour == 5),                     !- Program Line 13
  Set fridge_schedule_act = (-0.684+0.021*Tin), !- Program Line 14
  ElseIf (Hour == 6),                     !- Program Line 15
  Set fridge_schedule_act = (-0.471+0.019*Tin), !- Program Line 16
  ElseIf (Hour == 7),                     !- Program Line 17
  Set fridge_schedule_act = (-0.159+0.015*Tin), !- Program Line 18
  ElseIf (Hour == 8),                     !- Program Line 19
  Set fridge_schedule_act = (-0.079+0.015*Tin), !- Program Line 20
  ElseIf (Hour == 9),                     !- Program Line 21
  Set fridge_schedule_act = (-0.417+0.019*Tin), !- Program Line 22
  ElseIf (Hour == 10),                    !- Program Line 23
  Set fridge_schedule_act = (-0.411+0.018*Tin), !- Program Line 24
  ElseIf (Hour == 11),                    !- Program Line 25
  Set fridge_schedule_act = (-0.386+0.018*Tin), !- Program Line 26
  ElseIf (Hour == 12),                    !- Program Line 27
  Set fridge_schedule_act = (-0.24+0.016*Tin), !- Program Line 28
  ElseIf (Hour == 13),                    !- Program Line 29
  Set fridge_schedule_act = (-0.314+0.017*Tin), !- Program Line 30
  ElseIf (Hour == 14),                    !- Program Line 31
  Set fridge_schedule_act = (-0.16+0.015*Tin), !- Program Line 32
  ElseIf (Hour == 15),                    !- Program Line 33
  Set fridge_schedule_act = (-0.121+0.015*Tin), !- Program Line 34
  ElseIf (Hour == 16),                    !- Program Line 35
  Set fridge_schedule_act = (-0.469+0.02*Tin), !- Program Line 36
  ElseIf (Hour == 17),                    !- Program Line 37
  Set fridge_schedule_act = (-0.412+0.02*Tin), !- Program Line 38
  ElseIf (Hour == 18),                    !- Program Line 39
  Set fridge_schedule_act = (-0.091+0.017*Tin), !- Program Line 40
  ElseIf (Hour == 19),                    !- Program Line 41
  Set fridge_schedule_act = (0.077+0.014*Tin), !- Program Line 42
  ElseIf (Hour == 20),                    !- Program Line 43
  Set fridge_schedule_act = (-0.118+0.016*Tin), !- Program Line 44
  ElseIf (Hour == 21),                    !- Program Line 45
  Set fridge_schedule_act = (-0.247+0.017*Tin), !- Program Line 46
  ElseIf (Hour == 22),                    !- Program Line 47
  Set fridge_schedule_act = (-0.445+0.019*Tin), !- Program Line 48
  ElseIf (Hour == 23),                    !- Program Line 49
  Set fridge_schedule_act = (-0.544+0.02*Tin), !- Program Line 50
  EndIf;                                  !- Program Line 51

OS:EnergyManagementSystem:ProgramCallingManager,
  {2543d0ac-9376-4a0a-b4dc-f7c896e755c0}, !- Handle
  fridge_schedule_program_calling_manager, !- Name
  BeginZoneTimestepAfterInitHeatBalance,  !- EnergyPlus Model Calling Point
  {36874b1f-802b-4621-96e2-6e99ed98ff76}; !- Program Name 1

OS:ElectricEquipment:Definition,
  {bcbd4428-a089-44f1-bbf2-371d46a7736b}, !- Handle
  fridge,                                 !- Name
  EquipmentLevel,                         !- Design Level Calculation Method
  54.7945205479452,                       !- Design Level {W}
  ,                                       !- Watts per Space Floor Area {W/m2}
  ,                                       !- Watts per Person {W/person}
  0,                                      !- Fraction Latent
  0.6,                                    !- Fraction Radiant
  0;                                      !- Fraction Lost

OS:ElectricEquipment,
  {7abee510-824d-44da-838d-96cc8fb430eb}, !- Handle
  fridge,                                 !- Name
  {bcbd4428-a089-44f1-bbf2-371d46a7736b}, !- Electric Equipment Definition Name
  {271f44e5-19ec-4eb2-9528-658d31d09048}, !- Space or SpaceType Name
  {0fc163a5-1b5d-494a-be79-795ed9ed14b9}, !- Schedule Name
  ,                                       !- Multiplier
  fridge;                                 !- End-Use Subcategory

OS:Schedule:Constant,
  {cc69a56f-e5a2-4f9e-b576-f39fbfce912f}, !- Handle
  fridge schedule 1,                      !- Name
  {fd0f29c5-b6eb-4e65-af50-49ef9d6d1d36}, !- Schedule Type Limits Name
  0;                                      !- Value

OS:EnergyManagementSystem:Sensor,
  {67848417-6637-4da3-a0bf-b5573d250b0c}, !- Handle
  fridge_tin_s_1,                         !- Name
  conditioned space,                      !- Output Variable or Output Meter Index Key Name
  Zone Mean Air Temperature;              !- Output Variable or Output Meter Name

OS:EnergyManagementSystem:Actuator,
  {c13270ef-1418-470b-88e4-7e96eca39426}, !- Handle
  fridge_schedule_1_act,                  !- Name
  {cc69a56f-e5a2-4f9e-b576-f39fbfce912f}, !- Actuated Component Name
  Schedule:Constant,                      !- Actuated Component Type
  Schedule Value,                         !- Actuated Component Control Type
  ;                                       !- Zone or Space Name

OS:EnergyManagementSystem:Program,
  {57648c18-f238-4868-be1e-43ace6579233}, !- Handle
  fridge_schedule_1_program,              !- Name
  Set Tin = fridge_tin_s_1*(9.0/5.0)+32.0, !- Program Line 1
  Set fridge_schedule_1_act = 0,          !- Program Line 2
  If (Hour == 0),                         !- Program Line 3
  Set fridge_schedule_1_act = (-0.487+0.019*Tin), !- Program Line 4
  ElseIf (Hour == 1),                     !- Program Line 5
  Set fridge_schedule_1_act = (-0.34+0.016*Tin), !- Program Line 6
  ElseIf (Hour == 2),                     !- Program Line 7
  Set fridge_schedule_1_act = (-0.37+0.017*Tin), !- Program Line 8
  ElseIf (Hour == 3),                     !- Program Line 9
  Set fridge_schedule_1_act = (-0.361+0.016*Tin), !- Program Line 10
  ElseIf (Hour == 4),                     !- Program Line 11
  Set fridge_schedule_1_act = (-0.515+0.018*Tin), !- Program Line 12
  ElseIf (Hour == 5),                     !- Program Line 13
  Set fridge_schedule_1_act = (-0.684+0.021*Tin), !- Program Line 14
  ElseIf (Hour == 6),                     !- Program Line 15
  Set fridge_schedule_1_act = (-0.471+0.019*Tin), !- Program Line 16
  ElseIf (Hour == 7),                     !- Program Line 17
  Set fridge_schedule_1_act = (-0.159+0.015*Tin), !- Program Line 18
  ElseIf (Hour == 8),                     !- Program Line 19
  Set fridge_schedule_1_act = (-0.079+0.015*Tin), !- Program Line 20
  ElseIf (Hour == 9),                     !- Program Line 21
  Set fridge_schedule_1_act = (-0.417+0.019*Tin), !- Program Line 22
  ElseIf (Hour == 10),                    !- Program Line 23
  Set fridge_schedule_1_act = (-0.411+0.018*Tin), !- Program Line 24
  ElseIf (Hour == 11),                    !- Program Line 25
  Set fridge_schedule_1_act = (-0.386+0.018*Tin), !- Program Line 26
  ElseIf (Hour == 12),                    !- Program Line 27
  Set fridge_schedule_1_act = (-0.24+0.016*Tin), !- Program Line 28
  ElseIf (Hour == 13),                    !- Program Line 29
  Set fridge_schedule_1_act = (-0.314+0.017*Tin), !- Program Line 30
  ElseIf (Hour == 14),                    !- Program Line 31
  Set fridge_schedule_1_act = (-0.16+0.015*Tin), !- Program Line 32
  ElseIf (Hour == 15),                    !- Program Line 33
  Set fridge_schedule_1_act = (-0.121+0.015*Tin), !- Program Line 34
  ElseIf (Hour == 16),                    !- Program Line 35
  Set fridge_schedule_1_act = (-0.469+0.02*Tin), !- Program Line 36
  ElseIf (Hour == 17),                    !- Program Line 37
  Set fridge_schedule_1_act = (-0.412+0.02*Tin), !- Program Line 38
  ElseIf (Hour == 18),                    !- Program Line 39
  Set fridge_schedule_1_act = (-0.091+0.017*Tin), !- Program Line 40
  ElseIf (Hour == 19),                    !- Program Line 41
  Set fridge_schedule_1_act = (-0.077+0.014*Tin), !- Program Line 42
  ElseIf (Hour == 20),                    !- Program Line 43
  Set fridge_schedule_1_act = (-0.118+0.016*Tin), !- Program Line 44
  ElseIf (Hour == 21),                    !- Program Line 45
  Set fridge_schedule_1_act = (-0.247+0.017*Tin), !- Program Line 46
  ElseIf (Hour == 22),                    !- Program Line 47
  Set fridge_schedule_1_act = (-0.445+0.019*Tin), !- Program Line 48
  ElseIf (Hour == 23),                    !- Program Line 49
  Set fridge_schedule_1_act = (-0.544+0.02*Tin), !- Program Line 50
  EndIf;                                  !- Program Line 51

OS:EnergyManagementSystem:ProgramCallingManager,
  {076ebc21-8391-474a-935d-1346d790d503}, !- Handle
  fridge_schedule_1_program_calling_manager, !- Name
  BeginZoneTimestepAfterInitHeatBalance,  !- EnergyPlus Model Calling Point
  {57648c18-f238-4868-be1e-43ace6579233}; !- Program Name 1

OS:ElectricEquipment:Definition,
  {932af373-2366-4426-9356-2e4d0444a418}, !- Handle
  fridge 2,                               !- Name
  EquipmentLevel,                         !- Design Level Calculation Method
  146.063926940639,                       !- Design Level {W}
  ,                                       !- Watts per Space Floor Area {W/m2}
  ,                                       !- Watts per Person {W/person}
  0,                                      !- Fraction Latent
  0.6,                                    !- Fraction Radiant
  0;                                      !- Fraction Lost

OS:ElectricEquipment,
  {ba1e277d-6ae4-45c3-88ef-2131b877101f}, !- Handle
  fridge 1,                               !- Name
  {932af373-2366-4426-9356-2e4d0444a418}, !- Electric Equipment Definition Name
  {271f44e5-19ec-4eb2-9528-658d31d09048}, !- Space or SpaceType Name
  {cc69a56f-e5a2-4f9e-b576-f39fbfce912f}, !- Schedule Name
  ,                                       !- Multiplier
  fridge;                                 !- End-Use Subcategory

OS:Schedule:File,
  {f049a2cf-7270-48cc-a356-02790b4c222b}, !- Handle
  cooking_range,                          !- Name
  {fd0f29c5-b6eb-4e65-af50-49ef9d6d1d36}, !- Schedule Type Limits Name
  {9fe42143-4844-4c4b-9b50-f89cd1ea63c7}, !- External File Name
  11,                                     !- Column Number
  1,                                      !- Rows to Skip at Top
  8760,                                   !- Number of Hours of Data
  ,                                       !- Column Separator
  Yes,                                    !- Interpolate to Timestep
  15,                                     !- Minutes per Item
  ,                                       !- Adjust Schedule for Daylight Savings
  Yes;                                    !- Translate File With Relative Path

OS:ElectricEquipment:Definition,
  {0b970362-030d-47f9-94da-c0f42a1f525d}, !- Handle
  cooking range,                          !- Name
  EquipmentLevel,                         !- Design Level Calculation Method
  1562.49857221763,                       !- Design Level {W}
  ,                                       !- Watts per Space Floor Area {W/m2}
  ,                                       !- Watts per Person {W/person}
  0.0799999999999999,                     !- Fraction Latent
  0.432,                                  !- Fraction Radiant
  0.2;                                    !- Fraction Lost

OS:ElectricEquipment,
  {846918b2-f1b3-49cc-9eec-40ca16164361}, !- Handle
  cooking range,                          !- Name
  {0b970362-030d-47f9-94da-c0f42a1f525d}, !- Electric Equipment Definition Name
  {271f44e5-19ec-4eb2-9528-658d31d09048}, !- Space or SpaceType Name
  {f049a2cf-7270-48cc-a356-02790b4c222b}, !- Schedule Name
  ,                                       !- Multiplier
  cooking range;                          !- End-Use Subcategory

OS:OtherEquipment:Definition,
  {4f13a1ab-993a-41c8-b74a-9d76ea3f648c}, !- Handle
  cooking range 2,                        !- Name
  EquipmentLevel,                         !- Design Level Calculation Method
  0,                                      !- Design Level {W}
  ,                                       !- Watts per Space Floor Area {W/m2}
  ,                                       !- Watts per Person {W/Person}
  0.0799999999999999,                     !- Fraction Latent
  0.432,                                  !- Fraction Radiant
  0.2;                                    !- Fraction Lost

OS:OtherEquipment,
  {d2f86758-e364-40cd-b622-6a3d07cf44a3}, !- Handle
  cooking range 1,                        !- Name
  {4f13a1ab-993a-41c8-b74a-9d76ea3f648c}, !- Other Equipment Definition Name
  {271f44e5-19ec-4eb2-9528-658d31d09048}, !- Space or SpaceType Name
  {f049a2cf-7270-48cc-a356-02790b4c222b}, !- Schedule Name
  ,                                       !- Multiplier
  Electricity,                            !- Fuel Type
  cooking range;                          !- End-Use Subcategory

OS:Schedule:FixedInterval,
  {bcb7dc45-fcc3-40ce-9fb7-722a282d7f3f}, !- Handle
  mains temperature schedule,             !- Name
  {d2cd7c67-aa81-46b5-a2b6-273b8b6d5dc5}, !- Schedule Type Limits Name
  ,                                       !- Translate to Schedule File
  ,                                       !- Interpolate to Timestep
  1440,                                   !- Interval Length {minutes}
  ,                                       !- Out Of Range Value
  1,                                      !- Start Month
  1,                                      !- Start Day
  14.4022222222222,                       !- Value 1
  14.3433333333333,                       !- Value 2
  14.2866666666667,                       !- Value 3
  14.2311111111111,                       !- Value 4
  14.1777777777778,                       !- Value 5
  14.1261111111111,                       !- Value 6
  14.0766666666667,                       !- Value 7
  14.0288888888889,                       !- Value 8
  13.9833333333333,                       !- Value 9
  13.9394444444444,                       !- Value 10
  13.8977777777778,                       !- Value 11
  13.8577777777778,                       !- Value 12
  13.8194444444444,                       !- Value 13
  13.7833333333333,                       !- Value 14
  13.7494444444444,                       !- Value 15
  13.7177777777778,                       !- Value 16
  13.6877777777778,                       !- Value 17
  13.6594444444444,                       !- Value 18
  13.6333333333333,                       !- Value 19
  13.6094444444444,                       !- Value 20
  13.5877777777778,                       !- Value 21
  13.5677777777778,                       !- Value 22
  13.55,                                  !- Value 23
  13.5344444444444,                       !- Value 24
  13.5205555555556,                       !- Value 25
  13.5088888888889,                       !- Value 26
  13.4994444444444,                       !- Value 27
  13.4916666666667,                       !- Value 28
  13.4866666666667,                       !- Value 29
  13.4833333333333,                       !- Value 30
  13.4816666666667,                       !- Value 31
  13.4827777777778,                       !- Value 32
  13.4855555555556,                       !- Value 33
  13.4905555555556,                       !- Value 34
  13.4972222222222,                       !- Value 35
  13.5066666666667,                       !- Value 36
  13.5177777777778,                       !- Value 37
  13.5311111111111,                       !- Value 38
  13.5461111111111,                       !- Value 39
  13.5638888888889,                       !- Value 40
  13.5827777777778,                       !- Value 41
  13.6044444444444,                       !- Value 42
  13.6277777777778,                       !- Value 43
  13.6533333333333,                       !- Value 44
  13.6811111111111,                       !- Value 45
  13.7105555555556,                       !- Value 46
  13.7422222222222,                       !- Value 47
  13.7755555555556,                       !- Value 48
  13.8111111111111,                       !- Value 49
  13.8488888888889,                       !- Value 50
  13.8883333333333,                       !- Value 51
  13.93,                                  !- Value 52
  13.9733333333333,                       !- Value 53
  14.0188888888889,                       !- Value 54
  14.0661111111111,                       !- Value 55
  14.115,                                 !- Value 56
  14.1661111111111,                       !- Value 57
  14.2188888888889,                       !- Value 58
  14.2738888888889,                       !- Value 59
  14.3305555555556,                       !- Value 60
  14.3888888888889,                       !- Value 61
  14.4494444444444,                       !- Value 62
  14.5111111111111,                       !- Value 63
  14.575,                                 !- Value 64
  14.6405555555556,                       !- Value 65
  14.7077777777778,                       !- Value 66
  14.7772222222222,                       !- Value 67
  14.8477777777778,                       !- Value 68
  14.92,                                  !- Value 69
  14.9938888888889,                       !- Value 70
  15.07,                                  !- Value 71
  15.1472222222222,                       !- Value 72
  15.2261111111111,                       !- Value 73
  15.3061111111111,                       !- Value 74
  15.3883333333333,                       !- Value 75
  15.4716666666667,                       !- Value 76
  15.5566666666667,                       !- Value 77
  15.6433333333333,                       !- Value 78
  15.7311111111111,                       !- Value 79
  15.82,                                  !- Value 80
  15.9105555555556,                       !- Value 81
  16.0027777777778,                       !- Value 82
  16.0961111111111,                       !- Value 83
  16.1905555555556,                       !- Value 84
  16.2866666666667,                       !- Value 85
  16.3838888888889,                       !- Value 86
  16.4822222222222,                       !- Value 87
  16.5816666666667,                       !- Value 88
  16.6822222222222,                       !- Value 89
  16.7844444444444,                       !- Value 90
  16.8872222222222,                       !- Value 91
  16.9911111111111,                       !- Value 92
  17.0961111111111,                       !- Value 93
  17.2022222222222,                       !- Value 94
  17.3094444444444,                       !- Value 95
  17.4172222222222,                       !- Value 96
  17.5261111111111,                       !- Value 97
  17.6361111111111,                       !- Value 98
  17.7466666666667,                       !- Value 99
  17.8577777777778,                       !- Value 100
  17.97,                                  !- Value 101
  18.0833333333333,                       !- Value 102
  18.1966666666667,                       !- Value 103
  18.3111111111111,                       !- Value 104
  18.4261111111111,                       !- Value 105
  18.5416666666667,                       !- Value 106
  18.6577777777778,                       !- Value 107
  18.7744444444444,                       !- Value 108
  18.8916666666667,                       !- Value 109
  19.0094444444444,                       !- Value 110
  19.1277777777778,                       !- Value 111
  19.2461111111111,                       !- Value 112
  19.365,                                 !- Value 113
  19.4844444444444,                       !- Value 114
  19.6038888888889,                       !- Value 115
  19.7238888888889,                       !- Value 116
  19.8438888888889,                       !- Value 117
  19.9638888888889,                       !- Value 118
  20.0844444444444,                       !- Value 119
  20.205,                                 !- Value 120
  20.3255555555556,                       !- Value 121
  20.4461111111111,                       !- Value 122
  20.5666666666667,                       !- Value 123
  20.6872222222222,                       !- Value 124
  20.8077777777778,                       !- Value 125
  20.9283333333333,                       !- Value 126
  21.0488888888889,                       !- Value 127
  21.1688888888889,                       !- Value 128
  21.2888888888889,                       !- Value 129
  21.4088888888889,                       !- Value 130
  21.5283333333333,                       !- Value 131
  21.6472222222222,                       !- Value 132
  21.7661111111111,                       !- Value 133
  21.885,                                 !- Value 134
  22.0027777777778,                       !- Value 135
  22.1205555555556,                       !- Value 136
  22.2377777777778,                       !- Value 137
  22.3538888888889,                       !- Value 138
  22.47,                                  !- Value 139
  22.5855555555556,                       !- Value 140
  22.7005555555556,                       !- Value 141
  22.8144444444444,                       !- Value 142
  22.9283333333333,                       !- Value 143
  23.0411111111111,                       !- Value 144
  23.1527777777778,                       !- Value 145
  23.2644444444444,                       !- Value 146
  23.3744444444444,                       !- Value 147
  23.4844444444444,                       !- Value 148
  23.5927777777778,                       !- Value 149
  23.7005555555556,                       !- Value 150
  23.8077777777778,                       !- Value 151
  23.9133333333333,                       !- Value 152
  24.0183333333333,                       !- Value 153
  24.1222222222222,                       !- Value 154
  24.2244444444444,                       !- Value 155
  24.3261111111111,                       !- Value 156
  24.4266666666667,                       !- Value 157
  24.5261111111111,                       !- Value 158
  24.6238888888889,                       !- Value 159
  24.7211111111111,                       !- Value 160
  24.8166666666667,                       !- Value 161
  24.9111111111111,                       !- Value 162
  25.0038888888889,                       !- Value 163
  25.0955555555556,                       !- Value 164
  25.1861111111111,                       !- Value 165
  25.275,                                 !- Value 166
  25.3627777777778,                       !- Value 167
  25.4483333333333,                       !- Value 168
  25.5333333333333,                       !- Value 169
  25.6161111111111,                       !- Value 170
  25.6977777777778,                       !- Value 171
  25.7777777777778,                       !- Value 172
  25.8566666666667,                       !- Value 173
  25.9333333333333,                       !- Value 174
  26.0088888888889,                       !- Value 175
  26.0822222222222,                       !- Value 176
  26.1544444444444,                       !- Value 177
  26.225,                                 !- Value 178
  26.2933333333333,                       !- Value 179
  26.3605555555556,                       !- Value 180
  26.4255555555556,                       !- Value 181
  26.4888888888889,                       !- Value 182
  26.5505555555556,                       !- Value 183
  26.6105555555556,                       !- Value 184
  26.6683333333333,                       !- Value 185
  26.725,                                 !- Value 186
  26.7794444444444,                       !- Value 187
  26.8316666666667,                       !- Value 188
  26.8822222222222,                       !- Value 189
  26.9311111111111,                       !- Value 190
  26.9777777777778,                       !- Value 191
  27.0227777777778,                       !- Value 192
  27.0661111111111,                       !- Value 193
  27.1066666666667,                       !- Value 194
  27.1461111111111,                       !- Value 195
  27.1833333333333,                       !- Value 196
  27.2183333333333,                       !- Value 197
  27.2511111111111,                       !- Value 198
  27.2827777777778,                       !- Value 199
  27.3116666666667,                       !- Value 200
  27.3388888888889,                       !- Value 201
  27.3638888888889,                       !- Value 202
  27.3866666666667,                       !- Value 203
  27.4077777777778,                       !- Value 204
  27.4266666666667,                       !- Value 205
  27.4438888888889,                       !- Value 206
  27.4583333333333,                       !- Value 207
  27.4711111111111,                       !- Value 208
  27.4822222222222,                       !- Value 209
  27.4905555555556,                       !- Value 210
  27.4972222222222,                       !- Value 211
  27.5016666666667,                       !- Value 212
  27.5044444444444,                       !- Value 213
  27.5044444444444,                       !- Value 214
  27.5027777777778,                       !- Value 215
  27.4988888888889,                       !- Value 216
  27.4933333333333,                       !- Value 217
  27.485,                                 !- Value 218
  27.475,                                 !- Value 219
  27.4633333333333,                       !- Value 220
  27.4488888888889,                       !- Value 221
  27.4327777777778,                       !- Value 222
  27.4144444444444,                       !- Value 223
  27.3938888888889,                       !- Value 224
  27.3716666666667,                       !- Value 225
  27.3472222222222,                       !- Value 226
  27.3211111111111,                       !- Value 227
  27.2927777777778,                       !- Value 228
  27.2622222222222,                       !- Value 229
  27.2294444444444,                       !- Value 230
  27.195,                                 !- Value 231
  27.1588888888889,                       !- Value 232
  27.12,                                  !- Value 233
  27.08,                                  !- Value 234
  27.0377777777778,                       !- Value 235
  26.9933333333333,                       !- Value 236
  26.9472222222222,                       !- Value 237
  26.8988888888889,                       !- Value 238
  26.8488888888889,                       !- Value 239
  26.7972222222222,                       !- Value 240
  26.7433333333333,                       !- Value 241
  26.6877777777778,                       !- Value 242
  26.63,                                  !- Value 243
  26.5711111111111,                       !- Value 244
  26.51,                                  !- Value 245
  26.4472222222222,                       !- Value 246
  26.3822222222222,                       !- Value 247
  26.3161111111111,                       !- Value 248
  26.2483333333333,                       !- Value 249
  26.1783333333333,                       !- Value 250
  26.1066666666667,                       !- Value 251
  26.0338888888889,                       !- Value 252
  25.9588888888889,                       !- Value 253
  25.8827777777778,                       !- Value 254
  25.8044444444444,                       !- Value 255
  25.725,                                 !- Value 256
  25.6438888888889,                       !- Value 257
  25.5611111111111,                       !- Value 258
  25.4772222222222,                       !- Value 259
  25.3916666666667,                       !- Value 260
  25.3044444444444,                       !- Value 261
  25.2161111111111,                       !- Value 262
  25.1261111111111,                       !- Value 263
  25.035,                                 !- Value 264
  24.9422222222222,                       !- Value 265
  24.8483333333333,                       !- Value 266
  24.7533333333333,                       !- Value 267
  24.6566666666667,                       !- Value 268
  24.5588888888889,                       !- Value 269
  24.46,                                  !- Value 270
  24.36,                                  !- Value 271
  24.2588888888889,                       !- Value 272
  24.1566666666667,                       !- Value 273
  24.0533333333333,                       !- Value 274
  23.9488888888889,                       !- Value 275
  23.8433333333333,                       !- Value 276
  23.7366666666667,                       !- Value 277
  23.6294444444444,                       !- Value 278
  23.5211111111111,                       !- Value 279
  23.4116666666667,                       !- Value 280
  23.3016666666667,                       !- Value 281
  23.1905555555556,                       !- Value 282
  23.0788888888889,                       !- Value 283
  22.9661111111111,                       !- Value 284
  22.8527777777778,                       !- Value 285
  22.7388888888889,                       !- Value 286
  22.6244444444444,                       !- Value 287
  22.5088888888889,                       !- Value 288
  22.3933333333333,                       !- Value 289
  22.2766666666667,                       !- Value 290
  22.16,                                  !- Value 291
  22.0422222222222,                       !- Value 292
  21.9244444444444,                       !- Value 293
  21.8061111111111,                       !- Value 294
  21.6872222222222,                       !- Value 295
  21.5683333333333,                       !- Value 296
  21.4488888888889,                       !- Value 297
  21.3294444444444,                       !- Value 298
  21.2094444444444,                       !- Value 299
  21.0894444444444,                       !- Value 300
  20.9688888888889,                       !- Value 301
  20.8483333333333,                       !- Value 302
  20.7277777777778,                       !- Value 303
  20.6072222222222,                       !- Value 304
  20.4866666666667,                       !- Value 305
  20.3661111111111,                       !- Value 306
  20.2455555555556,                       !- Value 307
  20.125,                                 !- Value 308
  20.0044444444444,                       !- Value 309
  19.8844444444444,                       !- Value 310
  19.7638888888889,                       !- Value 311
  19.6444444444444,                       !- Value 312
  19.5244444444444,                       !- Value 313
  19.405,                                 !- Value 314
  19.2861111111111,                       !- Value 315
  19.1672222222222,                       !- Value 316
  19.0494444444444,                       !- Value 317
  18.9311111111111,                       !- Value 318
  18.8138888888889,                       !- Value 319
  18.6972222222222,                       !- Value 320
  18.5805555555556,                       !- Value 321
  18.465,                                 !- Value 322
  18.3494444444444,                       !- Value 323
  18.235,                                 !- Value 324
  18.1211111111111,                       !- Value 325
  18.0083333333333,                       !- Value 326
  17.8955555555556,                       !- Value 327
  17.7838888888889,                       !- Value 328
  17.6727777777778,                       !- Value 329
  17.5627777777778,                       !- Value 330
  17.4538888888889,                       !- Value 331
  17.3455555555556,                       !- Value 332
  17.2383333333333,                       !- Value 333
  17.1316666666667,                       !- Value 334
  17.0266666666667,                       !- Value 335
  16.9222222222222,                       !- Value 336
  16.8188888888889,                       !- Value 337
  16.7166666666667,                       !- Value 338
  16.6155555555556,                       !- Value 339
  16.5155555555556,                       !- Value 340
  16.4166666666667,                       !- Value 341
  16.3194444444444,                       !- Value 342
  16.2227777777778,                       !- Value 343
  16.1277777777778,                       !- Value 344
  16.0338888888889,                       !- Value 345
  15.9416666666667,                       !- Value 346
  15.8505555555556,                       !- Value 347
  15.7605555555556,                       !- Value 348
  15.6722222222222,                       !- Value 349
  15.5855555555556,                       !- Value 350
  15.5,                                   !- Value 351
  15.4161111111111,                       !- Value 352
  15.3338888888889,                       !- Value 353
  15.2527777777778,                       !- Value 354
  15.1733333333333,                       !- Value 355
  15.0955555555556,                       !- Value 356
  15.0194444444444,                       !- Value 357
  14.945,                                 !- Value 358
  14.8716666666667,                       !- Value 359
  14.8005555555556,                       !- Value 360
  14.7311111111111,                       !- Value 361
  14.6633333333333,                       !- Value 362
  14.5966666666667,                       !- Value 363
  14.5322222222222,                       !- Value 364
  14.47;                                  !- Value 365

OS:Site:WaterMainsTemperature,
  {8ed1ef36-31a8-4b6e-9bb2-a3e16886af95}, !- Handle
  Schedule,                               !- Calculation Method
  {bcb7dc45-fcc3-40ce-9fb7-722a282d7f3f}; !- Temperature Schedule Name

OS:Schedule:Constant,
  {ce965b81-5d7a-4afe-b529-6444982f5083}, !- Handle
  mixed water temperature schedule,       !- Name
  {d2cd7c67-aa81-46b5-a2b6-273b8b6d5dc5}, !- Schedule Type Limits Name
  40.5555555555556;                       !- Value

OS:Schedule:File,
  {b7b25159-9c76-4423-a48b-cf1795004f4f}, !- Handle
  hot_water_fixtures,                     !- Name
  {fd0f29c5-b6eb-4e65-af50-49ef9d6d1d36}, !- Schedule Type Limits Name
  {9fe42143-4844-4c4b-9b50-f89cd1ea63c7}, !- External File Name
  12,                                     !- Column Number
  1,                                      !- Rows to Skip at Top
  8760,                                   !- Number of Hours of Data
  ,                                       !- Column Separator
  Yes,                                    !- Interpolate to Timestep
  15,                                     !- Minutes per Item
  ,                                       !- Adjust Schedule for Daylight Savings
  Yes;                                    !- Translate File With Relative Path

OS:WaterUse:Equipment:Definition,
  {01230a91-37bd-4c45-8a5e-796bf624ce78}, !- Handle
  dhw fixtures,                           !- Name
  dhw fixtures,                           !- End-Use Subcategory
  4.46165316968539e-05,                   !- Peak Flow Rate {m3/s}
  {ce965b81-5d7a-4afe-b529-6444982f5083}; !- Target Temperature Schedule Name

OS:WaterUse:Equipment,
  {3b4fc09d-9437-4c02-b3e2-7b837ce5a038}, !- Handle
  dhw fixtures,                           !- Name
  {01230a91-37bd-4c45-8a5e-796bf624ce78}, !- Water Use Equipment Definition Name
  ,                                       !- Space Name
  {b7b25159-9c76-4423-a48b-cf1795004f4f}; !- Flow Rate Fraction Schedule Name

OS:WaterUse:Equipment:Definition,
  {e69f76b4-c763-4b5a-900c-f0febb68b3d0}, !- Handle
  dhw distribution waste,                 !- Name
  dhw distribution waste,                 !- End-Use Subcategory
  1.35258413249727e-05,                   !- Peak Flow Rate {m3/s}
  {ce965b81-5d7a-4afe-b529-6444982f5083}; !- Target Temperature Schedule Name

OS:WaterUse:Equipment,
  {2651452d-7d14-4c9a-950a-19d73f475f8f}, !- Handle
  dhw distribution waste,                 !- Name
  {e69f76b4-c763-4b5a-900c-f0febb68b3d0}, !- Water Use Equipment Definition Name
  ,                                       !- Space Name
  {b7b25159-9c76-4423-a48b-cf1795004f4f}; !- Flow Rate Fraction Schedule Name

OS:Schedule:File,
  {5e7e5431-e0d4-44d5-beef-9cb59c85f6c2}, !- Handle
  hot_water_clothes_washer,               !- Name
  {fd0f29c5-b6eb-4e65-af50-49ef9d6d1d36}, !- Schedule Type Limits Name
  {9fe42143-4844-4c4b-9b50-f89cd1ea63c7}, !- External File Name
  8,                                      !- Column Number
  1,                                      !- Rows to Skip at Top
  8760,                                   !- Number of Hours of Data
  ,                                       !- Column Separator
  Yes,                                    !- Interpolate to Timestep
  15,                                     !- Minutes per Item
  ,                                       !- Adjust Schedule for Daylight Savings
  Yes;                                    !- Translate File With Relative Path

OS:WaterUse:Equipment:Definition,
  {e17ae3c9-f007-42b3-bea0-8b6ad8bc249d}, !- Handle
  clothes washer,                         !- Name
  clothes washer,                         !- End-Use Subcategory
  9.49121128901496e-06;                   !- Peak Flow Rate {m3/s}

OS:WaterUse:Equipment,
  {b0d47895-be4e-41b2-a4be-01ed87ebcac2}, !- Handle
  clothes washer,                         !- Name
  {e17ae3c9-f007-42b3-bea0-8b6ad8bc249d}, !- Water Use Equipment Definition Name
  ,                                       !- Space Name
  {5e7e5431-e0d4-44d5-beef-9cb59c85f6c2}; !- Flow Rate Fraction Schedule Name

OS:Schedule:File,
  {5a38d35f-d703-4d7b-a708-86713e91caed}, !- Handle
  hot_water_dishwasher,                   !- Name
  {fd0f29c5-b6eb-4e65-af50-49ef9d6d1d36}, !- Schedule Type Limits Name
  {9fe42143-4844-4c4b-9b50-f89cd1ea63c7}, !- External File Name
  6,                                      !- Column Number
  1,                                      !- Rows to Skip at Top
  8760,                                   !- Number of Hours of Data
  ,                                       !- Column Separator
  Yes,                                    !- Interpolate to Timestep
  15,                                     !- Minutes per Item
  ,                                       !- Adjust Schedule for Daylight Savings
  Yes;                                    !- Translate File With Relative Path

OS:WaterUse:Equipment:Definition,
  {b19616f3-6005-4166-ae28-3076779eabbf}, !- Handle
  dishwasher,                             !- Name
  dishwasher,                             !- End-Use Subcategory
  5.53472374498913e-06;                   !- Peak Flow Rate {m3/s}

OS:WaterUse:Equipment,
  {ebd6f040-8a1d-4aed-8e7a-16327d00864e}, !- Handle
  dishwasher,                             !- Name
  {b19616f3-6005-4166-ae28-3076779eabbf}, !- Water Use Equipment Definition Name
  ,                                       !- Space Name
  {5a38d35f-d703-4d7b-a708-86713e91caed}; !- Flow Rate Fraction Schedule Name

OS:Schedule:File,
  {061a594b-d7e1-4d39-85c4-3821d69755d0}, !- Handle
  lighting_interior,                      !- Name
  {fd0f29c5-b6eb-4e65-af50-49ef9d6d1d36}, !- Schedule Type Limits Name
  {9fe42143-4844-4c4b-9b50-f89cd1ea63c7}, !- External File Name
  5,                                      !- Column Number
  1,                                      !- Rows to Skip at Top
  8760,                                   !- Number of Hours of Data
  ,                                       !- Column Separator
  Yes,                                    !- Interpolate to Timestep
  15,                                     !- Minutes per Item
  ,                                       !- Adjust Schedule for Daylight Savings
  Yes;                                    !- Translate File With Relative Path

OS:Lights:Definition,
  {dddb2cf4-472c-48bb-9a84-6c4321cddb86}, !- Handle
  interior lighting,                      !- Name
  LightingLevel,                          !- Design Level Calculation Method
  234.640775047414,                       !- Lighting Level {W}
  ,                                       !- Watts per Space Floor Area {W/m2}
  ,                                       !- Watts per Person {W/person}
  0.6,                                    !- Fraction Radiant
  0.2,                                    !- Fraction Visible
  0;                                      !- Return Air Fraction

OS:Lights,
  {0e108993-8d70-40b8-b73a-f00b4393aba1}, !- Handle
  interior lighting,                      !- Name
  {dddb2cf4-472c-48bb-9a84-6c4321cddb86}, !- Lights Definition Name
  {271f44e5-19ec-4eb2-9528-658d31d09048}, !- Space or SpaceType Name
  {061a594b-d7e1-4d39-85c4-3821d69755d0}, !- Schedule Name
  1,                                      !- Fraction Replaceable
  ,                                       !- Multiplier
  interior lighting;                      !- End-Use Subcategory

OS:Schedule:Ruleset,
  {7f68b1da-49ee-47cf-ae5f-2f8f0b246d51}, !- Handle
  exterior lighting schedule,             !- Name
  {fd0f29c5-b6eb-4e65-af50-49ef9d6d1d36}, !- Schedule Type Limits Name
  {f97d43f6-0abf-46e3-a6a5-f7857d5c974d}; !- Default Day Schedule Name

OS:Schedule:Day,
  {f97d43f6-0abf-46e3-a6a5-f7857d5c974d}, !- Handle
  exterior lighting schedule default day, !- Name
  {fd0f29c5-b6eb-4e65-af50-49ef9d6d1d36}, !- Schedule Type Limits Name
  ,                                       !- Interpolate to Timestep
  24,                                     !- Hour 1
  0,                                      !- Minute 1
  0;                                      !- Value Until Time 1

OS:Schedule:Rule,
  {35a7a00b-4718-4dcf-b5fb-bfa2490edab0}, !- Handle
  exterior lighting schedule allday rule, !- Name
  {7f68b1da-49ee-47cf-ae5f-2f8f0b246d51}, !- Schedule Ruleset Name
  11,                                     !- Rule Order
  {5d83f070-b6e8-4d5d-a999-96b1f34fa41d}, !- Day Schedule Name
  Yes,                                    !- Apply Sunday
  Yes,                                    !- Apply Monday
  Yes,                                    !- Apply Tuesday
  Yes,                                    !- Apply Wednesday
  Yes,                                    !- Apply Thursday
  Yes,                                    !- Apply Friday
  Yes,                                    !- Apply Saturday
  DateRange,                              !- Date Specification Type
  1,                                      !- Start Month
  1,                                      !- Start Day
  1,                                      !- End Month
  31;                                     !- End Day

OS:Schedule:Day,
  {5d83f070-b6e8-4d5d-a999-96b1f34fa41d}, !- Handle
  exterior lighting schedule day,         !- Name
  {fd0f29c5-b6eb-4e65-af50-49ef9d6d1d36}, !- Schedule Type Limits Name
  ,                                       !- Interpolate to Timestep
  1,                                      !- Hour 1
  0,                                      !- Minute 1
  0.566666666666667,                      !- Value Until Time 1
  3,                                      !- Hour 2
  0,                                      !- Minute 2
  0.524166666666667,                      !- Value Until Time 2
  5,                                      !- Hour 3
  0,                                      !- Minute 3
  0.495833333333333,                      !- Value Until Time 3
  6,                                      !- Hour 4
  0,                                      !- Minute 4
  0.5525,                                 !- Value Until Time 4
  7,                                      !- Hour 5
  0,                                      !- Minute 5
  0.623333333333333,                      !- Value Until Time 5
  8,                                      !- Hour 6
  0,                                      !- Minute 6
  0.580833333333333,                      !- Value Until Time 6
  9,                                      !- Hour 7
  0,                                      !- Minute 7
  0.439166666666667,                      !- Value Until Time 7
  10,                                     !- Hour 8
  0,                                      !- Minute 8
  0.354166666666667,                      !- Value Until Time 8
  12,                                     !- Hour 9
  0,                                      !- Minute 9
  0.34,                                   !- Value Until Time 9
  13,                                     !- Hour 10
  0,                                      !- Minute 10
  0.354166666666667,                      !- Value Until Time 10
  14,                                     !- Hour 11
  0,                                      !- Minute 11
  0.396666666666667,                      !- Value Until Time 11
  15,                                     !- Hour 12
  0,                                      !- Minute 12
  0.425,                                  !- Value Until Time 12
  16,                                     !- Hour 13
  0,                                      !- Minute 13
  0.495833333333333,                      !- Value Until Time 13
  17,                                     !- Hour 14
  0,                                      !- Minute 14
  0.623333333333333,                      !- Value Until Time 14
  18,                                     !- Hour 15
  0,                                      !- Minute 15
  0.793333333333333,                      !- Value Until Time 15
  19,                                     !- Hour 16
  0,                                      !- Minute 16
  0.906666666666667,                      !- Value Until Time 16
  20,                                     !- Hour 17
  0,                                      !- Minute 17
  0.963333333333333,                      !- Value Until Time 17
  21,                                     !- Hour 18
  0,                                      !- Minute 18
  0.991666666666667,                      !- Value Until Time 18
  22,                                     !- Hour 19
  0,                                      !- Minute 19
  0.920833333333333,                      !- Value Until Time 19
  23,                                     !- Hour 20
  0,                                      !- Minute 20
  0.793333333333333,                      !- Value Until Time 20
  24,                                     !- Hour 21
  0,                                      !- Minute 21
  0.665833333333333;                      !- Value Until Time 21

OS:Schedule:Rule,
  {337733df-3581-48ef-b553-439f952b3470}, !- Handle
  exterior lighting schedule allday rule 1, !- Name
  {7f68b1da-49ee-47cf-ae5f-2f8f0b246d51}, !- Schedule Ruleset Name
  10,                                     !- Rule Order
  {bd96f333-df27-4829-8260-d5969e05ee1a}, !- Day Schedule Name
  Yes,                                    !- Apply Sunday
  Yes,                                    !- Apply Monday
  Yes,                                    !- Apply Tuesday
  Yes,                                    !- Apply Wednesday
  Yes,                                    !- Apply Thursday
  Yes,                                    !- Apply Friday
  Yes,                                    !- Apply Saturday
  DateRange,                              !- Date Specification Type
  2,                                      !- Start Month
  1,                                      !- Start Day
  2,                                      !- End Month
  28;                                     !- End Day

OS:Schedule:Day,
  {bd96f333-df27-4829-8260-d5969e05ee1a}, !- Handle
  exterior lighting schedule day 1,       !- Name
  {fd0f29c5-b6eb-4e65-af50-49ef9d6d1d36}, !- Schedule Type Limits Name
  ,                                       !- Interpolate to Timestep
  1,                                      !- Hour 1
  0,                                      !- Minute 1
  0.528571428571429,                      !- Value Until Time 1
  3,                                      !- Hour 2
  0,                                      !- Minute 2
  0.488928571428571,                      !- Value Until Time 2
  5,                                      !- Hour 3
  0,                                      !- Minute 3
  0.4625,                                 !- Value Until Time 3
  6,                                      !- Hour 4
  0,                                      !- Minute 4
  0.515357142857143,                      !- Value Until Time 4
  7,                                      !- Hour 5
  0,                                      !- Minute 5
  0.581428571428571,                      !- Value Until Time 5
  8,                                      !- Hour 6
  0,                                      !- Minute 6
  0.541785714285714,                      !- Value Until Time 6
  9,                                      !- Hour 7
  0,                                      !- Minute 7
  0.409642857142857,                      !- Value Until Time 7
  10,                                     !- Hour 8
  0,                                      !- Minute 8
  0.330357142857143,                      !- Value Until Time 8
  12,                                     !- Hour 9
  0,                                      !- Minute 9
  0.317142857142857,                      !- Value Until Time 9
  13,                                     !- Hour 10
  0,                                      !- Minute 10
  0.330357142857143,                      !- Value Until Time 10
  14,                                     !- Hour 11
  0,                                      !- Minute 11
  0.37,                                   !- Value Until Time 11
  15,                                     !- Hour 12
  0,                                      !- Minute 12
  0.396428571428571,                      !- Value Until Time 12
  16,                                     !- Hour 13
  0,                                      !- Minute 13
  0.4625,                                 !- Value Until Time 13
  17,                                     !- Hour 14
  0,                                      !- Minute 14
  0.581428571428571,                      !- Value Until Time 14
  18,                                     !- Hour 15
  0,                                      !- Minute 15
  0.74,                                   !- Value Until Time 15
  19,                                     !- Hour 16
  0,                                      !- Minute 16
  0.845714285714286,                      !- Value Until Time 16
  20,                                     !- Hour 17
  0,                                      !- Minute 17
  0.898571428571429,                      !- Value Until Time 17
  21,                                     !- Hour 18
  0,                                      !- Minute 18
  0.925,                                  !- Value Until Time 18
  22,                                     !- Hour 19
  0,                                      !- Minute 19
  0.858928571428571,                      !- Value Until Time 19
  23,                                     !- Hour 20
  0,                                      !- Minute 20
  0.74,                                   !- Value Until Time 20
  24,                                     !- Hour 21
  0,                                      !- Minute 21
  0.621071428571429;                      !- Value Until Time 21

OS:Schedule:Rule,
  {730adfe8-34db-4e4d-9d80-066884a0727f}, !- Handle
  exterior lighting schedule allday rule 2, !- Name
  {7f68b1da-49ee-47cf-ae5f-2f8f0b246d51}, !- Schedule Ruleset Name
  9,                                      !- Rule Order
  {13771409-f011-4a96-a41b-5d024b1d47c3}, !- Day Schedule Name
  Yes,                                    !- Apply Sunday
  Yes,                                    !- Apply Monday
  Yes,                                    !- Apply Tuesday
  Yes,                                    !- Apply Wednesday
  Yes,                                    !- Apply Thursday
  Yes,                                    !- Apply Friday
  Yes,                                    !- Apply Saturday
  DateRange,                              !- Date Specification Type
  3,                                      !- Start Month
  1,                                      !- Start Day
  3,                                      !- End Month
  31;                                     !- End Day

OS:Schedule:Day,
  {13771409-f011-4a96-a41b-5d024b1d47c3}, !- Handle
  exterior lighting schedule day 2,       !- Name
  {fd0f29c5-b6eb-4e65-af50-49ef9d6d1d36}, !- Schedule Type Limits Name
  ,                                       !- Interpolate to Timestep
  1,                                      !- Hour 1
  0,                                      !- Minute 1
  0.485714285714286,                      !- Value Until Time 1
  3,                                      !- Hour 2
  0,                                      !- Minute 2
  0.449285714285714,                      !- Value Until Time 2
  5,                                      !- Hour 3
  0,                                      !- Minute 3
  0.425,                                  !- Value Until Time 3
  6,                                      !- Hour 4
  0,                                      !- Minute 4
  0.473571428571429,                      !- Value Until Time 4
  7,                                      !- Hour 5
  0,                                      !- Minute 5
  0.534285714285714,                      !- Value Until Time 5
  8,                                      !- Hour 6
  0,                                      !- Minute 6
  0.497857142857143,                      !- Value Until Time 6
  9,                                      !- Hour 7
  0,                                      !- Minute 7
  0.376428571428571,                      !- Value Until Time 7
  10,                                     !- Hour 8
  0,                                      !- Minute 8
  0.303571428571429,                      !- Value Until Time 8
  12,                                     !- Hour 9
  0,                                      !- Minute 9
  0.291428571428571,                      !- Value Until Time 9
  13,                                     !- Hour 10
  0,                                      !- Minute 10
  0.303571428571429,                      !- Value Until Time 10
  14,                                     !- Hour 11
  0,                                      !- Minute 11
  0.34,                                   !- Value Until Time 11
  15,                                     !- Hour 12
  0,                                      !- Minute 12
  0.364285714285714,                      !- Value Until Time 12
  16,                                     !- Hour 13
  0,                                      !- Minute 13
  0.425,                                  !- Value Until Time 13
  17,                                     !- Hour 14
  0,                                      !- Minute 14
  0.534285714285714,                      !- Value Until Time 14
  18,                                     !- Hour 15
  0,                                      !- Minute 15
  0.68,                                   !- Value Until Time 15
  19,                                     !- Hour 16
  0,                                      !- Minute 16
  0.777142857142857,                      !- Value Until Time 16
  20,                                     !- Hour 17
  0,                                      !- Minute 17
  0.825714285714286,                      !- Value Until Time 17
  21,                                     !- Hour 18
  0,                                      !- Minute 18
  0.85,                                   !- Value Until Time 18
  22,                                     !- Hour 19
  0,                                      !- Minute 19
  0.789285714285714,                      !- Value Until Time 19
  23,                                     !- Hour 20
  0,                                      !- Minute 20
  0.68,                                   !- Value Until Time 20
  24,                                     !- Hour 21
  0,                                      !- Minute 21
  0.570714285714286;                      !- Value Until Time 21

OS:Schedule:Rule,
  {dde50e81-3483-4548-bccf-5d337a801914}, !- Handle
  exterior lighting schedule allday rule 3, !- Name
  {7f68b1da-49ee-47cf-ae5f-2f8f0b246d51}, !- Schedule Ruleset Name
  8,                                      !- Rule Order
  {8c35b77a-ac9c-4ac8-b919-27da532284bc}, !- Day Schedule Name
  Yes,                                    !- Apply Sunday
  Yes,                                    !- Apply Monday
  Yes,                                    !- Apply Tuesday
  Yes,                                    !- Apply Wednesday
  Yes,                                    !- Apply Thursday
  Yes,                                    !- Apply Friday
  Yes,                                    !- Apply Saturday
  DateRange,                              !- Date Specification Type
  4,                                      !- Start Month
  1,                                      !- Start Day
  4,                                      !- End Month
  30;                                     !- End Day

OS:Schedule:Day,
  {8c35b77a-ac9c-4ac8-b919-27da532284bc}, !- Handle
  exterior lighting schedule day 3,       !- Name
  {fd0f29c5-b6eb-4e65-af50-49ef9d6d1d36}, !- Schedule Type Limits Name
  ,                                       !- Interpolate to Timestep
  1,                                      !- Hour 1
  0,                                      !- Minute 1
  0.442857142857143,                      !- Value Until Time 1
  3,                                      !- Hour 2
  0,                                      !- Minute 2
  0.409642857142857,                      !- Value Until Time 2
  5,                                      !- Hour 3
  0,                                      !- Minute 3
  0.3875,                                 !- Value Until Time 3
  6,                                      !- Hour 4
  0,                                      !- Minute 4
  0.431785714285714,                      !- Value Until Time 4
  7,                                      !- Hour 5
  0,                                      !- Minute 5
  0.487142857142857,                      !- Value Until Time 5
  8,                                      !- Hour 6
  0,                                      !- Minute 6
  0.453928571428571,                      !- Value Until Time 6
  9,                                      !- Hour 7
  0,                                      !- Minute 7
  0.343214285714286,                      !- Value Until Time 7
  10,                                     !- Hour 8
  0,                                      !- Minute 8
  0.276785714285714,                      !- Value Until Time 8
  12,                                     !- Hour 9
  0,                                      !- Minute 9
  0.265714285714286,                      !- Value Until Time 9
  13,                                     !- Hour 10
  0,                                      !- Minute 10
  0.276785714285714,                      !- Value Until Time 10
  14,                                     !- Hour 11
  0,                                      !- Minute 11
  0.31,                                   !- Value Until Time 11
  15,                                     !- Hour 12
  0,                                      !- Minute 12
  0.332142857142857,                      !- Value Until Time 12
  16,                                     !- Hour 13
  0,                                      !- Minute 13
  0.3875,                                 !- Value Until Time 13
  17,                                     !- Hour 14
  0,                                      !- Minute 14
  0.487142857142857,                      !- Value Until Time 14
  18,                                     !- Hour 15
  0,                                      !- Minute 15
  0.62,                                   !- Value Until Time 15
  19,                                     !- Hour 16
  0,                                      !- Minute 16
  0.708571428571429,                      !- Value Until Time 16
  20,                                     !- Hour 17
  0,                                      !- Minute 17
  0.752857142857143,                      !- Value Until Time 17
  21,                                     !- Hour 18
  0,                                      !- Minute 18
  0.775,                                  !- Value Until Time 18
  22,                                     !- Hour 19
  0,                                      !- Minute 19
  0.719642857142857,                      !- Value Until Time 19
  23,                                     !- Hour 20
  0,                                      !- Minute 20
  0.62,                                   !- Value Until Time 20
  24,                                     !- Hour 21
  0,                                      !- Minute 21
  0.520357142857143;                      !- Value Until Time 21

OS:Schedule:Rule,
  {61e0feaa-d1fb-4957-b93c-08fcfb34c81b}, !- Handle
  exterior lighting schedule allday rule 4, !- Name
  {7f68b1da-49ee-47cf-ae5f-2f8f0b246d51}, !- Schedule Ruleset Name
  7,                                      !- Rule Order
  {9222053b-64d4-4a9f-9979-da21fa63fe5b}, !- Day Schedule Name
  Yes,                                    !- Apply Sunday
  Yes,                                    !- Apply Monday
  Yes,                                    !- Apply Tuesday
  Yes,                                    !- Apply Wednesday
  Yes,                                    !- Apply Thursday
  Yes,                                    !- Apply Friday
  Yes,                                    !- Apply Saturday
  DateRange,                              !- Date Specification Type
  5,                                      !- Start Month
  1,                                      !- Start Day
  5,                                      !- End Month
  31;                                     !- End Day

OS:Schedule:Day,
  {9222053b-64d4-4a9f-9979-da21fa63fe5b}, !- Handle
  exterior lighting schedule day 4,       !- Name
  {fd0f29c5-b6eb-4e65-af50-49ef9d6d1d36}, !- Schedule Type Limits Name
  ,                                       !- Interpolate to Timestep
  1,                                      !- Hour 1
  0,                                      !- Minute 1
  0.4,                                    !- Value Until Time 1
  3,                                      !- Hour 2
  0,                                      !- Minute 2
  0.37,                                   !- Value Until Time 2
  5,                                      !- Hour 3
  0,                                      !- Minute 3
  0.35,                                   !- Value Until Time 3
  6,                                      !- Hour 4
  0,                                      !- Minute 4
  0.39,                                   !- Value Until Time 4
  7,                                      !- Hour 5
  0,                                      !- Minute 5
  0.44,                                   !- Value Until Time 5
  8,                                      !- Hour 6
  0,                                      !- Minute 6
  0.41,                                   !- Value Until Time 6
  9,                                      !- Hour 7
  0,                                      !- Minute 7
  0.31,                                   !- Value Until Time 7
  10,                                     !- Hour 8
  0,                                      !- Minute 8
  0.25,                                   !- Value Until Time 8
  12,                                     !- Hour 9
  0,                                      !- Minute 9
  0.24,                                   !- Value Until Time 9
  13,                                     !- Hour 10
  0,                                      !- Minute 10
  0.25,                                   !- Value Until Time 10
  14,                                     !- Hour 11
  0,                                      !- Minute 11
  0.28,                                   !- Value Until Time 11
  15,                                     !- Hour 12
  0,                                      !- Minute 12
  0.3,                                    !- Value Until Time 12
  16,                                     !- Hour 13
  0,                                      !- Minute 13
  0.35,                                   !- Value Until Time 13
  17,                                     !- Hour 14
  0,                                      !- Minute 14
  0.44,                                   !- Value Until Time 14
  18,                                     !- Hour 15
  0,                                      !- Minute 15
  0.56,                                   !- Value Until Time 15
  19,                                     !- Hour 16
  0,                                      !- Minute 16
  0.64,                                   !- Value Until Time 16
  20,                                     !- Hour 17
  0,                                      !- Minute 17
  0.68,                                   !- Value Until Time 17
  21,                                     !- Hour 18
  0,                                      !- Minute 18
  0.7,                                    !- Value Until Time 18
  22,                                     !- Hour 19
  0,                                      !- Minute 19
  0.65,                                   !- Value Until Time 19
  23,                                     !- Hour 20
  0,                                      !- Minute 20
  0.56,                                   !- Value Until Time 20
  24,                                     !- Hour 21
  0,                                      !- Minute 21
  0.47;                                   !- Value Until Time 21

OS:Schedule:Rule,
  {030bbdbc-dbca-48b8-9bee-8a7db36436be}, !- Handle
  exterior lighting schedule allday rule 5, !- Name
  {7f68b1da-49ee-47cf-ae5f-2f8f0b246d51}, !- Schedule Ruleset Name
  6,                                      !- Rule Order
  {2df98821-5aec-4e64-8b94-f0775a268418}, !- Day Schedule Name
  Yes,                                    !- Apply Sunday
  Yes,                                    !- Apply Monday
  Yes,                                    !- Apply Tuesday
  Yes,                                    !- Apply Wednesday
  Yes,                                    !- Apply Thursday
  Yes,                                    !- Apply Friday
  Yes,                                    !- Apply Saturday
  DateRange,                              !- Date Specification Type
  6,                                      !- Start Month
  1,                                      !- Start Day
  6,                                      !- End Month
  30;                                     !- End Day

OS:Schedule:Day,
  {2df98821-5aec-4e64-8b94-f0775a268418}, !- Handle
  exterior lighting schedule day 5,       !- Name
  {fd0f29c5-b6eb-4e65-af50-49ef9d6d1d36}, !- Schedule Type Limits Name
  ,                                       !- Interpolate to Timestep
  1,                                      !- Hour 1
  0,                                      !- Minute 1
  0.380952380952381,                      !- Value Until Time 1
  3,                                      !- Hour 2
  0,                                      !- Minute 2
  0.352380952380952,                      !- Value Until Time 2
  5,                                      !- Hour 3
  0,                                      !- Minute 3
  0.333333333333333,                      !- Value Until Time 3
  6,                                      !- Hour 4
  0,                                      !- Minute 4
  0.371428571428571,                      !- Value Until Time 4
  7,                                      !- Hour 5
  0,                                      !- Minute 5
  0.419047619047619,                      !- Value Until Time 5
  8,                                      !- Hour 6
  0,                                      !- Minute 6
  0.39047619047619,                       !- Value Until Time 6
  9,                                      !- Hour 7
  0,                                      !- Minute 7
  0.295238095238095,                      !- Value Until Time 7
  10,                                     !- Hour 8
  0,                                      !- Minute 8
  0.238095238095238,                      !- Value Until Time 8
  12,                                     !- Hour 9
  0,                                      !- Minute 9
  0.228571428571429,                      !- Value Until Time 9
  13,                                     !- Hour 10
  0,                                      !- Minute 10
  0.238095238095238,                      !- Value Until Time 10
  14,                                     !- Hour 11
  0,                                      !- Minute 11
  0.266666666666667,                      !- Value Until Time 11
  15,                                     !- Hour 12
  0,                                      !- Minute 12
  0.285714285714286,                      !- Value Until Time 12
  16,                                     !- Hour 13
  0,                                      !- Minute 13
  0.333333333333333,                      !- Value Until Time 13
  17,                                     !- Hour 14
  0,                                      !- Minute 14
  0.419047619047619,                      !- Value Until Time 14
  18,                                     !- Hour 15
  0,                                      !- Minute 15
  0.533333333333333,                      !- Value Until Time 15
  19,                                     !- Hour 16
  0,                                      !- Minute 16
  0.609523809523809,                      !- Value Until Time 16
  20,                                     !- Hour 17
  0,                                      !- Minute 17
  0.647619047619048,                      !- Value Until Time 17
  21,                                     !- Hour 18
  0,                                      !- Minute 18
  0.666666666666667,                      !- Value Until Time 18
  22,                                     !- Hour 19
  0,                                      !- Minute 19
  0.619047619047619,                      !- Value Until Time 19
  23,                                     !- Hour 20
  0,                                      !- Minute 20
  0.533333333333333,                      !- Value Until Time 20
  24,                                     !- Hour 21
  0,                                      !- Minute 21
  0.447619047619048;                      !- Value Until Time 21

OS:Schedule:Rule,
  {1d763f4d-43a9-40bd-9f74-48a1047962ff}, !- Handle
  exterior lighting schedule allday rule 6, !- Name
  {7f68b1da-49ee-47cf-ae5f-2f8f0b246d51}, !- Schedule Ruleset Name
  5,                                      !- Rule Order
  {a133aa7d-6c08-4281-9ba7-0a5976ecedf6}, !- Day Schedule Name
  Yes,                                    !- Apply Sunday
  Yes,                                    !- Apply Monday
  Yes,                                    !- Apply Tuesday
  Yes,                                    !- Apply Wednesday
  Yes,                                    !- Apply Thursday
  Yes,                                    !- Apply Friday
  Yes,                                    !- Apply Saturday
  DateRange,                              !- Date Specification Type
  7,                                      !- Start Month
  1,                                      !- Start Day
  7,                                      !- End Month
  31;                                     !- End Day

OS:Schedule:Day,
  {a133aa7d-6c08-4281-9ba7-0a5976ecedf6}, !- Handle
  exterior lighting schedule day 6,       !- Name
  {fd0f29c5-b6eb-4e65-af50-49ef9d6d1d36}, !- Schedule Type Limits Name
  ,                                       !- Interpolate to Timestep
  1,                                      !- Hour 1
  0,                                      !- Minute 1
  0.39047619047619,                       !- Value Until Time 1
  3,                                      !- Hour 2
  0,                                      !- Minute 2
  0.361190476190476,                      !- Value Until Time 2
  5,                                      !- Hour 3
  0,                                      !- Minute 3
  0.341666666666667,                      !- Value Until Time 3
  6,                                      !- Hour 4
  0,                                      !- Minute 4
  0.380714285714286,                      !- Value Until Time 4
  7,                                      !- Hour 5
  0,                                      !- Minute 5
  0.429523809523809,                      !- Value Until Time 5
  8,                                      !- Hour 6
  0,                                      !- Minute 6
  0.400238095238095,                      !- Value Until Time 6
  9,                                      !- Hour 7
  0,                                      !- Minute 7
  0.302619047619048,                      !- Value Until Time 7
  10,                                     !- Hour 8
  0,                                      !- Minute 8
  0.244047619047619,                      !- Value Until Time 8
  12,                                     !- Hour 9
  0,                                      !- Minute 9
  0.234285714285714,                      !- Value Until Time 9
  13,                                     !- Hour 10
  0,                                      !- Minute 10
  0.244047619047619,                      !- Value Until Time 10
  14,                                     !- Hour 11
  0,                                      !- Minute 11
  0.273333333333333,                      !- Value Until Time 11
  15,                                     !- Hour 12
  0,                                      !- Minute 12
  0.292857142857143,                      !- Value Until Time 12
  16,                                     !- Hour 13
  0,                                      !- Minute 13
  0.341666666666667,                      !- Value Until Time 13
  17,                                     !- Hour 14
  0,                                      !- Minute 14
  0.429523809523809,                      !- Value Until Time 14
  18,                                     !- Hour 15
  0,                                      !- Minute 15
  0.546666666666667,                      !- Value Until Time 15
  19,                                     !- Hour 16
  0,                                      !- Minute 16
  0.624761904761905,                      !- Value Until Time 16
  20,                                     !- Hour 17
  0,                                      !- Minute 17
  0.663809523809524,                      !- Value Until Time 17
  21,                                     !- Hour 18
  0,                                      !- Minute 18
  0.683333333333333,                      !- Value Until Time 18
  22,                                     !- Hour 19
  0,                                      !- Minute 19
  0.634523809523809,                      !- Value Until Time 19
  23,                                     !- Hour 20
  0,                                      !- Minute 20
  0.546666666666667,                      !- Value Until Time 20
  24,                                     !- Hour 21
  0,                                      !- Minute 21
  0.458809523809524;                      !- Value Until Time 21

OS:Schedule:Rule,
  {fde00cba-c87e-4b78-a48b-18b6959b649c}, !- Handle
  exterior lighting schedule allday rule 7, !- Name
  {7f68b1da-49ee-47cf-ae5f-2f8f0b246d51}, !- Schedule Ruleset Name
  4,                                      !- Rule Order
  {7d47f7fe-f5e5-4e39-a433-d12d3112b683}, !- Day Schedule Name
  Yes,                                    !- Apply Sunday
  Yes,                                    !- Apply Monday
  Yes,                                    !- Apply Tuesday
  Yes,                                    !- Apply Wednesday
  Yes,                                    !- Apply Thursday
  Yes,                                    !- Apply Friday
  Yes,                                    !- Apply Saturday
  DateRange,                              !- Date Specification Type
  8,                                      !- Start Month
  1,                                      !- Start Day
  8,                                      !- End Month
  31;                                     !- End Day

OS:Schedule:Day,
  {7d47f7fe-f5e5-4e39-a433-d12d3112b683}, !- Handle
  exterior lighting schedule day 7,       !- Name
  {fd0f29c5-b6eb-4e65-af50-49ef9d6d1d36}, !- Schedule Type Limits Name
  ,                                       !- Interpolate to Timestep
  1,                                      !- Hour 1
  0,                                      !- Minute 1
  0.419047619047619,                      !- Value Until Time 1
  3,                                      !- Hour 2
  0,                                      !- Minute 2
  0.387619047619048,                      !- Value Until Time 2
  5,                                      !- Hour 3
  0,                                      !- Minute 3
  0.366666666666667,                      !- Value Until Time 3
  6,                                      !- Hour 4
  0,                                      !- Minute 4
  0.408571428571429,                      !- Value Until Time 4
  7,                                      !- Hour 5
  0,                                      !- Minute 5
  0.460952380952381,                      !- Value Until Time 5
  8,                                      !- Hour 6
  0,                                      !- Minute 6
  0.42952380952381,                       !- Value Until Time 6
  9,                                      !- Hour 7
  0,                                      !- Minute 7
  0.324761904761905,                      !- Value Until Time 7
  10,                                     !- Hour 8
  0,                                      !- Minute 8
  0.261904761904762,                      !- Value Until Time 8
  12,                                     !- Hour 9
  0,                                      !- Minute 9
  0.251428571428571,                      !- Value Until Time 9
  13,                                     !- Hour 10
  0,                                      !- Minute 10
  0.261904761904762,                      !- Value Until Time 10
  14,                                     !- Hour 11
  0,                                      !- Minute 11
  0.293333333333333,                      !- Value Until Time 11
  15,                                     !- Hour 12
  0,                                      !- Minute 12
  0.314285714285714,                      !- Value Until Time 12
  16,                                     !- Hour 13
  0,                                      !- Minute 13
  0.366666666666667,                      !- Value Until Time 13
  17,                                     !- Hour 14
  0,                                      !- Minute 14
  0.460952380952381,                      !- Value Until Time 14
  18,                                     !- Hour 15
  0,                                      !- Minute 15
  0.586666666666667,                      !- Value Until Time 15
  19,                                     !- Hour 16
  0,                                      !- Minute 16
  0.67047619047619,                       !- Value Until Time 16
  20,                                     !- Hour 17
  0,                                      !- Minute 17
  0.712380952380952,                      !- Value Until Time 17
  21,                                     !- Hour 18
  0,                                      !- Minute 18
  0.733333333333333,                      !- Value Until Time 18
  22,                                     !- Hour 19
  0,                                      !- Minute 19
  0.680952380952381,                      !- Value Until Time 19
  23,                                     !- Hour 20
  0,                                      !- Minute 20
  0.586666666666667,                      !- Value Until Time 20
  24,                                     !- Hour 21
  0,                                      !- Minute 21
  0.492380952380952;                      !- Value Until Time 21

OS:Schedule:Rule,
  {dd29242a-6426-46be-968a-0467509b47f3}, !- Handle
  exterior lighting schedule allday rule 8, !- Name
  {7f68b1da-49ee-47cf-ae5f-2f8f0b246d51}, !- Schedule Ruleset Name
  3,                                      !- Rule Order
  {816cf65c-daba-4628-98f1-5ecf9c32462d}, !- Day Schedule Name
  Yes,                                    !- Apply Sunday
  Yes,                                    !- Apply Monday
  Yes,                                    !- Apply Tuesday
  Yes,                                    !- Apply Wednesday
  Yes,                                    !- Apply Thursday
  Yes,                                    !- Apply Friday
  Yes,                                    !- Apply Saturday
  DateRange,                              !- Date Specification Type
  9,                                      !- Start Month
  1,                                      !- Start Day
  9,                                      !- End Month
  30;                                     !- End Day

OS:Schedule:Day,
  {816cf65c-daba-4628-98f1-5ecf9c32462d}, !- Handle
  exterior lighting schedule day 8,       !- Name
  {fd0f29c5-b6eb-4e65-af50-49ef9d6d1d36}, !- Schedule Type Limits Name
  ,                                       !- Interpolate to Timestep
  1,                                      !- Hour 1
  0,                                      !- Minute 1
  0.466666666666667,                      !- Value Until Time 1
  3,                                      !- Hour 2
  0,                                      !- Minute 2
  0.431666666666667,                      !- Value Until Time 2
  5,                                      !- Hour 3
  0,                                      !- Minute 3
  0.408333333333333,                      !- Value Until Time 3
  6,                                      !- Hour 4
  0,                                      !- Minute 4
  0.455,                                  !- Value Until Time 4
  7,                                      !- Hour 5
  0,                                      !- Minute 5
  0.513333333333333,                      !- Value Until Time 5
  8,                                      !- Hour 6
  0,                                      !- Minute 6
  0.478333333333333,                      !- Value Until Time 6
  9,                                      !- Hour 7
  0,                                      !- Minute 7
  0.361666666666667,                      !- Value Until Time 7
  10,                                     !- Hour 8
  0,                                      !- Minute 8
  0.291666666666667,                      !- Value Until Time 8
  12,                                     !- Hour 9
  0,                                      !- Minute 9
  0.28,                                   !- Value Until Time 9
  13,                                     !- Hour 10
  0,                                      !- Minute 10
  0.291666666666667,                      !- Value Until Time 10
  14,                                     !- Hour 11
  0,                                      !- Minute 11
  0.326666666666667,                      !- Value Until Time 11
  15,                                     !- Hour 12
  0,                                      !- Minute 12
  0.35,                                   !- Value Until Time 12
  16,                                     !- Hour 13
  0,                                      !- Minute 13
  0.408333333333333,                      !- Value Until Time 13
  17,                                     !- Hour 14
  0,                                      !- Minute 14
  0.513333333333333,                      !- Value Until Time 14
  18,                                     !- Hour 15
  0,                                      !- Minute 15
  0.653333333333333,                      !- Value Until Time 15
  19,                                     !- Hour 16
  0,                                      !- Minute 16
  0.746666666666667,                      !- Value Until Time 16
  20,                                     !- Hour 17
  0,                                      !- Minute 17
  0.793333333333333,                      !- Value Until Time 17
  21,                                     !- Hour 18
  0,                                      !- Minute 18
  0.816666666666667,                      !- Value Until Time 18
  22,                                     !- Hour 19
  0,                                      !- Minute 19
  0.758333333333333,                      !- Value Until Time 19
  23,                                     !- Hour 20
  0,                                      !- Minute 20
  0.653333333333333,                      !- Value Until Time 20
  24,                                     !- Hour 21
  0,                                      !- Minute 21
  0.548333333333333;                      !- Value Until Time 21

OS:Schedule:Rule,
  {6b8d0562-d939-457e-9a92-9656c07a4c67}, !- Handle
  exterior lighting schedule allday rule 9, !- Name
  {7f68b1da-49ee-47cf-ae5f-2f8f0b246d51}, !- Schedule Ruleset Name
  2,                                      !- Rule Order
  {012a6803-5879-4fc7-b461-14979597d5d9}, !- Day Schedule Name
  Yes,                                    !- Apply Sunday
  Yes,                                    !- Apply Monday
  Yes,                                    !- Apply Tuesday
  Yes,                                    !- Apply Wednesday
  Yes,                                    !- Apply Thursday
  Yes,                                    !- Apply Friday
  Yes,                                    !- Apply Saturday
  DateRange,                              !- Date Specification Type
  10,                                     !- Start Month
  1,                                      !- Start Day
  10,                                     !- End Month
  31;                                     !- End Day

OS:Schedule:Day,
  {012a6803-5879-4fc7-b461-14979597d5d9}, !- Handle
  exterior lighting schedule day 9,       !- Name
  {fd0f29c5-b6eb-4e65-af50-49ef9d6d1d36}, !- Schedule Type Limits Name
  ,                                       !- Interpolate to Timestep
  1,                                      !- Hour 1
  0,                                      !- Minute 1
  0.50952380952381,                       !- Value Until Time 1
  3,                                      !- Hour 2
  0,                                      !- Minute 2
  0.471309523809524,                      !- Value Until Time 2
  5,                                      !- Hour 3
  0,                                      !- Minute 3
  0.445833333333333,                      !- Value Until Time 3
  6,                                      !- Hour 4
  0,                                      !- Minute 4
  0.496785714285714,                      !- Value Until Time 4
  7,                                      !- Hour 5
  0,                                      !- Minute 5
  0.56047619047619,                       !- Value Until Time 5
  8,                                      !- Hour 6
  0,                                      !- Minute 6
  0.522261904761905,                      !- Value Until Time 6
  9,                                      !- Hour 7
  0,                                      !- Minute 7
  0.394880952380952,                      !- Value Until Time 7
  10,                                     !- Hour 8
  0,                                      !- Minute 8
  0.318452380952381,                      !- Value Until Time 8
  12,                                     !- Hour 9
  0,                                      !- Minute 9
  0.305714285714286,                      !- Value Until Time 9
  13,                                     !- Hour 10
  0,                                      !- Minute 10
  0.318452380952381,                      !- Value Until Time 10
  14,                                     !- Hour 11
  0,                                      !- Minute 11
  0.356666666666667,                      !- Value Until Time 11
  15,                                     !- Hour 12
  0,                                      !- Minute 12
  0.382142857142857,                      !- Value Until Time 12
  16,                                     !- Hour 13
  0,                                      !- Minute 13
  0.445833333333333,                      !- Value Until Time 13
  17,                                     !- Hour 14
  0,                                      !- Minute 14
  0.56047619047619,                       !- Value Until Time 14
  18,                                     !- Hour 15
  0,                                      !- Minute 15
  0.713333333333333,                      !- Value Until Time 15
  19,                                     !- Hour 16
  0,                                      !- Minute 16
  0.815238095238095,                      !- Value Until Time 16
  20,                                     !- Hour 17
  0,                                      !- Minute 17
  0.866190476190476,                      !- Value Until Time 17
  21,                                     !- Hour 18
  0,                                      !- Minute 18
  0.891666666666667,                      !- Value Until Time 18
  22,                                     !- Hour 19
  0,                                      !- Minute 19
  0.82797619047619,                       !- Value Until Time 19
  23,                                     !- Hour 20
  0,                                      !- Minute 20
  0.713333333333333,                      !- Value Until Time 20
  24,                                     !- Hour 21
  0,                                      !- Minute 21
  0.598690476190476;                      !- Value Until Time 21

OS:Schedule:Rule,
  {820314c0-fba9-4eb3-82bd-6f9aea0a13dd}, !- Handle
  exterior lighting schedule allday rule 10, !- Name
  {7f68b1da-49ee-47cf-ae5f-2f8f0b246d51}, !- Schedule Ruleset Name
  1,                                      !- Rule Order
  {77ce3436-bc85-4dab-8e04-753abc7255d2}, !- Day Schedule Name
  Yes,                                    !- Apply Sunday
  Yes,                                    !- Apply Monday
  Yes,                                    !- Apply Tuesday
  Yes,                                    !- Apply Wednesday
  Yes,                                    !- Apply Thursday
  Yes,                                    !- Apply Friday
  Yes,                                    !- Apply Saturday
  DateRange,                              !- Date Specification Type
  11,                                     !- Start Month
  1,                                      !- Start Day
  11,                                     !- End Month
  30;                                     !- End Day

OS:Schedule:Day,
  {77ce3436-bc85-4dab-8e04-753abc7255d2}, !- Handle
  exterior lighting schedule day 10,      !- Name
  {fd0f29c5-b6eb-4e65-af50-49ef9d6d1d36}, !- Schedule Type Limits Name
  ,                                       !- Interpolate to Timestep
  1,                                      !- Hour 1
  0,                                      !- Minute 1
  0.552380952380952,                      !- Value Until Time 1
  3,                                      !- Hour 2
  0,                                      !- Minute 2
  0.510952380952381,                      !- Value Until Time 2
  5,                                      !- Hour 3
  0,                                      !- Minute 3
  0.483333333333333,                      !- Value Until Time 3
  6,                                      !- Hour 4
  0,                                      !- Minute 4
  0.538571428571428,                      !- Value Until Time 4
  7,                                      !- Hour 5
  0,                                      !- Minute 5
  0.607619047619048,                      !- Value Until Time 5
  8,                                      !- Hour 6
  0,                                      !- Minute 6
  0.566190476190476,                      !- Value Until Time 6
  9,                                      !- Hour 7
  0,                                      !- Minute 7
  0.428095238095238,                      !- Value Until Time 7
  10,                                     !- Hour 8
  0,                                      !- Minute 8
  0.345238095238095,                      !- Value Until Time 8
  12,                                     !- Hour 9
  0,                                      !- Minute 9
  0.331428571428571,                      !- Value Until Time 9
  13,                                     !- Hour 10
  0,                                      !- Minute 10
  0.345238095238095,                      !- Value Until Time 10
  14,                                     !- Hour 11
  0,                                      !- Minute 11
  0.386666666666667,                      !- Value Until Time 11
  15,                                     !- Hour 12
  0,                                      !- Minute 12
  0.414285714285714,                      !- Value Until Time 12
  16,                                     !- Hour 13
  0,                                      !- Minute 13
  0.483333333333333,                      !- Value Until Time 13
  17,                                     !- Hour 14
  0,                                      !- Minute 14
  0.607619047619048,                      !- Value Until Time 14
  18,                                     !- Hour 15
  0,                                      !- Minute 15
  0.773333333333333,                      !- Value Until Time 15
  19,                                     !- Hour 16
  0,                                      !- Minute 16
  0.883809523809524,                      !- Value Until Time 16
  20,                                     !- Hour 17
  0,                                      !- Minute 17
  0.939047619047619,                      !- Value Until Time 17
  21,                                     !- Hour 18
  0,                                      !- Minute 18
  0.966666666666667,                      !- Value Until Time 18
  22,                                     !- Hour 19
  0,                                      !- Minute 19
  0.897619047619048,                      !- Value Until Time 19
  23,                                     !- Hour 20
  0,                                      !- Minute 20
  0.773333333333333,                      !- Value Until Time 20
  24,                                     !- Hour 21
  0,                                      !- Minute 21
  0.649047619047619;                      !- Value Until Time 21

OS:Schedule:Rule,
  {f0cea322-5dde-46f2-b660-36408f06d419}, !- Handle
  exterior lighting schedule allday rule 11, !- Name
  {7f68b1da-49ee-47cf-ae5f-2f8f0b246d51}, !- Schedule Ruleset Name
  0,                                      !- Rule Order
  {95664647-7fb1-446b-85e0-e5c45e2705d3}, !- Day Schedule Name
  Yes,                                    !- Apply Sunday
  Yes,                                    !- Apply Monday
  Yes,                                    !- Apply Tuesday
  Yes,                                    !- Apply Wednesday
  Yes,                                    !- Apply Thursday
  Yes,                                    !- Apply Friday
  Yes,                                    !- Apply Saturday
  DateRange,                              !- Date Specification Type
  12,                                     !- Start Month
  1,                                      !- Start Day
  12,                                     !- End Month
  31;                                     !- End Day

OS:Schedule:Day,
  {95664647-7fb1-446b-85e0-e5c45e2705d3}, !- Handle
  exterior lighting schedule day 11,      !- Name
  {fd0f29c5-b6eb-4e65-af50-49ef9d6d1d36}, !- Schedule Type Limits Name
  ,                                       !- Interpolate to Timestep
  1,                                      !- Hour 1
  0,                                      !- Minute 1
  0.571428571428571,                      !- Value Until Time 1
  3,                                      !- Hour 2
  0,                                      !- Minute 2
  0.528571428571428,                      !- Value Until Time 2
  5,                                      !- Hour 3
  0,                                      !- Minute 3
  0.5,                                    !- Value Until Time 3
  6,                                      !- Hour 4
  0,                                      !- Minute 4
  0.557142857142857,                      !- Value Until Time 4
  7,                                      !- Hour 5
  0,                                      !- Minute 5
  0.628571428571428,                      !- Value Until Time 5
  8,                                      !- Hour 6
  0,                                      !- Minute 6
  0.585714285714286,                      !- Value Until Time 6
  9,                                      !- Hour 7
  0,                                      !- Minute 7
  0.442857142857143,                      !- Value Until Time 7
  10,                                     !- Hour 8
  0,                                      !- Minute 8
  0.357142857142857,                      !- Value Until Time 8
  12,                                     !- Hour 9
  0,                                      !- Minute 9
  0.342857142857143,                      !- Value Until Time 9
  13,                                     !- Hour 10
  0,                                      !- Minute 10
  0.357142857142857,                      !- Value Until Time 10
  14,                                     !- Hour 11
  0,                                      !- Minute 11
  0.4,                                    !- Value Until Time 11
  15,                                     !- Hour 12
  0,                                      !- Minute 12
  0.428571428571428,                      !- Value Until Time 12
  16,                                     !- Hour 13
  0,                                      !- Minute 13
  0.5,                                    !- Value Until Time 13
  17,                                     !- Hour 14
  0,                                      !- Minute 14
  0.628571428571428,                      !- Value Until Time 14
  18,                                     !- Hour 15
  0,                                      !- Minute 15
  0.8,                                    !- Value Until Time 15
  19,                                     !- Hour 16
  0,                                      !- Minute 16
  0.914285714285714,                      !- Value Until Time 16
  20,                                     !- Hour 17
  0,                                      !- Minute 17
  0.971428571428571,                      !- Value Until Time 17
  21,                                     !- Hour 18
  0,                                      !- Minute 18
  1,                                      !- Value Until Time 18
  22,                                     !- Hour 19
  0,                                      !- Minute 19
  0.928571428571428,                      !- Value Until Time 19
  23,                                     !- Hour 20
  0,                                      !- Minute 20
  0.8,                                    !- Value Until Time 20
  24,                                     !- Hour 21
  0,                                      !- Minute 21
  0.671428571428571;                      !- Value Until Time 21

OS:Exterior:Lights:Definition,
  {cbe67b79-9202-4404-8db0-55f65b189150}, !- Handle
  exterior lighting,                      !- Name
  9.28602739726027;                       !- Design Level {W}

OS:Exterior:Lights,
  {28fcddf3-276c-475e-84b3-d04dbd852e52}, !- Handle
  exterior lighting,                      !- Name
  {cbe67b79-9202-4404-8db0-55f65b189150}, !- Exterior Lights Definition Name
  {7f68b1da-49ee-47cf-ae5f-2f8f0b246d51}, !- Schedule Name
  ,                                       !- Control Option
  ,                                       !- Multiplier
  exterior lighting;                      !- End-Use Subcategory

OS:Schedule:File,
  {219341e5-4d32-4860-becb-f5fae7811300}, !- Handle
  plug_loads_tv,                          !- Name
  {fd0f29c5-b6eb-4e65-af50-49ef9d6d1d36}, !- Schedule Type Limits Name
  {9fe42143-4844-4c4b-9b50-f89cd1ea63c7}, !- External File Name
  3,                                      !- Column Number
  1,                                      !- Rows to Skip at Top
  8760,                                   !- Number of Hours of Data
  ,                                       !- Column Separator
  Yes,                                    !- Interpolate to Timestep
  15,                                     !- Minutes per Item
  ,                                       !- Adjust Schedule for Daylight Savings
  Yes;                                    !- Translate File With Relative Path

OS:ElectricEquipment:Definition,
  {2d191872-44fa-4b05-89bf-7bbf68604d76}, !- Handle
  misc tv,                                !- Name
  EquipmentLevel,                         !- Design Level Calculation Method
  664.960060459543,                       !- Design Level {W}
  ,                                       !- Watts per Space Floor Area {W/m2}
  ,                                       !- Watts per Person {W/person}
  0,                                      !- Fraction Latent
  0.6,                                    !- Fraction Radiant
  0;                                      !- Fraction Lost

OS:ElectricEquipment,
  {584d8958-5fb0-4d41-9b27-a4ef3f2ca01e}, !- Handle
  misc tv,                                !- Name
  {2d191872-44fa-4b05-89bf-7bbf68604d76}, !- Electric Equipment Definition Name
  {271f44e5-19ec-4eb2-9528-658d31d09048}, !- Space or SpaceType Name
  {219341e5-4d32-4860-becb-f5fae7811300}, !- Schedule Name
  ,                                       !- Multiplier
  misc tv;                                !- End-Use Subcategory

OS:Schedule:File,
  {ac067ce0-ac39-4989-9b4c-f018253abb1b}, !- Handle
  plug_loads_other,                       !- Name
  {fd0f29c5-b6eb-4e65-af50-49ef9d6d1d36}, !- Schedule Type Limits Name
  {9fe42143-4844-4c4b-9b50-f89cd1ea63c7}, !- External File Name
  2,                                      !- Column Number
  1,                                      !- Rows to Skip at Top
  8760,                                   !- Number of Hours of Data
  ,                                       !- Column Separator
  Yes,                                    !- Interpolate to Timestep
  15,                                     !- Minutes per Item
  ,                                       !- Adjust Schedule for Daylight Savings
  Yes;                                    !- Translate File With Relative Path

OS:ElectricEquipment:Definition,
  {ed3eb25a-92b8-4699-8885-c702b4578d17}, !- Handle
  misc plug loads,                        !- Name
  EquipmentLevel,                         !- Design Level Calculation Method
  446.018443753431,                       !- Design Level {W}
  ,                                       !- Watts per Space Floor Area {W/m2}
  ,                                       !- Watts per Person {W/person}
  0.021,                                  !- Fraction Latent
  0.558,                                  !- Fraction Radiant
  0.0489999999999999;                     !- Fraction Lost

OS:ElectricEquipment,
  {103d11ff-8e9d-4f63-9270-3dcb21b8a58f}, !- Handle
  misc plug loads,                        !- Name
  {ed3eb25a-92b8-4699-8885-c702b4578d17}, !- Electric Equipment Definition Name
  {271f44e5-19ec-4eb2-9528-658d31d09048}, !- Space or SpaceType Name
  {ac067ce0-ac39-4989-9b4c-f018253abb1b}, !- Schedule Name
  ,                                       !- Multiplier
  misc plug loads;                        !- End-Use Subcategory

OS:Schedule:Ruleset,
  {a1281363-a9bd-4fae-a23d-d64d5eec2625}, !- Handle
  misc well pump schedule,                !- Name
  {fd0f29c5-b6eb-4e65-af50-49ef9d6d1d36}, !- Schedule Type Limits Name
  {9fd1e846-67a2-462a-aef5-0909d49fe18e}; !- Default Day Schedule Name

OS:Schedule:Day,
  {9fd1e846-67a2-462a-aef5-0909d49fe18e}, !- Handle
  misc well pump schedule default day,    !- Name
  {fd0f29c5-b6eb-4e65-af50-49ef9d6d1d36}, !- Schedule Type Limits Name
  ,                                       !- Interpolate to Timestep
  24,                                     !- Hour 1
  0,                                      !- Minute 1
  0;                                      !- Value Until Time 1

OS:Schedule:Rule,
  {18f2dc40-e611-4524-b720-2bbaf1e659ee}, !- Handle
  misc well pump schedule allday rule,    !- Name
  {a1281363-a9bd-4fae-a23d-d64d5eec2625}, !- Schedule Ruleset Name
  0,                                      !- Rule Order
  {5df0de66-1690-4e29-94b5-5be5cde6050a}, !- Day Schedule Name
  Yes,                                    !- Apply Sunday
  Yes,                                    !- Apply Monday
  Yes,                                    !- Apply Tuesday
  Yes,                                    !- Apply Wednesday
  Yes,                                    !- Apply Thursday
  Yes,                                    !- Apply Friday
  Yes,                                    !- Apply Saturday
  DateRange,                              !- Date Specification Type
  1,                                      !- Start Month
  1,                                      !- Start Day
  12,                                     !- End Month
  31;                                     !- End Day

OS:Schedule:Day,
  {5df0de66-1690-4e29-94b5-5be5cde6050a}, !- Handle
  misc well pump schedule day,            !- Name
  {fd0f29c5-b6eb-4e65-af50-49ef9d6d1d36}, !- Schedule Type Limits Name
  ,                                       !- Interpolate to Timestep
  1,                                      !- Hour 1
  0,                                      !- Minute 1
  0.511627906976744,                      !- Value Until Time 1
  2,                                      !- Hour 2
  0,                                      !- Minute 2
  0.267441860465116,                      !- Value Until Time 2
  3,                                      !- Hour 3
  0,                                      !- Minute 3
  0.22093023255814,                       !- Value Until Time 3
  4,                                      !- Hour 4
  0,                                      !- Minute 4
  0.174418604651163,                      !- Value Until Time 4
  5,                                      !- Hour 5
  0,                                      !- Minute 5
  0.186046511627907,                      !- Value Until Time 5
  6,                                      !- Hour 6
  0,                                      !- Minute 6
  0.209302325581395,                      !- Value Until Time 6
  7,                                      !- Hour 7
  0,                                      !- Minute 7
  0.302325581395349,                      !- Value Until Time 7
  9,                                      !- Hour 8
  0,                                      !- Minute 8
  0.383720930232558,                      !- Value Until Time 8
  10,                                     !- Hour 9
  0,                                      !- Minute 9
  0.372093023255814,                      !- Value Until Time 9
  12,                                     !- Hour 10
  0,                                      !- Minute 10
  0.383720930232558,                      !- Value Until Time 10
  15,                                     !- Hour 11
  0,                                      !- Minute 11
  0.372093023255814,                      !- Value Until Time 11
  16,                                     !- Hour 12
  0,                                      !- Minute 12
  0.383720930232558,                      !- Value Until Time 12
  17,                                     !- Hour 13
  0,                                      !- Minute 13
  0.523255813953488,                      !- Value Until Time 13
  18,                                     !- Hour 14
  0,                                      !- Minute 14
  0.662790697674419,                      !- Value Until Time 14
  19,                                     !- Hour 15
  0,                                      !- Minute 15
  0.767441860465116,                      !- Value Until Time 15
  20,                                     !- Hour 16
  0,                                      !- Minute 16
  0.883720930232558,                      !- Value Until Time 16
  21,                                     !- Hour 17
  0,                                      !- Minute 17
  0.941860465116279,                      !- Value Until Time 17
  22,                                     !- Hour 18
  0,                                      !- Minute 18
  1,                                      !- Value Until Time 18
  23,                                     !- Hour 19
  0,                                      !- Minute 19
  0.872093023255814,                      !- Value Until Time 19
  24,                                     !- Hour 20
  0,                                      !- Minute 20
  0.755813953488372;                      !- Value Until Time 20

OS:ElectricEquipment:Definition,
  {73c0f88c-ae58-49d9-9be8-bd9e50793462}, !- Handle
  misc well pump,                         !- Name
  EquipmentLevel,                         !- Design Level Calculation Method
  89.7823667052864,                       !- Design Level {W}
  ,                                       !- Watts per Space Floor Area {W/m2}
  ,                                       !- Watts per Person {W/person}
  0,                                      !- Fraction Latent
  0,                                      !- Fraction Radiant
  1;                                      !- Fraction Lost

OS:ElectricEquipment,
  {810976c1-ea2c-4df2-b107-76e4a6ef6534}, !- Handle
  misc well pump,                         !- Name
  {73c0f88c-ae58-49d9-9be8-bd9e50793462}, !- Electric Equipment Definition Name
  {271f44e5-19ec-4eb2-9528-658d31d09048}, !- Space or SpaceType Name
  {a1281363-a9bd-4fae-a23d-d64d5eec2625}, !- Schedule Name
  ,                                       !- Multiplier
  misc well pump;                         !- End-Use Subcategory

OS:Schedule:File,
  {426a07d7-fa8d-45af-8e2e-fe36b3eb63fe}, !- Handle
  occupants,                              !- Name
  {fd0f29c5-b6eb-4e65-af50-49ef9d6d1d36}, !- Schedule Type Limits Name
  {9fe42143-4844-4c4b-9b50-f89cd1ea63c7}, !- External File Name
  1,                                      !- Column Number
  1,                                      !- Rows to Skip at Top
  8760,                                   !- Number of Hours of Data
  ,                                       !- Column Separator
  Yes,                                    !- Interpolate to Timestep
  15,                                     !- Minutes per Item
  ,                                       !- Adjust Schedule for Daylight Savings
  Yes;                                    !- Translate File With Relative Path

OS:Schedule:Constant,
  {a85d5755-ab63-4ee2-9be5-359c5aed77ed}, !- Handle
  occupants activity schedule,            !- Name
  {0ec47030-5308-4691-a2d3-5f12d376cc54}, !- Schedule Type Limits Name
  117.228428068889;                       !- Value

OS:People:Definition,
  {faf8989f-a314-4bc3-8877-ad9539ba699a}, !- Handle
  occupants,                              !- Name
  People,                                 !- Number of People Calculation Method
  3,                                      !- Number of People {people}
  ,                                       !- People per Space Floor Area {person/m2}
  ,                                       !- Space Floor Area per Person {m2/person}
  0.314170909090909,                      !- Fraction Radiant
  0.563030303030303,                      !- Sensible Heat Fraction
  0,                                      !- Carbon Dioxide Generation Rate {m3/s-W}
  No,                                     !- Enable ASHRAE 55 Comfort Warnings
  EnclosureAveraged;                      !- Mean Radiant Temperature Calculation Type

OS:People,
  {90a96efa-6610-4bdd-8a87-c8fa7d18b12a}, !- Handle
  occupants,                              !- Name
  {faf8989f-a314-4bc3-8877-ad9539ba699a}, !- People Definition Name
  {271f44e5-19ec-4eb2-9528-658d31d09048}, !- Space or SpaceType Name
  {426a07d7-fa8d-45af-8e2e-fe36b3eb63fe}, !- Number of People Schedule Name
  {a85d5755-ab63-4ee2-9be5-359c5aed77ed}, !- Activity Level Schedule Name
  ,                                       !- Surface Name/Angle Factor List Name
  ,                                       !- Work Efficiency Schedule Name
  ,                                       !- Clothing Insulation Schedule Name
  ,                                       !- Air Velocity Schedule Name
  1;                                      !- Multiplier

OS:ScheduleTypeLimits,
  {0ec47030-5308-4691-a2d3-5f12d376cc54}, !- Handle
  ActivityLevel,                          !- Name
  0,                                      !- Lower Limit Value
  ,                                       !- Upper Limit Value
  Continuous,                             !- Numeric Type
  ActivityLevel;                          !- Unit Type

OS:Schedule:Ruleset,
  {2913fea5-49f3-4b4e-b2de-747688b5e4a8}, !- Handle
  general water use schedule,             !- Name
  {fd0f29c5-b6eb-4e65-af50-49ef9d6d1d36}, !- Schedule Type Limits Name
  {315de56b-ca11-4211-ba12-f35065865af2}; !- Default Day Schedule Name

OS:Schedule:Day,
  {315de56b-ca11-4211-ba12-f35065865af2}, !- Handle
  general water use schedule default day, !- Name
  {fd0f29c5-b6eb-4e65-af50-49ef9d6d1d36}, !- Schedule Type Limits Name
  ,                                       !- Interpolate to Timestep
  24,                                     !- Hour 1
  0,                                      !- Minute 1
  0;                                      !- Value Until Time 1

OS:Schedule:Rule,
  {308bdc28-2452-4c8a-b2c0-07303dbbb125}, !- Handle
  general water use schedule allday rule, !- Name
  {2913fea5-49f3-4b4e-b2de-747688b5e4a8}, !- Schedule Ruleset Name
  0,                                      !- Rule Order
  {a93a2f1b-4750-4dd4-b4e3-fb196bc26ac4}, !- Day Schedule Name
  Yes,                                    !- Apply Sunday
  Yes,                                    !- Apply Monday
  Yes,                                    !- Apply Tuesday
  Yes,                                    !- Apply Wednesday
  Yes,                                    !- Apply Thursday
  Yes,                                    !- Apply Friday
  Yes,                                    !- Apply Saturday
  DateRange,                              !- Date Specification Type
  1,                                      !- Start Month
  1,                                      !- Start Day
  12,                                     !- End Month
  31;                                     !- End Day

OS:Schedule:Day,
  {a93a2f1b-4750-4dd4-b4e3-fb196bc26ac4}, !- Handle
  general water use schedule day,         !- Name
  {fd0f29c5-b6eb-4e65-af50-49ef9d6d1d36}, !- Schedule Type Limits Name
  ,                                       !- Interpolate to Timestep
  1,                                      !- Hour 1
  0,                                      !- Minute 1
  0.315068493150685,                      !- Value Until Time 1
  3,                                      !- Hour 2
  0,                                      !- Minute 2
  0.287671232876712,                      !- Value Until Time 2
  4,                                      !- Hour 3
  0,                                      !- Minute 3
  0.342465753424658,                      !- Value Until Time 3
  5,                                      !- Hour 4
  0,                                      !- Minute 4
  0.36986301369863,                       !- Value Until Time 4
  6,                                      !- Hour 5
  0,                                      !- Minute 5
  0.520547945205479,                      !- Value Until Time 5
  7,                                      !- Hour 6
  0,                                      !- Minute 6
  0.602739726027397,                      !- Value Until Time 6
  8,                                      !- Hour 7
  0,                                      !- Minute 7
  0.534246575342466,                      !- Value Until Time 7
  10,                                     !- Hour 8
  0,                                      !- Minute 8
  0.506849315068493,                      !- Value Until Time 8
  11,                                     !- Hour 9
  0,                                      !- Minute 9
  0.465753424657534,                      !- Value Until Time 9
  14,                                     !- Hour 10
  0,                                      !- Minute 10
  0.479452054794521,                      !- Value Until Time 10
  15,                                     !- Hour 11
  0,                                      !- Minute 11
  0.534246575342466,                      !- Value Until Time 11
  16,                                     !- Hour 12
  0,                                      !- Minute 12
  0.589041095890411,                      !- Value Until Time 12
  17,                                     !- Hour 13
  0,                                      !- Minute 13
  0.698630136986301,                      !- Value Until Time 13
  18,                                     !- Hour 14
  0,                                      !- Minute 14
  0.876712328767123,                      !- Value Until Time 14
  19,                                     !- Hour 15
  0,                                      !- Minute 15
  0.89041095890411,                       !- Value Until Time 15
  20,                                     !- Hour 16
  0,                                      !- Minute 16
  0.986301369863014,                      !- Value Until Time 16
  21,                                     !- Hour 17
  0,                                      !- Minute 17
  1,                                      !- Value Until Time 17
  22,                                     !- Hour 18
  0,                                      !- Minute 18
  0.863013698630137,                      !- Value Until Time 18
  23,                                     !- Hour 19
  0,                                      !- Minute 19
  0.616438356164384,                      !- Value Until Time 19
  24,                                     !- Hour 20
  0,                                      !- Minute 20
  0.465753424657534;                      !- Value Until Time 20

OS:OtherEquipment:Definition,
  {e2114693-1e3b-4e6d-b270-ee26e024f7b6}, !- Handle
  general water use sensible,             !- Name
  EquipmentLevel,                         !- Design Level Calculation Method
  -57.4889647298075,                      !- Design Level {W}
  ,                                       !- Watts per Space Floor Area {W/m2}
  ,                                       !- Watts per Person {W/Person}
  0,                                      !- Fraction Latent
  0.6,                                    !- Fraction Radiant
  0;                                      !- Fraction Lost

OS:OtherEquipment,
  {bb04f7ba-85c2-4c5a-9510-d00009e0b47c}, !- Handle
  general water use sensible,             !- Name
  {e2114693-1e3b-4e6d-b270-ee26e024f7b6}, !- Other Equipment Definition Name
  {271f44e5-19ec-4eb2-9528-658d31d09048}, !- Space or SpaceType Name
  {2913fea5-49f3-4b4e-b2de-747688b5e4a8}, !- Schedule Name
  ,                                       !- Multiplier
  ,                                       !- Fuel Type
  general water use sensible;             !- End-Use Subcategory

OS:OtherEquipment:Definition,
  {9f938cad-1541-4da1-8a26-545bd24373c4}, !- Handle
  general water use latent,               !- Name
  EquipmentLevel,                         !- Design Level Calculation Method
  58.3323236255993,                       !- Design Level {W}
  ,                                       !- Watts per Space Floor Area {W/m2}
  ,                                       !- Watts per Person {W/Person}
  1,                                      !- Fraction Latent
  0,                                      !- Fraction Radiant
  0;                                      !- Fraction Lost

OS:OtherEquipment,
  {fe487c38-2455-4830-901d-499af09b38a2}, !- Handle
  general water use latent,               !- Name
  {9f938cad-1541-4da1-8a26-545bd24373c4}, !- Other Equipment Definition Name
  {271f44e5-19ec-4eb2-9528-658d31d09048}, !- Space or SpaceType Name
  {2913fea5-49f3-4b4e-b2de-747688b5e4a8}, !- Schedule Name
  ,                                       !- Multiplier
  ,                                       !- Fuel Type
  general water use latent;               !- End-Use Subcategory

OS:EnergyManagementSystem:Sensor,
  {3f441e82-2721-48d5-aa26-3b41d9ef5060}, !- Handle
  out_pb_s,                               !- Name
  ,                                       !- Output Variable or Output Meter Index Key Name
  Site Outdoor Air Barometric Pressure;   !- Output Variable or Output Meter Name

OS:EnergyManagementSystem:Sensor,
  {29f1b72c-989d-4d07-863d-b23bd54a8f4c}, !- Handle
  out_wt_s,                               !- Name
  ,                                       !- Output Variable or Output Meter Index Key Name
  Site Outdoor Air Humidity Ratio;        !- Output Variable or Output Meter Name

OS:EnergyManagementSystem:Sensor,
  {d5e7eb14-0ddf-43d6-9792-67fc0efb0bd6}, !- Handle
  win_s,                                  !- Name
  conditioned space,                      !- Output Variable or Output Meter Index Key Name
  Zone Air Humidity Ratio;                !- Output Variable or Output Meter Name

OS:EnergyManagementSystem:Sensor,
  {b2c57c66-9e72-404a-9113-74cc6bc8037e}, !- Handle
  site_vw_s,                              !- Name
  ,                                       !- Output Variable or Output Meter Index Key Name
  Site Wind Speed;                        !- Output Variable or Output Meter Name

OS:EnergyManagementSystem:Sensor,
  {294948a4-8a18-4658-acc5-36e2fff2e6a5}, !- Handle
  tin_s,                                  !- Name
  conditioned space,                      !- Output Variable or Output Meter Index Key Name
  Zone Mean Air Temperature;              !- Output Variable or Output Meter Name

OS:EnergyManagementSystem:Sensor,
  {d039802c-4126-4821-b948-8371f015514c}, !- Handle
  tout_s,                                 !- Name
  conditioned space,                      !- Output Variable or Output Meter Index Key Name
  Zone Outdoor Air Drybulb Temperature;   !- Output Variable or Output Meter Name

OS:Schedule:Ruleset,
  {d3474633-e50a-4778-abe3-bc62fd2742b7}, !- Handle
  hvac availability schedule,             !- Name
  {fd0f29c5-b6eb-4e65-af50-49ef9d6d1d36}, !- Schedule Type Limits Name
  {490842d3-393d-4878-b310-91f217d226e2}; !- Default Day Schedule Name

OS:Schedule:Day,
  {490842d3-393d-4878-b310-91f217d226e2}, !- Handle
  hvac availability schedule default day, !- Name
  {fd0f29c5-b6eb-4e65-af50-49ef9d6d1d36}, !- Schedule Type Limits Name
  ,                                       !- Interpolate to Timestep
  24,                                     !- Hour 1
  0,                                      !- Minute 1
  1;                                      !- Value Until Time 1

OS:Schedule:Rule,
  {7b9bf587-b145-4a39-8cac-21b64ff84cb6}, !- Handle
  hvac availability schedule allday rule, !- Name
  {d3474633-e50a-4778-abe3-bc62fd2742b7}, !- Schedule Ruleset Name
  0,                                      !- Rule Order
  {938b6774-2944-4fdc-9fa4-ccc7b291e774}, !- Day Schedule Name
  Yes,                                    !- Apply Sunday
  Yes,                                    !- Apply Monday
  Yes,                                    !- Apply Tuesday
  Yes,                                    !- Apply Wednesday
  Yes,                                    !- Apply Thursday
  Yes,                                    !- Apply Friday
  Yes,                                    !- Apply Saturday
  DateRange,                              !- Date Specification Type
  11,                                     !- Start Month
  7,                                      !- Start Day
  11,                                     !- End Month
  13;                                     !- End Day

OS:Schedule:Day,
  {938b6774-2944-4fdc-9fa4-ccc7b291e774}, !- Handle
  hvac availability schedule day,         !- Name
  {fd0f29c5-b6eb-4e65-af50-49ef9d6d1d36}, !- Schedule Type Limits Name
  ,                                       !- Interpolate to Timestep
  24,                                     !- Hour 1
  0,                                      !- Minute 1
  0;                                      !- Value Until Time 1

OS:EnergyManagementSystem:Sensor,
  {ac6dcd77-3264-4a99-b9dd-5c8c09bebe64}, !- Handle
  hvac_availability_schedule_s,           !- Name
  hvac availability schedule,             !- Output Variable or Output Meter Index Key Name
  Schedule Value;                         !- Output Variable or Output Meter Name

OS:AdditionalProperties,
  {417d6c05-7ab1-428e-b3ee-189f592a3fe0}, !- Handle
  {ac6dcd77-3264-4a99-b9dd-5c8c09bebe64}, !- Object Name
  ObjectType,                             !- Feature Name 1
  String,                                 !- Feature Data Type 1
  hvac availability sensor;               !- Feature Value 1

OS:Schedule:Ruleset,
  {90a3d0be-3efc-43c1-aa2c-c917a67228be}, !- Handle
  cooling season schedule,                !- Name
  {fd0f29c5-b6eb-4e65-af50-49ef9d6d1d36}, !- Schedule Type Limits Name
  {b6229b8e-9b81-4a12-bdcd-e098bcc96cdb}; !- Default Day Schedule Name

OS:Schedule:Day,
  {b6229b8e-9b81-4a12-bdcd-e098bcc96cdb}, !- Handle
  cooling season schedule default day,    !- Name
  {fd0f29c5-b6eb-4e65-af50-49ef9d6d1d36}, !- Schedule Type Limits Name
  ,                                       !- Interpolate to Timestep
  24,                                     !- Hour 1
  0,                                      !- Minute 1
  0;                                      !- Value Until Time 1

OS:Schedule:Rule,
  {4cecbdeb-2050-49c8-9cd7-3a43f0f59d4a}, !- Handle
  cooling season schedule allday rule,    !- Name
  {90a3d0be-3efc-43c1-aa2c-c917a67228be}, !- Schedule Ruleset Name
  2,                                      !- Rule Order
  {bb4ae740-bc13-463d-b094-fda23dd83a3c}, !- Day Schedule Name
  Yes,                                    !- Apply Sunday
  Yes,                                    !- Apply Monday
  Yes,                                    !- Apply Tuesday
  Yes,                                    !- Apply Wednesday
  Yes,                                    !- Apply Thursday
  Yes,                                    !- Apply Friday
  Yes,                                    !- Apply Saturday
  DateRange,                              !- Date Specification Type
  1,                                      !- Start Month
  1,                                      !- Start Day
  3,                                      !- End Month
  31;                                     !- End Day

OS:Schedule:Day,
  {bb4ae740-bc13-463d-b094-fda23dd83a3c}, !- Handle
  cooling season schedule day,            !- Name
  {fd0f29c5-b6eb-4e65-af50-49ef9d6d1d36}, !- Schedule Type Limits Name
  ,                                       !- Interpolate to Timestep
  24,                                     !- Hour 1
  0,                                      !- Minute 1
  0;                                      !- Value Until Time 1

OS:Schedule:Rule,
  {b9fd3420-163d-433e-bd03-22c1ae45a1c0}, !- Handle
  cooling season schedule allday rule 1,  !- Name
  {90a3d0be-3efc-43c1-aa2c-c917a67228be}, !- Schedule Ruleset Name
  1,                                      !- Rule Order
  {6e13f2f4-f18f-43f1-a7b0-8744483423d7}, !- Day Schedule Name
  Yes,                                    !- Apply Sunday
  Yes,                                    !- Apply Monday
  Yes,                                    !- Apply Tuesday
  Yes,                                    !- Apply Wednesday
  Yes,                                    !- Apply Thursday
  Yes,                                    !- Apply Friday
  Yes,                                    !- Apply Saturday
  DateRange,                              !- Date Specification Type
  4,                                      !- Start Month
  1,                                      !- Start Day
  10,                                     !- End Month
  31;                                     !- End Day

OS:Schedule:Day,
  {6e13f2f4-f18f-43f1-a7b0-8744483423d7}, !- Handle
  cooling season schedule day 1,          !- Name
  {fd0f29c5-b6eb-4e65-af50-49ef9d6d1d36}, !- Schedule Type Limits Name
  ,                                       !- Interpolate to Timestep
  24,                                     !- Hour 1
  0,                                      !- Minute 1
  1;                                      !- Value Until Time 1

OS:Schedule:Rule,
  {40a3fb4a-4f20-44e1-b54c-c159fefbde7c}, !- Handle
  cooling season schedule allday rule 2,  !- Name
  {90a3d0be-3efc-43c1-aa2c-c917a67228be}, !- Schedule Ruleset Name
  0,                                      !- Rule Order
  {585bc09d-8496-4b9a-8c6f-e55be9c46b09}, !- Day Schedule Name
  Yes,                                    !- Apply Sunday
  Yes,                                    !- Apply Monday
  Yes,                                    !- Apply Tuesday
  Yes,                                    !- Apply Wednesday
  Yes,                                    !- Apply Thursday
  Yes,                                    !- Apply Friday
  Yes,                                    !- Apply Saturday
  DateRange,                              !- Date Specification Type
  11,                                     !- Start Month
  1,                                      !- Start Day
  12,                                     !- End Month
  31;                                     !- End Day

OS:Schedule:Day,
  {585bc09d-8496-4b9a-8c6f-e55be9c46b09}, !- Handle
  cooling season schedule day 2,          !- Name
  {fd0f29c5-b6eb-4e65-af50-49ef9d6d1d36}, !- Schedule Type Limits Name
  ,                                       !- Interpolate to Timestep
  24,                                     !- Hour 1
  0,                                      !- Minute 1
  0;                                      !- Value Until Time 1

OS:EnergyManagementSystem:Sensor,
  {880de3ef-ecf1-4229-9265-f153a510c08e}, !- Handle
  cool_season,                            !- Name
  cooling season schedule,                !- Output Variable or Output Meter Index Key Name
  Schedule Value;                         !- Output Variable or Output Meter Name

OS:EnergyManagementSystem:GlobalVariable,
  {1d874c30-aa0d-4478-90d5-e17ea1fbe562}, !- Handle
  central_ac_and_furnace_airloop_Fan_RTF; !- Name

OS:EnergyManagementSystem:InternalVariable,
  {d009a1dc-525b-4e34-8211-37c4c16c15e2}, !- Handle
  central_ac_and_furnace_airloop_max_sup_fan_mfr, !- Name
  central ac and furnace supply fan,      !- Internal Data Index Key Name
  Fan Maximum Mass Flow Rate;             !- Internal Data Type

OS:EnergyManagementSystem:Sensor,
  {833099e5-e0a2-4269-a557-504015c57caf}, !- Handle
  central_ac_and_furnace_airloop_Fan_RTF_s, !- Name
  central ac and furnace supply fan,      !- Output Variable or Output Meter Index Key Name
  Fan Runtime Fraction Speed 1;           !- Output Variable or Output Meter Name

OS:EnergyManagementSystem:Sensor,
  {5d51becb-44de-4307-9ee9-c7e7a25408b6}, !- Handle
  central_ac_and_furnace_airloop_Fan_RTF_s_1, !- Name
  central ac and furnace supply fan,      !- Output Variable or Output Meter Index Key Name
  Fan Runtime Fraction Speed 2;           !- Output Variable or Output Meter Name

OS:Schedule:Ruleset,
  {290b6281-5844-4697-b079-ead13c4ae1e4}, !- Handle
  natural vent schedule,                  !- Name
  {7c13f960-8352-4b1e-8bd2-7c89459747e9}, !- Schedule Type Limits Name
  {287a030b-3027-40aa-bec9-38d967feeb3c}; !- Default Day Schedule Name

OS:Schedule:Day,
  {287a030b-3027-40aa-bec9-38d967feeb3c}, !- Handle
  natural vent schedule default day,      !- Name
  {7c13f960-8352-4b1e-8bd2-7c89459747e9}, !- Schedule Type Limits Name
  ,                                       !- Interpolate to Timestep
  24,                                     !- Hour 1
  0,                                      !- Minute 1
  0;                                      !- Value Until Time 1

OS:Schedule:Rule,
  {2c8f159a-6314-4a9d-a7c2-1ef35e1cc28a}, !- Handle
  natural vent schedule rule,             !- Name
  {290b6281-5844-4697-b079-ead13c4ae1e4}, !- Schedule Ruleset Name
  0,                                      !- Rule Order
  {217bcba4-1abc-4a79-8aa8-8487fb3298e8}, !- Day Schedule Name
  No,                                     !- Apply Sunday
  Yes,                                    !- Apply Monday
  No,                                     !- Apply Tuesday
  Yes,                                    !- Apply Wednesday
  No,                                     !- Apply Thursday
  Yes,                                    !- Apply Friday
  No,                                     !- Apply Saturday
  DateRange,                              !- Date Specification Type
  1,                                      !- Start Month
  1,                                      !- Start Day
  12,                                     !- End Month
  31;                                     !- End Day

OS:Schedule:Day,
  {217bcba4-1abc-4a79-8aa8-8487fb3298e8}, !- Handle
  natural vent schedule day,              !- Name
  {7c13f960-8352-4b1e-8bd2-7c89459747e9}, !- Schedule Type Limits Name
  ,                                       !- Interpolate to Timestep
  24,                                     !- Hour 1
  0,                                      !- Minute 1
  1;                                      !- Value Until Time 1

OS:EnergyManagementSystem:Sensor,
  {121ff293-3c99-4ceb-8ba7-f676d42fcd6d}, !- Handle
  natural_vent_s,                         !- Name
  natural vent schedule,                  !- Output Variable or Output Meter Index Key Name
  Schedule Value;                         !- Output Variable or Output Meter Name

OS:EnergyManagementSystem:Sensor,
  {ce508f1f-996b-4b38-8149-55534dd7957f}, !- Handle
  htg_sp_s,                               !- Name
  heating setpoint,                       !- Output Variable or Output Meter Index Key Name
  Schedule Value;                         !- Output Variable or Output Meter Name

OS:EnergyManagementSystem:Sensor,
  {de36a6cc-2401-4045-bfaf-15f6a8d5d612}, !- Handle
  clg_sp_s,                               !- Name
  cooling setpoint,                       !- Output Variable or Output Meter Index Key Name
  Schedule Value;                         !- Output Variable or Output Meter Name

OS:SpaceInfiltration:DesignFlowRate,
  {e0253306-ed37-4741-b960-e05f024b1837}, !- Handle
  natural vent flow,                      !- Name
  {271f44e5-19ec-4eb2-9528-658d31d09048}, !- Space or SpaceType Name
  {c6ba1f0c-4730-4247-a882-3699fa2678ff}, !- Schedule Name
  Flow/Space,                             !- Design Flow Rate Calculation Method
  0,                                      !- Design Flow Rate {m3/s}
  ,                                       !- Flow per Space Floor Area {m3/s-m2}
  ,                                       !- Flow per Exterior Surface Area {m3/s-m2}
  ,                                       !- Air Changes per Hour {1/hr}
  ,                                       !- Constant Term Coefficient
  ,                                       !- Temperature Term Coefficient
  ,                                       !- Velocity Term Coefficient
  ;                                       !- Velocity Squared Term Coefficient

OS:AdditionalProperties,
  {d901fea5-805d-4114-96ea-be65a9e0e50c}, !- Handle
  {e0253306-ed37-4741-b960-e05f024b1837}, !- Object Name
  ObjectType,                             !- Feature Name 1
  String,                                 !- Feature Data Type 1
  natural vent;                           !- Feature Value 1

OS:EnergyManagementSystem:Actuator,
  {5c7ad8c1-dbfb-4478-9ff7-e0b1b7e025ac}, !- Handle
  natural_vent_flow_act,                  !- Name
  {e0253306-ed37-4741-b960-e05f024b1837}, !- Actuated Component Name
  Zone Infiltration,                      !- Actuated Component Type
  Air Exchange Flow Rate,                 !- Actuated Component Control Type
  ;                                       !- Zone or Space Name

OS:SpaceInfiltration:DesignFlowRate,
  {14d7eddb-c82d-4ba5-8114-528177950abf}, !- Handle
  whole house fan flow,                   !- Name
  {271f44e5-19ec-4eb2-9528-658d31d09048}, !- Space or SpaceType Name
  {c6ba1f0c-4730-4247-a882-3699fa2678ff}, !- Schedule Name
  Flow/Space,                             !- Design Flow Rate Calculation Method
  0,                                      !- Design Flow Rate {m3/s}
  ,                                       !- Flow per Space Floor Area {m3/s-m2}
  ,                                       !- Flow per Exterior Surface Area {m3/s-m2}
  ,                                       !- Air Changes per Hour {1/hr}
  ,                                       !- Constant Term Coefficient
  ,                                       !- Temperature Term Coefficient
  ,                                       !- Velocity Term Coefficient
  ;                                       !- Velocity Squared Term Coefficient

OS:AdditionalProperties,
  {9a2a93a5-4075-4673-bb31-a94675c362ac}, !- Handle
  {14d7eddb-c82d-4ba5-8114-528177950abf}, !- Object Name
  ObjectType,                             !- Feature Name 1
  String,                                 !- Feature Data Type 1
  whole house fan;                        !- Feature Value 1

OS:EnergyManagementSystem:Actuator,
  {af9e7f54-d4b9-4c0c-a2d1-6361e5e5e67a}, !- Handle
  whole_house_fan_flow_act,               !- Name
  {14d7eddb-c82d-4ba5-8114-528177950abf}, !- Actuated Component Name
  Zone Infiltration,                      !- Actuated Component Type
  Air Exchange Flow Rate,                 !- Actuated Component Control Type
  ;                                       !- Zone or Space Name

OS:ElectricEquipment:Definition,
  {bede739f-fc80-46b0-b2f9-8aff3c668b91}, !- Handle
  whole house fan,                        !- Name
  EquipmentLevel,                         !- Design Level Calculation Method
  0,                                      !- Design Level {W}
  ,                                       !- Watts per Space Floor Area {W/m2}
  ,                                       !- Watts per Person {W/person}
  0,                                      !- Fraction Latent
  0,                                      !- Fraction Radiant
  1;                                      !- Fraction Lost

OS:ElectricEquipment,
  {050988a1-e191-46ca-934e-336e7b933a47}, !- Handle
  whole house fan,                        !- Name
  {bede739f-fc80-46b0-b2f9-8aff3c668b91}, !- Electric Equipment Definition Name
  {271f44e5-19ec-4eb2-9528-658d31d09048}, !- Space or SpaceType Name
  {c6ba1f0c-4730-4247-a882-3699fa2678ff}, !- Schedule Name
  ,                                       !- Multiplier
  whole house fan;                        !- End-Use Subcategory

OS:EnergyManagementSystem:Actuator,
  {47275bc6-ba41-4f5b-8c9d-89da964f3c58}, !- Handle
  whole_house_fan_act,                    !- Name
  {050988a1-e191-46ca-934e-336e7b933a47}, !- Actuated Component Name
  ElectricEquipment,                      !- Actuated Component Type
  Electricity Rate,                       !- Actuated Component Control Type
  {271f44e5-19ec-4eb2-9528-658d31d09048}; !- Zone or Space Name

OS:EnergyManagementSystem:Program,
  {df976327-b674-4372-9a72-5456fab5d39c}, !- Handle
  natural_vent_program,                   !- Name
  Set Tin = tin_s,                        !- Program Line 1
  Set Tout = tout_s,                      !- Program Line 2
  Set Wout = out_wt_s,                    !- Program Line 3
  Set Pbar = out_pb_s,                    !- Program Line 4
  Set Phiout = (@RhFnTdbWPb Tout Wout Pbar), !- Program Line 5
  Set MaxHR = 0.0115,                     !- Program Line 6
  Set Tnvsp = (htg_sp_s + clg_sp_s) / 2,  !- Program Line 7
  Set NVavail = natural_vent_s,           !- Program Line 8
  Set ClgSsnAvail = cool_season,          !- Program Line 9
  Set Qnv = 0,                            !- Program Line 10
  Set Qwhf = 0,                           !- Program Line 11
  Set whole_house_fan_act = 0,            !- Program Line 12
  If ((Wout < MaxHR) && (Tin > Tout) && (Tin > Tnvsp) && (ClgSsnAvail > 0))|| ((Tin > Tout) && (Tin > Tnvsp) && (hvac_availability_schedule_s == 0)), !- Program Line 13
  Set WHF_Flow = 0,                       !- Program Line 14
  Set Adj = (Tin-Tnvsp)/(Tin-Tout),       !- Program Line 15
  Set Adj = (@Min Adj 1),                 !- Program Line 16
  Set Adj = (@Max Adj 0),                 !- Program Line 17
  If (WHF_Flow > 0),                      !- Program Line 18
  Set Qwhf = WHF_Flow*Adj,                !- Program Line 19
  Set WHF_W = 0,                          !- Program Line 20
  Set whole_house_fan_act = WHF_W*Adj,    !- Program Line 21
  ElseIf (NVavail > 0),                   !- Program Line 22
  Set NVArea = 5243.521900032001,         !- Program Line 23
  Set Cs = 8.968567957270247e-05,         !- Program Line 24
  Set Cw = 6.885098896527586e-05,         !- Program Line 25
  Set Tdiff = Tin-Tout,                   !- Program Line 26
  Set dT = (@Abs Tdiff),                  !- Program Line 27
  Set Vwind = site_vw_s,                  !- Program Line 28
  Set SGNV = NVArea*Adj*((((Cs*dT)+(Cw*(Vwind^2)))^0.5)/1000), !- Program Line 29
  Set MaxNV = 1.5454705606656003,         !- Program Line 30
  Set Qnv = (@Min SGNV MaxNV),            !- Program Line 31
  EndIf,                                  !- Program Line 32
  EndIf,                                  !- Program Line 33
  Set natural_vent_flow_act = Qnv,        !- Program Line 34
  Set whole_house_fan_flow_act = Qwhf,    !- Program Line 35
  Set natural_vent_program_Qnv = Qnv,     !- Program Line 36
  Set natural_vent_program_Qwhf = Qwhf;   !- Program Line 37

OS:AdditionalProperties,
  {017c9989-07ec-47d1-9fcc-9e10922f5e66}, !- Handle
  {df976327-b674-4372-9a72-5456fab5d39c}, !- Object Name
  ObjectType,                             !- Feature Name 1
  String,                                 !- Feature Data Type 1
  natural vent;                           !- Feature Value 1

OS:EnergyManagementSystem:ProgramCallingManager,
  {441ab7c5-b66e-4f1d-bae9-8f13801b9571}, !- Handle
  natural_vent_program_calling_manager,   !- Name
  BeginZoneTimestepAfterInitHeatBalance,  !- EnergyPlus Model Calling Point
  {df976327-b674-4372-9a72-5456fab5d39c}; !- Program Name 1

OS:EnergyManagementSystem:GlobalVariable,
  {38fea585-cd7f-41df-85dd-5a847a12692b}, !- Handle
  natural_vent_program_Qnv;               !- Name

OS:EnergyManagementSystem:GlobalVariable,
  {976fd2cb-7919-427e-af21-564c38aacc20}, !- Handle
  natural_vent_program_Qwhf;              !- Name

OS:AdditionalProperties,
  {38bd0266-7d46-4591-bb2e-3c37990986b3}, !- Handle
  {38fea585-cd7f-41df-85dd-5a847a12692b}, !- Object Name
  ObjectType,                             !- Feature Name 1
  String,                                 !- Feature Data Type 1
  natural vent;                           !- Feature Value 1

OS:AdditionalProperties,
  {6eb6f750-490a-4a7e-93e7-a1e4252ce240}, !- Handle
  {976fd2cb-7919-427e-af21-564c38aacc20}, !- Object Name
  ObjectType,                             !- Feature Name 1
  String,                                 !- Feature Data Type 1
  whole house fan;                        !- Feature Value 1

OS:Schedule:Constant,
  {51d52df6-f590-4d44-960e-24d378e3e2af}, !- Handle
  mech vent house fan schedule,           !- Name
  {fd0f29c5-b6eb-4e65-af50-49ef9d6d1d36}, !- Schedule Type Limits Name
  1;                                      !- Value

OS:ElectricEquipment:Definition,
  {dc1d5628-77ff-491d-93a7-bf07e702fa24}, !- Handle
  mech vent house fan,                    !- Name
  EquipmentLevel,                         !- Design Level Calculation Method
  0,                                      !- Design Level {W}
  ,                                       !- Watts per Space Floor Area {W/m2}
  ,                                       !- Watts per Person {W/person}
  0,                                      !- Fraction Latent
  0,                                      !- Fraction Radiant
  1;                                      !- Fraction Lost

OS:ElectricEquipment,
  {8c368808-9343-47ff-8601-77d866844c9b}, !- Handle
  mech vent house fan,                    !- Name
  {dc1d5628-77ff-491d-93a7-bf07e702fa24}, !- Electric Equipment Definition Name
  {271f44e5-19ec-4eb2-9528-658d31d09048}, !- Space or SpaceType Name
  {51d52df6-f590-4d44-960e-24d378e3e2af}, !- Schedule Name
  ,                                       !- Multiplier
  mech vent;                              !- End-Use Subcategory

OS:Schedule:Constant,
  {6fe39926-0526-488f-8577-f3eec025edee}, !- Handle
  mech vent house fan cfis schedule,      !- Name
  {fd0f29c5-b6eb-4e65-af50-49ef9d6d1d36}, !- Schedule Type Limits Name
  1;                                      !- Value

OS:ElectricEquipment:Definition,
  {984cd87e-bc74-49ea-b394-5c42343c22ff}, !- Handle
  mech vent house fan cfis,               !- Name
  EquipmentLevel,                         !- Design Level Calculation Method
  0,                                      !- Design Level {W}
  ,                                       !- Watts per Space Floor Area {W/m2}
  ,                                       !- Watts per Person {W/person}
  0,                                      !- Fraction Latent
  0,                                      !- Fraction Radiant
  0;                                      !- Fraction Lost

OS:ElectricEquipment,
  {7b84eb25-ee4f-406c-99c8-03dd0274ea5d}, !- Handle
  mech vent house fan cfis,               !- Name
  {984cd87e-bc74-49ea-b394-5c42343c22ff}, !- Electric Equipment Definition Name
  {271f44e5-19ec-4eb2-9528-658d31d09048}, !- Space or SpaceType Name
  {6fe39926-0526-488f-8577-f3eec025edee}, !- Schedule Name
  ,                                       !- Multiplier
  mech vent;                              !- End-Use Subcategory

OS:EnergyManagementSystem:Actuator,
  {479679e2-6098-43af-b783-fb866beb0949}, !- Handle
  mech_vent_house_fan_cfis_act,           !- Name
  {7b84eb25-ee4f-406c-99c8-03dd0274ea5d}, !- Actuated Component Name
  ElectricEquipment,                      !- Actuated Component Type
  Electricity Rate,                       !- Actuated Component Control Type
  {271f44e5-19ec-4eb2-9528-658d31d09048}; !- Zone or Space Name

OS:EnergyManagementSystem:Program,
  {903d85cb-87e7-4aab-8ff2-7413c443355f}, !- Handle
  infil_program,                          !- Name
  Set p_m = 0.14,                         !- Program Line 1
  Set p_s = 0.22,                         !- Program Line 2
  Set s_m = 270,                          !- Program Line 3
  Set s_s = 370,                          !- Program Line 4
  Set z_m = 9.99744,                      !- Program Line 5
  Set z_s = 3.048,                        !- Program Line 6
  Set f_t = (((s_m/z_m)^p_m)*((z_s/s_s)^p_s)), !- Program Line 7
  Set Tdiff = tin_s-tout_s,               !- Program Line 8
  Set dT = @Abs Tdiff,                    !- Program Line 9
  Set c = 0.0427,                         !- Program Line 10
  Set Cs = 0.0559,                        !- Program Line 11
  Set Cw = 0.1602,                        !- Program Line 12
  Set n = 0.65,                           !- Program Line 13
  Set sft = (f_t*0.5),                    !- Program Line 14
  Set temp1 = ((c*Cw)*((sft*site_vw_s)^(2*n)))^2, !- Program Line 15
  Set Qinf = (((c*Cs*(dT^n))^2)+temp1)^0.5, !- Program Line 16
  Set Qinf = (@Max Qinf 0),               !- Program Line 17
  Set mech_vent_house_fan_sensible_load_act = 0.0, !- Program Line 18
  Set mech_vent_house_fan_latent_load_act = 0.0, !- Program Line 19
  Set OASupInPb = out_pb_s,               !- Program Line 20
  Set OASupInTemp = tout_s,               !- Program Line 21
  Set OASupInW = out_wt_s,                !- Program Line 22
  Set OASupRho = (@RhoAirFnPbTdbW OASupInPb OASupInTemp OASupInW), !- Program Line 23
  Set OASupCp = (@CpAirFnW OASupInW),     !- Program Line 24
  Set OASupInEnth = (@HFnTdbW OASupInTemp OASupInW), !- Program Line 25
  Set ZoneTemp = tin_s,                   !- Program Line 26
  Set ZoneW = win_s,                      !- Program Line 27
  Set ZoneCp = (@CpAirFnW ZoneW),         !- Program Line 28
  Set ZoneAirEnth = (@HFnTdbW ZoneTemp ZoneW), !- Program Line 29
  Set mech_vent_house_fan_cfis_act = 0.0, !- Program Line 30
  Set QWHV_cfis_sup = 0.0,                !- Program Line 31
  Set QWHV_cfis_suppl_sup = 0.0,          !- Program Line 32
  Set QWHV_cfis_suppl_exh = 0.0,          !- Program Line 33
  Set Qrange = 0,                         !- Program Line 34
  Set Qrange = Qrange + 0.04719 * mech_vent_range_fan_0_sch_s, !- Program Line 35
  Set Qbath = 0,                          !- Program Line 36
  Set Qbath = Qbath + 0.04719 * mech_vent_bath_fan_0_sch_s, !- Program Line 37
  Set Qdryer = 0,                         !- Program Line 38
  Set Qdryer = Qdryer + 0.15117 * clothes_dryer_exhaust_0_sch_s, !- Program Line 39
  Set QWHV_sup = 0.0,                     !- Program Line 40
  Set QWHV_exh = 0.0,                     !- Program Line 41
  Set Qsupply = QWHV_sup + QWHV_cfis_sup + QWHV_cfis_suppl_sup, !- Program Line 42
  Set Qexhaust = Qrange + Qbath + Qdryer + QWHV_exh + QWHV_cfis_suppl_exh, !- Program Line 43
  Set Qfan = (@Max Qexhaust Qsupply),     !- Program Line 44
  Set Qducts = 0,                         !- Program Line 45
  If Qducts < 0,                          !- Program Line 46
  Set Qsupply = Qsupply - Qducts,         !- Program Line 47
  Else,                                   !- Program Line 48
  Set Qexhaust = Qexhaust + Qducts,       !- Program Line 49
  EndIf,                                  !- Program Line 50
  Set Qfan_with_ducts = (@Max Qexhaust Qsupply), !- Program Line 51
  Set Qimb = (@Abs (Qsupply - Qexhaust)), !- Program Line 52
  If Qinf + Qimb > 0,                     !- Program Line 53
  Set Qtot = Qfan_with_ducts + (Qinf^2) / (Qinf + Qimb), !- Program Line 54
  Else,                                   !- Program Line 55
  Set Qtot = Qfan_with_ducts,             !- Program Line 56
  EndIf,                                  !- Program Line 57
  Set Qinf_adj = Qtot - Qfan,             !- Program Line 58
  Set infil_flow_act = Qinf_adj,          !- Program Line 59
  Set infil_program_Qinf = Qinf_adj,      !- Program Line 60
  Set infil_program_Qfan = Qfan,          !- Program Line 61
  Set Qload = Qfan,                       !- Program Line 62
  Set Effectiveness_Sens = 0.0,           !- Program Line 63
  Set Effectiveness_Lat = 0.0,            !- Program Line 64
  Set Fan_MFR = Qload * OASupRho,         !- Program Line 65
  Set ZoneInEnth = OASupInEnth,           !- Program Line 66
  Set ZoneInTemp = OASupInTemp,           !- Program Line 67
  Set FanTotalToCond = Fan_MFR * (ZoneInEnth - ZoneAirEnth), !- Program Line 68
  Set FanSensToCond = Fan_MFR * ZoneCp * (ZoneInTemp - ZoneTemp), !- Program Line 69
  Set FanLatToCond = FanTotalToCond - FanSensToCond, !- Program Line 70
  Set mech_vent_house_fan_sensible_load_act = mech_vent_house_fan_sensible_load_act + FanSensToCond, !- Program Line 71
  Set mech_vent_house_fan_latent_load_act = mech_vent_house_fan_latent_load_act + FanLatToCond; !- Program Line 72

OS:AdditionalProperties,
  {7fc28492-c9e1-4fe7-b3ae-6e40e19440b2}, !- Handle
  {903d85cb-87e7-4aab-8ff2-7413c443355f}, !- Object Name
  ObjectType,                             !- Feature Name 1
  String,                                 !- Feature Data Type 1
  infil;                                  !- Feature Value 1

OS:OtherEquipment:Definition,
  {410bf3e2-a661-43c5-bb11-7faad36d1f29}, !- Handle
  mech vent house fan sensible load,      !- Name
  EquipmentLevel,                         !- Design Level Calculation Method
  0,                                      !- Design Level {W}
  ,                                       !- Watts per Space Floor Area {W/m2}
  ,                                       !- Watts per Person {W/Person}
  0,                                      !- Fraction Latent
  0,                                      !- Fraction Radiant
  0;                                      !- Fraction Lost

OS:OtherEquipment,
  {616b1d2d-8f91-42c5-b458-77e169bbde0e}, !- Handle
  mech vent house fan sensible load,      !- Name
  {410bf3e2-a661-43c5-bb11-7faad36d1f29}, !- Other Equipment Definition Name
  {271f44e5-19ec-4eb2-9528-658d31d09048}, !- Space or SpaceType Name
  {c6ba1f0c-4730-4247-a882-3699fa2678ff}, !- Schedule Name
  ,                                       !- Multiplier
  ,                                       !- Fuel Type
  mech vent house fan;                    !- End-Use Subcategory

OS:EnergyManagementSystem:Actuator,
  {e68d1918-ba88-4953-a11d-2d8112807f66}, !- Handle
  mech_vent_house_fan_sensible_load_act,  !- Name
  {616b1d2d-8f91-42c5-b458-77e169bbde0e}, !- Actuated Component Name
  OtherEquipment,                         !- Actuated Component Type
  Power Level,                            !- Actuated Component Control Type
  {271f44e5-19ec-4eb2-9528-658d31d09048}; !- Zone or Space Name

OS:OtherEquipment:Definition,
  {9001eb74-0ef0-458f-987f-e59145a53719}, !- Handle
  mech vent house fan latent load,        !- Name
  EquipmentLevel,                         !- Design Level Calculation Method
  0,                                      !- Design Level {W}
  ,                                       !- Watts per Space Floor Area {W/m2}
  ,                                       !- Watts per Person {W/Person}
  1,                                      !- Fraction Latent
  0,                                      !- Fraction Radiant
  0;                                      !- Fraction Lost

OS:OtherEquipment,
  {d78099ca-e3c7-40e8-b496-6762559c856d}, !- Handle
  mech vent house fan latent load,        !- Name
  {9001eb74-0ef0-458f-987f-e59145a53719}, !- Other Equipment Definition Name
  {271f44e5-19ec-4eb2-9528-658d31d09048}, !- Space or SpaceType Name
  {c6ba1f0c-4730-4247-a882-3699fa2678ff}, !- Schedule Name
  ,                                       !- Multiplier
  ,                                       !- Fuel Type
  mech vent house fan;                    !- End-Use Subcategory

OS:EnergyManagementSystem:Actuator,
  {35264e1c-2b3b-405d-b591-591101947209}, !- Handle
  mech_vent_house_fan_latent_load_act,    !- Name
  {d78099ca-e3c7-40e8-b496-6762559c856d}, !- Actuated Component Name
  OtherEquipment,                         !- Actuated Component Type
  Power Level,                            !- Actuated Component Control Type
  {271f44e5-19ec-4eb2-9528-658d31d09048}; !- Zone or Space Name

OS:SpaceInfiltration:DesignFlowRate,
  {b97b6668-b478-4529-920f-51c5931903ce}, !- Handle
  infil flow,                             !- Name
  {271f44e5-19ec-4eb2-9528-658d31d09048}, !- Space or SpaceType Name
  {c6ba1f0c-4730-4247-a882-3699fa2678ff}, !- Schedule Name
  Flow/Space,                             !- Design Flow Rate Calculation Method
  0,                                      !- Design Flow Rate {m3/s}
  ,                                       !- Flow per Space Floor Area {m3/s-m2}
  ,                                       !- Flow per Exterior Surface Area {m3/s-m2}
  ,                                       !- Air Changes per Hour {1/hr}
  ,                                       !- Constant Term Coefficient
  ,                                       !- Temperature Term Coefficient
  ,                                       !- Velocity Term Coefficient
  ;                                       !- Velocity Squared Term Coefficient

OS:EnergyManagementSystem:Actuator,
  {9d92222f-cb77-4630-ad09-f100fccf4397}, !- Handle
  infil_flow_act,                         !- Name
  {b97b6668-b478-4529-920f-51c5931903ce}, !- Actuated Component Name
  Zone Infiltration,                      !- Actuated Component Type
  Air Exchange Flow Rate,                 !- Actuated Component Control Type
  ;                                       !- Zone or Space Name

OS:AdditionalProperties,
  {779f2ad7-a30c-41fe-8128-e3b5b3b18b98}, !- Handle
  {b97b6668-b478-4529-920f-51c5931903ce}, !- Object Name
  ObjectType,                             !- Feature Name 1
  String,                                 !- Feature Data Type 1
  infil;                                  !- Feature Value 1

OS:Schedule:Ruleset,
  {a1c7368d-4c87-466b-a07b-40160fa0aa12}, !- Handle
  mech vent range fan 0 schedule,         !- Name
  {fd0f29c5-b6eb-4e65-af50-49ef9d6d1d36}, !- Schedule Type Limits Name
  {786756a2-378a-40d5-8222-0f38456d8af8}; !- Default Day Schedule Name

OS:Schedule:Day,
  {786756a2-378a-40d5-8222-0f38456d8af8}, !- Handle
  mech vent range fan 0 schedule default day, !- Name
  {fd0f29c5-b6eb-4e65-af50-49ef9d6d1d36}, !- Schedule Type Limits Name
  ,                                       !- Interpolate to Timestep
  24,                                     !- Hour 1
  0,                                      !- Minute 1
  0;                                      !- Value Until Time 1

OS:Schedule:Rule,
  {a8181216-1abb-4b0e-972c-d000f38f182b}, !- Handle
  mech vent range fan 0 schedule allday rule, !- Name
  {a1c7368d-4c87-466b-a07b-40160fa0aa12}, !- Schedule Ruleset Name
  0,                                      !- Rule Order
  {a4adbc29-a219-4905-94a1-82c35459c75c}, !- Day Schedule Name
  Yes,                                    !- Apply Sunday
  Yes,                                    !- Apply Monday
  Yes,                                    !- Apply Tuesday
  Yes,                                    !- Apply Wednesday
  Yes,                                    !- Apply Thursday
  Yes,                                    !- Apply Friday
  Yes,                                    !- Apply Saturday
  DateRange,                              !- Date Specification Type
  1,                                      !- Start Month
  1,                                      !- Start Day
  12,                                     !- End Month
  31;                                     !- End Day

OS:Schedule:Day,
  {a4adbc29-a219-4905-94a1-82c35459c75c}, !- Handle
  mech vent range fan 0 schedule day,     !- Name
  {fd0f29c5-b6eb-4e65-af50-49ef9d6d1d36}, !- Schedule Type Limits Name
  ,                                       !- Interpolate to Timestep
  18,                                     !- Hour 1
  0,                                      !- Minute 1
  0,                                      !- Value Until Time 1
  19,                                     !- Hour 2
  0,                                      !- Minute 2
  1,                                      !- Value Until Time 2
  24,                                     !- Hour 3
  0,                                      !- Minute 3
  0;                                      !- Value Until Time 3

OS:EnergyManagementSystem:Sensor,
  {d37e527d-2c76-4fbe-b579-75005f22fd0d}, !- Handle
  mech_vent_range_fan_0_sch_s,            !- Name
  mech vent range fan 0 schedule,         !- Output Variable or Output Meter Index Key Name
  Schedule Value;                         !- Output Variable or Output Meter Name

OS:ElectricEquipment:Definition,
  {7dc922db-4a26-4821-b289-a2fae536b0d5}, !- Handle
  mech vent range fan 0,                  !- Name
  EquipmentLevel,                         !- Design Level Calculation Method
  30,                                     !- Design Level {W}
  ,                                       !- Watts per Space Floor Area {W/m2}
  ,                                       !- Watts per Person {W/person}
  0,                                      !- Fraction Latent
  0,                                      !- Fraction Radiant
  1;                                      !- Fraction Lost

OS:ElectricEquipment,
  {4836c742-e47f-4645-87a3-73eb4c10d99b}, !- Handle
  mech vent range fan 0,                  !- Name
  {7dc922db-4a26-4821-b289-a2fae536b0d5}, !- Electric Equipment Definition Name
  {271f44e5-19ec-4eb2-9528-658d31d09048}, !- Space or SpaceType Name
  {a1c7368d-4c87-466b-a07b-40160fa0aa12}, !- Schedule Name
  ,                                       !- Multiplier
  mech vent;                              !- End-Use Subcategory

OS:Schedule:Ruleset,
  {4f960a3a-1604-475d-b574-ea23a3ba49b9}, !- Handle
  mech vent bath fan 0 schedule,          !- Name
  {fd0f29c5-b6eb-4e65-af50-49ef9d6d1d36}, !- Schedule Type Limits Name
  {74ab2ff9-952f-46f3-af84-2c7c4bd42beb}; !- Default Day Schedule Name

OS:Schedule:Day,
  {74ab2ff9-952f-46f3-af84-2c7c4bd42beb}, !- Handle
  mech vent bath fan 0 schedule default day, !- Name
  {fd0f29c5-b6eb-4e65-af50-49ef9d6d1d36}, !- Schedule Type Limits Name
  ,                                       !- Interpolate to Timestep
  24,                                     !- Hour 1
  0,                                      !- Minute 1
  0;                                      !- Value Until Time 1

OS:Schedule:Rule,
  {73468d18-48d3-4723-9ad9-c14159149f26}, !- Handle
  mech vent bath fan 0 schedule allday rule, !- Name
  {4f960a3a-1604-475d-b574-ea23a3ba49b9}, !- Schedule Ruleset Name
  0,                                      !- Rule Order
  {988d7a43-208f-4c3c-a087-c739f226ed5f}, !- Day Schedule Name
  Yes,                                    !- Apply Sunday
  Yes,                                    !- Apply Monday
  Yes,                                    !- Apply Tuesday
  Yes,                                    !- Apply Wednesday
  Yes,                                    !- Apply Thursday
  Yes,                                    !- Apply Friday
  Yes,                                    !- Apply Saturday
  DateRange,                              !- Date Specification Type
  1,                                      !- Start Month
  1,                                      !- Start Day
  12,                                     !- End Month
  31;                                     !- End Day

OS:Schedule:Day,
  {988d7a43-208f-4c3c-a087-c739f226ed5f}, !- Handle
  mech vent bath fan 0 schedule day,      !- Name
  {fd0f29c5-b6eb-4e65-af50-49ef9d6d1d36}, !- Schedule Type Limits Name
  ,                                       !- Interpolate to Timestep
  1,                                      !- Hour 1
  0,                                      !- Minute 1
  1,                                      !- Value Until Time 1
  24,                                     !- Hour 2
  0,                                      !- Minute 2
  0;                                      !- Value Until Time 2

OS:EnergyManagementSystem:Sensor,
  {07a3b4d6-6c43-44dc-af57-d15b2b1d0940}, !- Handle
  mech_vent_bath_fan_0_sch_s,             !- Name
  mech vent bath fan 0 schedule,          !- Output Variable or Output Meter Index Key Name
  Schedule Value;                         !- Output Variable or Output Meter Name

OS:ElectricEquipment:Definition,
  {0971fd90-0c50-4861-89f6-7ce592cde2d1}, !- Handle
  mech vent bath fan 0,                   !- Name
  EquipmentLevel,                         !- Design Level Calculation Method
  30,                                     !- Design Level {W}
  ,                                       !- Watts per Space Floor Area {W/m2}
  ,                                       !- Watts per Person {W/person}
  0,                                      !- Fraction Latent
  0,                                      !- Fraction Radiant
  1;                                      !- Fraction Lost

OS:ElectricEquipment,
  {2f22ad3a-12b4-4e75-96bd-67ab9ee7fe55}, !- Handle
  mech vent bath fan 0,                   !- Name
  {0971fd90-0c50-4861-89f6-7ce592cde2d1}, !- Electric Equipment Definition Name
  {271f44e5-19ec-4eb2-9528-658d31d09048}, !- Space or SpaceType Name
  {4f960a3a-1604-475d-b574-ea23a3ba49b9}, !- Schedule Name
  ,                                       !- Multiplier
  mech vent;                              !- End-Use Subcategory

OS:EnergyManagementSystem:Sensor,
  {5522467a-fdcb-4b95-a7cd-5163bba1b8b3}, !- Handle
  clothes_dryer_exhaust_0_sch_s,          !- Name
  clothes_dryer,                          !- Output Variable or Output Meter Index Key Name
  Schedule Value;                         !- Output Variable or Output Meter Name

OS:EnergyManagementSystem:GlobalVariable,
  {add07406-f265-4065-8769-272a1d7de34f}, !- Handle
  infil_program_Qinf;                     !- Name

OS:EnergyManagementSystem:GlobalVariable,
  {c6f51cfe-31d4-4be0-a61e-38ec8f968baa}, !- Handle
  infil_program_Qfan;                     !- Name

OS:AdditionalProperties,
  {2de861ef-729f-4376-a57d-d13d11dd33e9}, !- Handle
  {add07406-f265-4065-8769-272a1d7de34f}, !- Object Name
  ObjectType,                             !- Feature Name 1
  String,                                 !- Feature Data Type 1
  infil;                                  !- Feature Value 1

OS:AdditionalProperties,
  {97c11739-7f4f-482a-8fa7-7110bca61e5e}, !- Handle
  {c6f51cfe-31d4-4be0-a61e-38ec8f968baa}, !- Object Name
  ObjectType,                             !- Feature Name 1
  String,                                 !- Feature Data Type 1
  mech vent;                              !- Feature Value 1

OS:EnergyManagementSystem:ProgramCallingManager,
  {b33e9e78-3386-4403-a842-9367e5c5f94a}, !- Handle
  infil_program_calling_manager,          !- Name
  BeginZoneTimestepAfterInitHeatBalance,  !- EnergyPlus Model Calling Point
  {903d85cb-87e7-4aab-8ff2-7413c443355f}; !- Program Name 1

OS:EnergyManagementSystem:Sensor,
  {11d0cd86-a894-4d2d-8b52-286860f5e69a}, !- Handle
  conditioned_space_htg_unmet_s,          !- Name
  conditioned space,                      !- Output Variable or Output Meter Index Key Name
  Zone Heating Setpoint Not Met Time;     !- Output Variable or Output Meter Name

OS:EnergyManagementSystem:Sensor,
  {e61a73eb-c045-4cb7-af40-1f52702bae7e}, !- Handle
  conditioned_space_clg_unmet_s,          !- Name
  conditioned space,                      !- Output Variable or Output Meter Index Key Name
  Zone Cooling Setpoint Not Met Time;     !- Output Variable or Output Meter Name

OS:AdditionalProperties,
  {edbdce5b-dd9a-46ed-9543-f90429561f44}, !- Handle
  {5522467a-fdcb-4b95-a7cd-5163bba1b8b3}; !- Object Name

OS:AdditionalProperties,
  {92dbd94a-4119-4d68-b8bc-4c5d5bfbbbf6}, !- Handle
  {07a3b4d6-6c43-44dc-af57-d15b2b1d0940}; !- Object Name

OS:AdditionalProperties,
  {352b124a-c7a8-4e93-9ca1-afa41929f5fe}, !- Handle
  {de36a6cc-2401-4045-bfaf-15f6a8d5d612}; !- Object Name

OS:AdditionalProperties,
  {3e9a4914-3ea6-4603-9504-9eb3dd518cd9}, !- Handle
  {121ff293-3c99-4ceb-8ba7-f676d42fcd6d}; !- Object Name

OS:AdditionalProperties,
  {3adc4a5f-5310-4920-adda-1351d9426ecd}, !- Handle
  {880de3ef-ecf1-4229-9265-f153a510c08e}; !- Object Name

OS:EnergyManagementSystem:Program,
  {5c60c597-e44f-462a-98b8-65d9b751fd58}, !- Handle
  unmet_hours_program,                    !- Name
  Set htg_unmet_hours = 0,                !- Program Line 1
  Set clg_unmet_hours = 0,                !- Program Line 2
  Set unit_htg_unmet_hours = 0,           !- Program Line 3
  If ((DayOfYear >= 1) && (DayOfYear <= 365)) && (hvac_availability_schedule_s == 1), !- Program Line 4
  Set unit_htg_unmet_hours = unit_htg_unmet_hours + conditioned_space_htg_unmet_s, !- Program Line 5
  If unit_htg_unmet_hours > htg_unmet_hours, !- Program Line 6
  Set htg_unmet_hours = unit_htg_unmet_hours, !- Program Line 7
  EndIf,                                  !- Program Line 8
  EndIf,                                  !- Program Line 9
  Set unit_clg_unmet_hours = 0,           !- Program Line 10
  If ((DayOfYear >= 1) && (DayOfYear <= 365)) && (hvac_availability_schedule_s == 1), !- Program Line 11
  Set unit_clg_unmet_hours = unit_clg_unmet_hours + conditioned_space_clg_unmet_s, !- Program Line 12
  If unit_clg_unmet_hours > clg_unmet_hours, !- Program Line 13
  Set clg_unmet_hours = unit_clg_unmet_hours, !- Program Line 14
  EndIf,                                  !- Program Line 15
  EndIf;                                  !- Program Line 16

OS:AdditionalProperties,
  {fe6165d5-dc8f-497d-88df-7ea14c3dcf06}, !- Handle
  {5c60c597-e44f-462a-98b8-65d9b751fd58}, !- Object Name
  ObjectType,                             !- Feature Name 1
  String,                                 !- Feature Data Type 1
  unmet hours program;                    !- Feature Value 1

OS:EnergyManagementSystem:ProgramCallingManager,
  {f65efd2f-9249-49a0-98f0-07877bfa0da8}, !- Handle
  unmet_hours_program_calling_manager,    !- Name
  EndOfZoneTimestepBeforeZoneReporting,   !- EnergyPlus Model Calling Point
  {5c60c597-e44f-462a-98b8-65d9b751fd58}; !- Program Name 1

OS:EnergyManagementSystem:Sensor,
  {ebe0e675-5a2e-4c3a-82b1-e7188e00351f}, !- Handle
  htg_load_cond,                          !- Name
  ,                                       !- Output Variable or Output Meter Index Key Name
  Heating:EnergyTransfer:Zone:CONDITIONED SPACE; !- Output Variable or Output Meter Name

OS:EnergyManagementSystem:Sensor,
  {0ca7a449-1360-4673-be18-74f6e0b1e58c}, !- Handle
  clg_load_cond,                          !- Name
  ,                                       !- Output Variable or Output Meter Index Key Name
  Cooling:EnergyTransfer:Zone:CONDITIONED SPACE; !- Output Variable or Output Meter Name

OS:EnergyManagementSystem:Program,
  {319f460e-2f2a-400c-9ae3-c6aeafed51a4}, !- Handle
  total_loads_program,                    !- Name
  Set loads_htg_tot = 0,                  !- Program Line 1
  Set loads_clg_tot = 0,                  !- Program Line 2
  If htg_load_cond > 0,                   !- Program Line 3
  Set loads_htg_tot = loads_htg_tot + (htg_load_cond - clg_load_cond) * 1.0, !- Program Line 4
  EndIf,                                  !- Program Line 5
  Set loads_htg_tot = (@Max loads_htg_tot 0), !- Program Line 6
  If clg_load_cond > 0,                   !- Program Line 7
  Set loads_clg_tot = loads_clg_tot + (clg_load_cond - htg_load_cond) * 1.0, !- Program Line 8
  EndIf,                                  !- Program Line 9
  Set loads_clg_tot = (@Max loads_clg_tot 0); !- Program Line 10

OS:AdditionalProperties,
  {157fac52-6255-4c04-a4d7-ee13002f710f}, !- Handle
  {319f460e-2f2a-400c-9ae3-c6aeafed51a4}, !- Object Name
  ObjectType,                             !- Feature Name 1
  String,                                 !- Feature Data Type 1
  total loads program;                    !- Feature Value 1

OS:EnergyManagementSystem:ProgramCallingManager,
  {86cb922b-02df-43cb-a83d-e7c41a775bd2}, !- Handle
  total_loads_program_calling_manager,    !- Name
  EndOfZoneTimestepAfterZoneReporting,    !- EnergyPlus Model Calling Point
  {319f460e-2f2a-400c-9ae3-c6aeafed51a4}; !- Program Name 1

OS:Output:Diagnostics,
  {6174b729-11c2-4d6d-b89c-f55d60679da1}, !- Handle
  DisplayAdvancedReportVariables;         !- Key 1

OS:EnergyManagementSystem:Program,
  {0b30a84e-6e7e-40c7-89c2-4fb1030235a4}, !- Handle
  component_loads_program,                !- Name
  Set loads_htg_walls = 0,                !- Program Line 1
  Set loads_htg_rim_joists = 0,           !- Program Line 2
  Set loads_htg_foundation_walls = 0,     !- Program Line 3
  Set loads_htg_floors = 0,               !- Program Line 4
  Set loads_htg_slabs = 0,                !- Program Line 5
  Set loads_htg_ceilings = 0,             !- Program Line 6
  Set loads_htg_roofs = 0,                !- Program Line 7
  Set loads_htg_windows_conduction = 0,   !- Program Line 8
  Set loads_htg_windows_solar = 0,        !- Program Line 9
  Set loads_htg_doors = 0,                !- Program Line 10
  Set loads_htg_skylights_conduction = 0, !- Program Line 11
  Set loads_htg_skylights_solar = 0,      !- Program Line 12
  Set loads_htg_internal_mass = 0,        !- Program Line 13
  Set loads_htg_intgains = 0,             !- Program Line 14
  Set loads_htg_lighting = 0,             !- Program Line 15
  Set loads_htg_infil = 0,                !- Program Line 16
  Set loads_htg_mechvent = 0,             !- Program Line 17
  Set loads_htg_natvent = 0,              !- Program Line 18
  Set loads_htg_whf = 0,                  !- Program Line 19
  Set loads_htg_ducts = 0,                !- Program Line 20
  Set loads_clg_walls = 0,                !- Program Line 21
  Set loads_clg_rim_joists = 0,           !- Program Line 22
  Set loads_clg_foundation_walls = 0,     !- Program Line 23
  Set loads_clg_floors = 0,               !- Program Line 24
  Set loads_clg_slabs = 0,                !- Program Line 25
  Set loads_clg_ceilings = 0,             !- Program Line 26
  Set loads_clg_roofs = 0,                !- Program Line 27
  Set loads_clg_windows_conduction = 0,   !- Program Line 28
  Set loads_clg_windows_solar = 0,        !- Program Line 29
  Set loads_clg_doors = 0,                !- Program Line 30
  Set loads_clg_skylights_conduction = 0, !- Program Line 31
  Set loads_clg_skylights_solar = 0,      !- Program Line 32
  Set loads_clg_internal_mass = 0,        !- Program Line 33
  Set loads_clg_intgains = 0,             !- Program Line 34
  Set loads_clg_lighting = 0,             !- Program Line 35
  Set loads_clg_infil = 0,                !- Program Line 36
  Set loads_clg_mechvent = 0,             !- Program Line 37
  Set loads_clg_natvent = 0,              !- Program Line 38
  Set loads_clg_whf = 0,                  !- Program Line 39
  Set loads_clg_ducts = 0,                !- Program Line 40
  Set hr_walls = 0,                       !- Program Line 41
  Set hr_walls = hr_walls + s_conv_2 + s_ig_2 + s_sol_2 + s_lgt_2 + s_surf_2, !- Program Line 42
  Set hr_walls = hr_walls + s_conv_3 + s_ig_3 + s_sol_3 + s_lgt_3 + s_surf_3, !- Program Line 43
  Set hr_walls = hr_walls + s_conv_4 + s_ig_4 + s_sol_4 + s_lgt_4 + s_surf_4, !- Program Line 44
  Set hr_walls = hr_walls + s_conv_5 + s_ig_5 + s_sol_5 + s_lgt_5 + s_surf_5, !- Program Line 45
  Set hr_rim_joists = 0,                  !- Program Line 46
  Set hr_foundation_walls = 0,            !- Program Line 47
  Set hr_floors = 0,                      !- Program Line 48
  Set hr_floors = hr_floors + s_conv + s_ig + s_sol + s_lgt + s_surf, !- Program Line 49
  Set hr_slabs = 0,                       !- Program Line 50
  Set hr_ceilings = 0,                    !- Program Line 51
  Set hr_roofs = 0,                       !- Program Line 52
  Set hr_roofs = hr_roofs + s_conv_1 + s_ig_1 + s_sol_1 + s_lgt_1 + s_surf_1, !- Program Line 53
  Set hr_windows_conduction = 0,          !- Program Line 54
  Set hr_windows_conduction = hr_windows_conduction + ss_conv_1, !- Program Line 55
  Set hr_windows_conduction = hr_windows_conduction + ss_ig_1, !- Program Line 56
  Set hr_windows_conduction = hr_windows_conduction + ss_surf_1, !- Program Line 57
  Set hr_windows_conduction = hr_windows_conduction + ss_conv_2, !- Program Line 58
  Set hr_windows_conduction = hr_windows_conduction + ss_ig_2, !- Program Line 59
  Set hr_windows_conduction = hr_windows_conduction + ss_surf_2, !- Program Line 60
  Set hr_windows_conduction = hr_windows_conduction + ss_conv_3, !- Program Line 61
  Set hr_windows_conduction = hr_windows_conduction + ss_ig_3, !- Program Line 62
  Set hr_windows_conduction = hr_windows_conduction + ss_surf_3, !- Program Line 63
  Set hr_windows_conduction = hr_windows_conduction + ss_conv_4, !- Program Line 64
  Set hr_windows_conduction = hr_windows_conduction + ss_ig_4, !- Program Line 65
  Set hr_windows_conduction = hr_windows_conduction + ss_surf_4, !- Program Line 66
  Set hr_windows_solar = 0,               !- Program Line 67
  Set hr_windows_solar = hr_windows_solar - ss_trans_in * ZoneTimestep * 3600 + ss_back_out * ZoneTimestep * 3600 + ss_trans_out * ZoneTimestep * 3600, !- Program Line 68
  Set hr_windows_solar = hr_windows_solar - ss_trans_in_1 * ZoneTimestep * 3600 + ss_back_out_1 * ZoneTimestep * 3600 + ss_trans_out_1 * ZoneTimestep * 3600, !- Program Line 69
  Set hr_windows_solar = hr_windows_solar - ss_trans_in_2 * ZoneTimestep * 3600 + ss_back_out_2 * ZoneTimestep * 3600 + ss_trans_out_2 * ZoneTimestep * 3600, !- Program Line 70
  Set hr_windows_solar = hr_windows_solar - ss_trans_in_3 * ZoneTimestep * 3600 + ss_back_out_3 * ZoneTimestep * 3600 + ss_trans_out_3 * ZoneTimestep * 3600, !- Program Line 71
  Set hr_doors = 0,                       !- Program Line 72
  Set hr_doors = hr_doors + ss_sol,       !- Program Line 73
  Set hr_doors = hr_doors + ss_lgt,       !- Program Line 74
  Set hr_doors = hr_doors + ss_conv,      !- Program Line 75
  Set hr_doors = hr_doors + ss_ig,        !- Program Line 76
  Set hr_doors = hr_doors + ss_surf,      !- Program Line 77
  Set hr_skylights_conduction = 0,        !- Program Line 78
  Set hr_skylights_solar = 0,             !- Program Line 79
  Set hr_internal_mass = 0,               !- Program Line 80
  Set hr_internal_mass = hr_internal_mass + im_conv + im_ig + im_sol + im_lgt + im_surf, !- Program Line 81
  Set hr_internal_mass = hr_internal_mass + im_conv_1 + im_ig_1 + im_sol_1 + im_lgt_1 + im_surf_1, !- Program Line 82
  Set hr_intgains = 0,                    !- Program Line 83
  Set hr_intgains = hr_intgains - ig_ee_conv - ig_ee_rad - ig_ee_conv_1 - ig_ee_rad_1 - ig_ee_conv_2 - ig_ee_rad_2 - ig_ee_conv_3 - ig_ee_rad_3 - ig_ee_conv_4 - ig_ee_rad_4 - ig_ee_conv_5 - ig_ee_rad_5 - ig_ee_conv_6 - ig_ee_rad_6 - ig_ee_conv_7 - ig_ee_rad_7 - ig_ee_conv_8 - ig_ee_rad_8 - ig_ee_conv_9 - ig_ee_rad_9 - ig_ee_conv_10 - ig_ee_rad_10 - ig_oe_conv - ig_oe_rad - ig_oe_conv_1 - ig_oe_rad_1 - ig_oe_conv_2 - ig_oe_rad_2 - ig_oe_conv_3 - ig_oe_rad_3 - ig_oe_conv_4 - ig_oe_rad_4 - ig_ppl_conv - ig_ppl_rad, !- Program Line 84
  Set hr_lighting = 0,                    !- Program Line 85
  Set hr_lighting = hr_lighting - ig_lgt_conv - ig_lgt_rad - ig_lgt_vis, !- Program Line 86
  Set hr_infil = 0,                       !- Program Line 87
  Set hr_infil = hr_infil - airflow_gain + airflow_loss, !- Program Line 88
  Set hr_natvent = 0,                     !- Program Line 89
  Set hr_natvent = hr_natvent - airflow_gain_1 + airflow_loss_1, !- Program Line 90
  Set hr_whf = 0,                         !- Program Line 91
  Set hr_whf = hr_whf - airflow_gain_2 + airflow_loss_2, !- Program Line 92
  Set hr_mechvent = 0,                    !- Program Line 93
  Set hr_mechvent = hr_mechvent - mv_conv - mv_rad - mv_conv_1 - mv_rad_1 - mv_conv_2 - mv_rad_2 - mv_conv_3 - mv_rad_3 - mv_conv_4 - mv_rad_4 - mv_conv_5 - mv_rad_5, !- Program Line 94
  Set hr_ducts = 0,                       !- Program Line 95
  Set hr_intgains = hr_intgains + dhw_loss * (1.0*(1-dhw_rtf) + 1.0*dhw_rtf), !- Program Line 96
  Set htg_mode = 0,                       !- Program Line 97
  Set clg_mode = 0,                       !- Program Line 98
  If (htg_load_cond > 0),                 !- Program Line 99
  Set htg_mode = 1.0,                     !- Program Line 100
  ElseIf (clg_load_cond > 0),             !- Program Line 101
  Set clg_mode = 1.0,                     !- Program Line 102
  Else,                                   !- Program Line 103
  Set htg_season = 0,                     !- Program Line 104
  Set clg_season = 0,                     !- Program Line 105
  If ((DayOfYear >= 1) && (DayOfYear <= 365)), !- Program Line 106
  Set clg_season = 1,                     !- Program Line 107
  EndIf,                                  !- Program Line 108
  If ((DayOfYear >= 1) && (DayOfYear <= 365)), !- Program Line 109
  Set htg_season = 1,                     !- Program Line 110
  EndIf,                                  !- Program Line 111
  If ((airflow_gain_1 <> 0) || (airflow_loss_1 <> 0)) && (clg_season == 1), !- Program Line 112
  Set clg_mode = 1.0,                     !- Program Line 113
  ElseIf ((airflow_gain_2 <> 0) || (airflow_loss_2 <> 0)) && (clg_season == 1), !- Program Line 114
  Set clg_mode = 1.0,                     !- Program Line 115
  Else,                                   !- Program Line 116
  Set Tmid_setpoint = (htg_sp_s_1 + clg_sp_s_1) / 2, !- Program Line 117
  If (tin_s_1 > Tmid_setpoint) && (clg_season == 1), !- Program Line 118
  Set clg_mode = 1.0,                     !- Program Line 119
  ElseIf (tin_s_1 < Tmid_setpoint) && (htg_season == 1), !- Program Line 120
  Set htg_mode = 1.0,                     !- Program Line 121
  EndIf,                                  !- Program Line 122
  EndIf,                                  !- Program Line 123
  EndIf,                                  !- Program Line 124
  Set loads_htg_walls = loads_htg_walls + (hr_walls * htg_mode * 1), !- Program Line 125
  Set loads_htg_rim_joists = loads_htg_rim_joists + (hr_rim_joists * htg_mode * 1), !- Program Line 126
  Set loads_htg_foundation_walls = loads_htg_foundation_walls + (hr_foundation_walls * htg_mode * 1), !- Program Line 127
  Set loads_htg_floors = loads_htg_floors + (hr_floors * htg_mode * 1), !- Program Line 128
  Set loads_htg_slabs = loads_htg_slabs + (hr_slabs * htg_mode * 1), !- Program Line 129
  Set loads_htg_ceilings = loads_htg_ceilings + (hr_ceilings * htg_mode * 1), !- Program Line 130
  Set loads_htg_roofs = loads_htg_roofs + (hr_roofs * htg_mode * 1), !- Program Line 131
  Set loads_htg_windows_conduction = loads_htg_windows_conduction + (hr_windows_conduction * htg_mode * 1), !- Program Line 132
  Set loads_htg_windows_solar = loads_htg_windows_solar + (hr_windows_solar * htg_mode * 1), !- Program Line 133
  Set loads_htg_doors = loads_htg_doors + (hr_doors * htg_mode * 1), !- Program Line 134
  Set loads_htg_skylights_conduction = loads_htg_skylights_conduction + (hr_skylights_conduction * htg_mode * 1), !- Program Line 135
  Set loads_htg_skylights_solar = loads_htg_skylights_solar + (hr_skylights_solar * htg_mode * 1), !- Program Line 136
  Set loads_htg_internal_mass = loads_htg_internal_mass + (hr_internal_mass * htg_mode * 1), !- Program Line 137
  Set loads_htg_intgains = loads_htg_intgains + (hr_intgains * htg_mode * 1), !- Program Line 138
  Set loads_htg_lighting = loads_htg_lighting + (hr_lighting * htg_mode * 1), !- Program Line 139
  Set loads_htg_infil = loads_htg_infil + (hr_infil * htg_mode * 1), !- Program Line 140
  Set loads_htg_mechvent = loads_htg_mechvent + (hr_mechvent * htg_mode * 1), !- Program Line 141
  Set loads_htg_natvent = loads_htg_natvent + (hr_natvent * htg_mode * 1), !- Program Line 142
  Set loads_htg_whf = loads_htg_whf + (hr_whf * htg_mode * 1), !- Program Line 143
  Set loads_htg_ducts = loads_htg_ducts + (hr_ducts * htg_mode * 1), !- Program Line 144
  Set loads_clg_walls = loads_clg_walls + (-hr_walls * clg_mode * 1), !- Program Line 145
  Set loads_clg_rim_joists = loads_clg_rim_joists + (-hr_rim_joists * clg_mode * 1), !- Program Line 146
  Set loads_clg_foundation_walls = loads_clg_foundation_walls + (-hr_foundation_walls * clg_mode * 1), !- Program Line 147
  Set loads_clg_floors = loads_clg_floors + (-hr_floors * clg_mode * 1), !- Program Line 148
  Set loads_clg_slabs = loads_clg_slabs + (-hr_slabs * clg_mode * 1), !- Program Line 149
  Set loads_clg_ceilings = loads_clg_ceilings + (-hr_ceilings * clg_mode * 1), !- Program Line 150
  Set loads_clg_roofs = loads_clg_roofs + (-hr_roofs * clg_mode * 1), !- Program Line 151
  Set loads_clg_windows_conduction = loads_clg_windows_conduction + (-hr_windows_conduction * clg_mode * 1), !- Program Line 152
  Set loads_clg_windows_solar = loads_clg_windows_solar + (-hr_windows_solar * clg_mode * 1), !- Program Line 153
  Set loads_clg_doors = loads_clg_doors + (-hr_doors * clg_mode * 1), !- Program Line 154
  Set loads_clg_skylights_conduction = loads_clg_skylights_conduction + (-hr_skylights_conduction * clg_mode * 1), !- Program Line 155
  Set loads_clg_skylights_solar = loads_clg_skylights_solar + (-hr_skylights_solar * clg_mode * 1), !- Program Line 156
  Set loads_clg_internal_mass = loads_clg_internal_mass + (-hr_internal_mass * clg_mode * 1), !- Program Line 157
  Set loads_clg_intgains = loads_clg_intgains + (-hr_intgains * clg_mode * 1), !- Program Line 158
  Set loads_clg_lighting = loads_clg_lighting + (-hr_lighting * clg_mode * 1), !- Program Line 159
  Set loads_clg_infil = loads_clg_infil + (-hr_infil * clg_mode * 1), !- Program Line 160
  Set loads_clg_mechvent = loads_clg_mechvent + (-hr_mechvent * clg_mode * 1), !- Program Line 161
  Set loads_clg_natvent = loads_clg_natvent + (-hr_natvent * clg_mode * 1), !- Program Line 162
  Set loads_clg_whf = loads_clg_whf + (-hr_whf * clg_mode * 1), !- Program Line 163
  Set loads_clg_ducts = loads_clg_ducts + (-hr_ducts * clg_mode * 1); !- Program Line 164

OS:AdditionalProperties,
  {b4086c39-4c0e-4d11-9bcb-80cd397026d7}, !- Handle
  {0b30a84e-6e7e-40c7-89c2-4fb1030235a4}, !- Object Name
  ObjectType,                             !- Feature Name 1
  String,                                 !- Feature Data Type 1
  component loads program;                !- Feature Value 1

OS:EnergyManagementSystem:Sensor,
  {d96c8572-70eb-493f-9aa1-73da3c2e4cc1}, !- Handle
  s_conv,                                 !- Name
  Floor1,                                 !- Output Variable or Output Meter Index Key Name
  Surface Inside Face Convection Heat Gain Energy; !- Output Variable or Output Meter Name

OS:EnergyManagementSystem:Sensor,
  {07d2a438-74e3-41f1-86bc-40b8d32978eb}, !- Handle
  s_ig,                                   !- Name
  Floor1,                                 !- Output Variable or Output Meter Index Key Name
  Surface Inside Face Internal Gains Radiation Heat Gain Energy; !- Output Variable or Output Meter Name

OS:EnergyManagementSystem:Sensor,
  {9d394111-0e81-4116-9044-0b91df2a2672}, !- Handle
  s_sol,                                  !- Name
  Floor1,                                 !- Output Variable or Output Meter Index Key Name
  Surface Inside Face Solar Radiation Heat Gain Energy; !- Output Variable or Output Meter Name

OS:EnergyManagementSystem:Sensor,
  {84344cd1-15cb-4c82-947e-bcd4cd8e37a1}, !- Handle
  s_lgt,                                  !- Name
  Floor1,                                 !- Output Variable or Output Meter Index Key Name
  Surface Inside Face Lights Radiation Heat Gain Energy; !- Output Variable or Output Meter Name

OS:EnergyManagementSystem:Sensor,
  {2231f168-663e-4be6-84c6-d70b8ef84cef}, !- Handle
  s_surf,                                 !- Name
  Floor1,                                 !- Output Variable or Output Meter Index Key Name
  Surface Inside Face Net Surface Thermal Radiation Heat Gain Energy; !- Output Variable or Output Meter Name

OS:EnergyManagementSystem:Sensor,
  {96fc2026-410c-4203-9ee8-5d967469d75b}, !- Handle
  s_conv_1,                               !- Name
  Roof1,                                  !- Output Variable or Output Meter Index Key Name
  Surface Inside Face Convection Heat Gain Energy; !- Output Variable or Output Meter Name

OS:EnergyManagementSystem:Sensor,
  {9d4f3408-d1fb-4997-a3ea-45391af294db}, !- Handle
  s_ig_1,                                 !- Name
  Roof1,                                  !- Output Variable or Output Meter Index Key Name
  Surface Inside Face Internal Gains Radiation Heat Gain Energy; !- Output Variable or Output Meter Name

OS:EnergyManagementSystem:Sensor,
  {b7d65d4a-8834-4285-9624-afe73e6c99d6}, !- Handle
  s_sol_1,                                !- Name
  Roof1,                                  !- Output Variable or Output Meter Index Key Name
  Surface Inside Face Solar Radiation Heat Gain Energy; !- Output Variable or Output Meter Name

OS:EnergyManagementSystem:Sensor,
  {6e036cb3-d14c-4743-9f52-779d16e723eb}, !- Handle
  s_lgt_1,                                !- Name
  Roof1,                                  !- Output Variable or Output Meter Index Key Name
  Surface Inside Face Lights Radiation Heat Gain Energy; !- Output Variable or Output Meter Name

OS:EnergyManagementSystem:Sensor,
  {05755bc6-d777-4ce9-8e0c-fac4a685f759}, !- Handle
  s_surf_1,                               !- Name
  Roof1,                                  !- Output Variable or Output Meter Index Key Name
  Surface Inside Face Net Surface Thermal Radiation Heat Gain Energy; !- Output Variable or Output Meter Name

OS:EnergyManagementSystem:Sensor,
  {55cb3c6a-c047-4ca7-9aec-3bb19432feaf}, !- Handle
  ss_sol,                                 !- Name
  Door1,                                  !- Output Variable or Output Meter Index Key Name
  Surface Inside Face Solar Radiation Heat Gain Energy; !- Output Variable or Output Meter Name

OS:EnergyManagementSystem:Sensor,
  {07a02468-9c42-4c39-ae48-1d63cca7aee8}, !- Handle
  ss_lgt,                                 !- Name
  Door1,                                  !- Output Variable or Output Meter Index Key Name
  Surface Inside Face Lights Radiation Heat Gain Energy; !- Output Variable or Output Meter Name

OS:EnergyManagementSystem:Sensor,
  {f2c388d9-067c-44d7-8cde-c78817475bf6}, !- Handle
  ss_conv,                                !- Name
  Door1,                                  !- Output Variable or Output Meter Index Key Name
  Surface Inside Face Convection Heat Gain Energy; !- Output Variable or Output Meter Name

OS:EnergyManagementSystem:Sensor,
  {383409eb-7586-4e8a-80fd-73772c86df88}, !- Handle
  ss_ig,                                  !- Name
  Door1,                                  !- Output Variable or Output Meter Index Key Name
  Surface Inside Face Internal Gains Radiation Heat Gain Energy; !- Output Variable or Output Meter Name

OS:EnergyManagementSystem:Sensor,
  {c29683c2-4dc8-4479-977e-19e0a90564b3}, !- Handle
  ss_surf,                                !- Name
  Door1,                                  !- Output Variable or Output Meter Index Key Name
  Surface Inside Face Net Surface Thermal Radiation Heat Gain Energy; !- Output Variable or Output Meter Name

OS:EnergyManagementSystem:Sensor,
  {f63139df-34a7-414a-8192-96e70d662493}, !- Handle
  ss_conv_1,                              !- Name
  Window1,                                !- Output Variable or Output Meter Index Key Name
  Surface Inside Face Convection Heat Gain Energy; !- Output Variable or Output Meter Name

OS:EnergyManagementSystem:Sensor,
  {fcf8126b-6363-4ab0-999e-3fa811f3ab78}, !- Handle
  ss_ig_1,                                !- Name
  Window1,                                !- Output Variable or Output Meter Index Key Name
  Surface Inside Face Internal Gains Radiation Heat Gain Energy; !- Output Variable or Output Meter Name

OS:EnergyManagementSystem:Sensor,
  {756209fc-3583-480c-8583-7badceab70de}, !- Handle
  ss_surf_1,                              !- Name
  Window1,                                !- Output Variable or Output Meter Index Key Name
  Surface Inside Face Net Surface Thermal Radiation Heat Gain Energy; !- Output Variable or Output Meter Name

OS:EnergyManagementSystem:Sensor,
  {d4bd3ba3-f38b-4ea6-9594-63c606745525}, !- Handle
  ss_trans_in,                            !- Name
  Window1,                                !- Output Variable or Output Meter Index Key Name
  Surface Window Transmitted Solar Radiation Rate; !- Output Variable or Output Meter Name

OS:EnergyManagementSystem:Sensor,
  {9bb00a8e-58d8-4bda-8147-a1d1dd7d68ee}, !- Handle
  ss_back_out,                            !- Name
  Window1,                                !- Output Variable or Output Meter Index Key Name
  Surface Window Shortwave from Zone Back Out Window Heat Transfer Rate; !- Output Variable or Output Meter Name

OS:EnergyManagementSystem:Sensor,
  {0beacabc-f743-4325-a1d2-eb32c3eec535}, !- Handle
  ss_trans_out,                           !- Name
  Window1,                                !- Output Variable or Output Meter Index Key Name
  Surface Inside Face Initial Transmitted Diffuse Transmitted Out Window Solar Radiation Rate; !- Output Variable or Output Meter Name

OS:EnergyManagementSystem:Sensor,
  {eab5d8b1-f49a-4c36-a7e0-c21055dcef15}, !- Handle
  ss_conv_2,                              !- Name
  Window2,                                !- Output Variable or Output Meter Index Key Name
  Surface Inside Face Convection Heat Gain Energy; !- Output Variable or Output Meter Name

OS:EnergyManagementSystem:Sensor,
  {83bbfe99-11f6-4c03-a7f9-9024d1c2c875}, !- Handle
  ss_ig_2,                                !- Name
  Window2,                                !- Output Variable or Output Meter Index Key Name
  Surface Inside Face Internal Gains Radiation Heat Gain Energy; !- Output Variable or Output Meter Name

OS:EnergyManagementSystem:Sensor,
  {fcfa55d9-057c-4de8-9125-09b8a9538e6c}, !- Handle
  ss_surf_2,                              !- Name
  Window2,                                !- Output Variable or Output Meter Index Key Name
  Surface Inside Face Net Surface Thermal Radiation Heat Gain Energy; !- Output Variable or Output Meter Name

OS:EnergyManagementSystem:Sensor,
  {95db7b2a-dde5-4dd2-8745-e2eee2525a0a}, !- Handle
  ss_trans_in_1,                          !- Name
  Window2,                                !- Output Variable or Output Meter Index Key Name
  Surface Window Transmitted Solar Radiation Rate; !- Output Variable or Output Meter Name

OS:EnergyManagementSystem:Sensor,
  {d3c2038e-2190-4640-ba83-195391e9dd3f}, !- Handle
  ss_back_out_1,                          !- Name
  Window2,                                !- Output Variable or Output Meter Index Key Name
  Surface Window Shortwave from Zone Back Out Window Heat Transfer Rate; !- Output Variable or Output Meter Name

OS:EnergyManagementSystem:Sensor,
  {aa08e10f-4128-4159-8ed6-46fc773032d3}, !- Handle
  ss_trans_out_1,                         !- Name
  Window2,                                !- Output Variable or Output Meter Index Key Name
  Surface Inside Face Initial Transmitted Diffuse Transmitted Out Window Solar Radiation Rate; !- Output Variable or Output Meter Name

OS:EnergyManagementSystem:Sensor,
  {8fc3e232-d2d0-419c-b89e-f6823cc462f6}, !- Handle
  ss_conv_3,                              !- Name
  Window3,                                !- Output Variable or Output Meter Index Key Name
  Surface Inside Face Convection Heat Gain Energy; !- Output Variable or Output Meter Name

OS:EnergyManagementSystem:Sensor,
  {0689da48-a89b-4455-ba8a-95652bf167e0}, !- Handle
  ss_ig_3,                                !- Name
  Window3,                                !- Output Variable or Output Meter Index Key Name
  Surface Inside Face Internal Gains Radiation Heat Gain Energy; !- Output Variable or Output Meter Name

OS:EnergyManagementSystem:Sensor,
  {d8405fda-c8b8-426b-94e6-ba175b4aff3f}, !- Handle
  ss_surf_3,                              !- Name
  Window3,                                !- Output Variable or Output Meter Index Key Name
  Surface Inside Face Net Surface Thermal Radiation Heat Gain Energy; !- Output Variable or Output Meter Name

OS:EnergyManagementSystem:Sensor,
  {a4cd2df5-5a4e-42a3-b97f-b58884b6b7f8}, !- Handle
  ss_trans_in_2,                          !- Name
  Window3,                                !- Output Variable or Output Meter Index Key Name
  Surface Window Transmitted Solar Radiation Rate; !- Output Variable or Output Meter Name

OS:EnergyManagementSystem:Sensor,
  {408bdca5-5b70-4d3e-a140-223a12b27909}, !- Handle
  ss_back_out_2,                          !- Name
  Window3,                                !- Output Variable or Output Meter Index Key Name
  Surface Window Shortwave from Zone Back Out Window Heat Transfer Rate; !- Output Variable or Output Meter Name

OS:EnergyManagementSystem:Sensor,
  {f29e5bc7-4a10-4dc8-9ddf-d882476aa9c6}, !- Handle
  ss_trans_out_2,                         !- Name
  Window3,                                !- Output Variable or Output Meter Index Key Name
  Surface Inside Face Initial Transmitted Diffuse Transmitted Out Window Solar Radiation Rate; !- Output Variable or Output Meter Name

OS:EnergyManagementSystem:Sensor,
  {4a3bc40f-b7bd-4c40-9e7a-8014c4fa5adc}, !- Handle
  ss_conv_4,                              !- Name
  Window4,                                !- Output Variable or Output Meter Index Key Name
  Surface Inside Face Convection Heat Gain Energy; !- Output Variable or Output Meter Name

OS:EnergyManagementSystem:Sensor,
  {896ca7b6-dd7a-4143-b475-2a3aad331fd0}, !- Handle
  ss_ig_4,                                !- Name
  Window4,                                !- Output Variable or Output Meter Index Key Name
  Surface Inside Face Internal Gains Radiation Heat Gain Energy; !- Output Variable or Output Meter Name

OS:EnergyManagementSystem:Sensor,
  {228b8ee2-1dcd-4b77-9143-9c924034cf82}, !- Handle
  ss_surf_4,                              !- Name
  Window4,                                !- Output Variable or Output Meter Index Key Name
  Surface Inside Face Net Surface Thermal Radiation Heat Gain Energy; !- Output Variable or Output Meter Name

OS:EnergyManagementSystem:Sensor,
  {0e655cbd-41bf-48ee-bf64-f33cb9b0bdda}, !- Handle
  ss_trans_in_3,                          !- Name
  Window4,                                !- Output Variable or Output Meter Index Key Name
  Surface Window Transmitted Solar Radiation Rate; !- Output Variable or Output Meter Name

OS:EnergyManagementSystem:Sensor,
  {f94d82c1-7da4-4343-a846-17f7ed07b6b8}, !- Handle
  ss_back_out_3,                          !- Name
  Window4,                                !- Output Variable or Output Meter Index Key Name
  Surface Window Shortwave from Zone Back Out Window Heat Transfer Rate; !- Output Variable or Output Meter Name

OS:EnergyManagementSystem:Sensor,
  {9f79fdbc-1437-4c89-9744-f9924dd472ef}, !- Handle
  ss_trans_out_3,                         !- Name
  Window4,                                !- Output Variable or Output Meter Index Key Name
  Surface Inside Face Initial Transmitted Diffuse Transmitted Out Window Solar Radiation Rate; !- Output Variable or Output Meter Name

OS:EnergyManagementSystem:Sensor,
  {653fb645-b7e3-492e-864e-ada53244f1a7}, !- Handle
  s_conv_2,                               !- Name
  Wall1,                                  !- Output Variable or Output Meter Index Key Name
  Surface Inside Face Convection Heat Gain Energy; !- Output Variable or Output Meter Name

OS:EnergyManagementSystem:Sensor,
  {50511943-4d88-4005-88e0-828078cae603}, !- Handle
  s_ig_2,                                 !- Name
  Wall1,                                  !- Output Variable or Output Meter Index Key Name
  Surface Inside Face Internal Gains Radiation Heat Gain Energy; !- Output Variable or Output Meter Name

OS:EnergyManagementSystem:Sensor,
  {ccbcc6e0-17d8-41ee-9303-6f942c3ab9a2}, !- Handle
  s_sol_2,                                !- Name
  Wall1,                                  !- Output Variable or Output Meter Index Key Name
  Surface Inside Face Solar Radiation Heat Gain Energy; !- Output Variable or Output Meter Name

OS:EnergyManagementSystem:Sensor,
  {0d4a3501-94e7-46e0-bffc-e4c4aa92880c}, !- Handle
  s_lgt_2,                                !- Name
  Wall1,                                  !- Output Variable or Output Meter Index Key Name
  Surface Inside Face Lights Radiation Heat Gain Energy; !- Output Variable or Output Meter Name

OS:EnergyManagementSystem:Sensor,
  {ac22d5a6-c7f3-4d99-9edf-f1904ec0c18a}, !- Handle
  s_surf_2,                               !- Name
  Wall1,                                  !- Output Variable or Output Meter Index Key Name
  Surface Inside Face Net Surface Thermal Radiation Heat Gain Energy; !- Output Variable or Output Meter Name

OS:EnergyManagementSystem:Sensor,
  {15c57cc6-c380-44a8-afb9-53733bb90bb5}, !- Handle
  s_conv_3,                               !- Name
  Wall2,                                  !- Output Variable or Output Meter Index Key Name
  Surface Inside Face Convection Heat Gain Energy; !- Output Variable or Output Meter Name

OS:EnergyManagementSystem:Sensor,
  {a5efe01c-7b0a-4f07-be13-1829d8a6dde9}, !- Handle
  s_ig_3,                                 !- Name
  Wall2,                                  !- Output Variable or Output Meter Index Key Name
  Surface Inside Face Internal Gains Radiation Heat Gain Energy; !- Output Variable or Output Meter Name

OS:EnergyManagementSystem:Sensor,
  {4af6687a-cbfe-455f-8bb7-8383772a522d}, !- Handle
  s_sol_3,                                !- Name
  Wall2,                                  !- Output Variable or Output Meter Index Key Name
  Surface Inside Face Solar Radiation Heat Gain Energy; !- Output Variable or Output Meter Name

OS:EnergyManagementSystem:Sensor,
  {861a242b-b207-4595-9429-f6ee520e2719}, !- Handle
  s_lgt_3,                                !- Name
  Wall2,                                  !- Output Variable or Output Meter Index Key Name
  Surface Inside Face Lights Radiation Heat Gain Energy; !- Output Variable or Output Meter Name

OS:EnergyManagementSystem:Sensor,
  {5e0b81ec-e749-434e-aa69-099439a46e4c}, !- Handle
  s_surf_3,                               !- Name
  Wall2,                                  !- Output Variable or Output Meter Index Key Name
  Surface Inside Face Net Surface Thermal Radiation Heat Gain Energy; !- Output Variable or Output Meter Name

OS:EnergyManagementSystem:Sensor,
  {ba3b0611-1aee-440a-8f71-b9eb152727f8}, !- Handle
  s_conv_4,                               !- Name
  Wall3,                                  !- Output Variable or Output Meter Index Key Name
  Surface Inside Face Convection Heat Gain Energy; !- Output Variable or Output Meter Name

OS:EnergyManagementSystem:Sensor,
  {ee3502b3-6a4d-4567-b566-f2c76db2370b}, !- Handle
  s_ig_4,                                 !- Name
  Wall3,                                  !- Output Variable or Output Meter Index Key Name
  Surface Inside Face Internal Gains Radiation Heat Gain Energy; !- Output Variable or Output Meter Name

OS:EnergyManagementSystem:Sensor,
  {1186ec20-d2ec-4bc9-8698-a5fa3bd0a143}, !- Handle
  s_sol_4,                                !- Name
  Wall3,                                  !- Output Variable or Output Meter Index Key Name
  Surface Inside Face Solar Radiation Heat Gain Energy; !- Output Variable or Output Meter Name

OS:EnergyManagementSystem:Sensor,
  {6ce92699-e897-46fe-a9d4-5e943f22394b}, !- Handle
  s_lgt_4,                                !- Name
  Wall3,                                  !- Output Variable or Output Meter Index Key Name
  Surface Inside Face Lights Radiation Heat Gain Energy; !- Output Variable or Output Meter Name

OS:EnergyManagementSystem:Sensor,
  {22a3e142-6972-4656-8dbc-d2d17409a5c4}, !- Handle
  s_surf_4,                               !- Name
  Wall3,                                  !- Output Variable or Output Meter Index Key Name
  Surface Inside Face Net Surface Thermal Radiation Heat Gain Energy; !- Output Variable or Output Meter Name

OS:EnergyManagementSystem:Sensor,
  {17268d88-3c43-4214-b8d8-6d0448c62bbb}, !- Handle
  s_conv_5,                               !- Name
  Wall4,                                  !- Output Variable or Output Meter Index Key Name
  Surface Inside Face Convection Heat Gain Energy; !- Output Variable or Output Meter Name

OS:EnergyManagementSystem:Sensor,
  {a34875ff-6c63-4a0e-b716-a274f7c9d94c}, !- Handle
  s_ig_5,                                 !- Name
  Wall4,                                  !- Output Variable or Output Meter Index Key Name
  Surface Inside Face Internal Gains Radiation Heat Gain Energy; !- Output Variable or Output Meter Name

OS:EnergyManagementSystem:Sensor,
  {340a2c6b-30bd-43eb-9f58-f0264b47c1c8}, !- Handle
  s_sol_5,                                !- Name
  Wall4,                                  !- Output Variable or Output Meter Index Key Name
  Surface Inside Face Solar Radiation Heat Gain Energy; !- Output Variable or Output Meter Name

OS:EnergyManagementSystem:Sensor,
  {07899a09-9a5c-4575-ae1e-abd5de714c16}, !- Handle
  s_lgt_5,                                !- Name
  Wall4,                                  !- Output Variable or Output Meter Index Key Name
  Surface Inside Face Lights Radiation Heat Gain Energy; !- Output Variable or Output Meter Name

OS:EnergyManagementSystem:Sensor,
  {e9883b84-ebf7-497b-ab94-407cd6de6332}, !- Handle
  s_surf_5,                               !- Name
  Wall4,                                  !- Output Variable or Output Meter Index Key Name
  Surface Inside Face Net Surface Thermal Radiation Heat Gain Energy; !- Output Variable or Output Meter Name

OS:EnergyManagementSystem:Sensor,
  {b08d501e-2578-4350-9549-f5baed8b0f23}, !- Handle
  im_conv,                                !- Name
  furniture mass conditioned space 1,     !- Output Variable or Output Meter Index Key Name
  Surface Inside Face Convection Heat Gain Energy; !- Output Variable or Output Meter Name

OS:EnergyManagementSystem:Sensor,
  {d93b740e-ce07-47a1-ab14-0007da328494}, !- Handle
  im_ig,                                  !- Name
  furniture mass conditioned space 1,     !- Output Variable or Output Meter Index Key Name
  Surface Inside Face Internal Gains Radiation Heat Gain Energy; !- Output Variable or Output Meter Name

OS:EnergyManagementSystem:Sensor,
  {56d83f1e-2f76-489d-8cd4-a617dcc09089}, !- Handle
  im_sol,                                 !- Name
  furniture mass conditioned space 1,     !- Output Variable or Output Meter Index Key Name
  Surface Inside Face Solar Radiation Heat Gain Energy; !- Output Variable or Output Meter Name

OS:EnergyManagementSystem:Sensor,
  {39a27eb6-ad02-4e4e-9ed0-4a6785fac104}, !- Handle
  im_lgt,                                 !- Name
  furniture mass conditioned space 1,     !- Output Variable or Output Meter Index Key Name
  Surface Inside Face Lights Radiation Heat Gain Energy; !- Output Variable or Output Meter Name

OS:EnergyManagementSystem:Sensor,
  {648ccfde-aacd-491d-bb5c-e3eb6bcaa55b}, !- Handle
  im_surf,                                !- Name
  furniture mass conditioned space 1,     !- Output Variable or Output Meter Index Key Name
  Surface Inside Face Net Surface Thermal Radiation Heat Gain Energy; !- Output Variable or Output Meter Name

OS:EnergyManagementSystem:Sensor,
  {63e2c2b7-6e41-4f44-a9a7-b259ca93e631}, !- Handle
  im_conv_1,                              !- Name
  partition wall mass,                    !- Output Variable or Output Meter Index Key Name
  Surface Inside Face Convection Heat Gain Energy; !- Output Variable or Output Meter Name

OS:EnergyManagementSystem:Sensor,
  {511de84d-86b5-4a6f-a16a-d1d7fa253bbd}, !- Handle
  im_ig_1,                                !- Name
  partition wall mass,                    !- Output Variable or Output Meter Index Key Name
  Surface Inside Face Internal Gains Radiation Heat Gain Energy; !- Output Variable or Output Meter Name

OS:EnergyManagementSystem:Sensor,
  {7d21cc24-9ba2-4c2b-b537-3ad84033612c}, !- Handle
  im_sol_1,                               !- Name
  partition wall mass,                    !- Output Variable or Output Meter Index Key Name
  Surface Inside Face Solar Radiation Heat Gain Energy; !- Output Variable or Output Meter Name

OS:EnergyManagementSystem:Sensor,
  {9318ba66-0c27-4ae5-aad0-83e29ebb895a}, !- Handle
  im_lgt_1,                               !- Name
  partition wall mass,                    !- Output Variable or Output Meter Index Key Name
  Surface Inside Face Lights Radiation Heat Gain Energy; !- Output Variable or Output Meter Name

OS:EnergyManagementSystem:Sensor,
  {f7c32e3a-6565-49f9-b4f7-db4ab9238b22}, !- Handle
  im_surf_1,                              !- Name
  partition wall mass,                    !- Output Variable or Output Meter Index Key Name
  Surface Inside Face Net Surface Thermal Radiation Heat Gain Energy; !- Output Variable or Output Meter Name

OS:EnergyManagementSystem:Sensor,
  {b340e69a-9d6b-4350-af8d-441f31d4bad2}, !- Handle
  airflow_gain,                           !- Name
  infil flow,                             !- Output Variable or Output Meter Index Key Name
  Infiltration Sensible Heat Gain Energy; !- Output Variable or Output Meter Name

OS:EnergyManagementSystem:Sensor,
  {af725258-abf1-46dc-a3f1-73b88521cffb}, !- Handle
  airflow_loss,                           !- Name
  infil flow,                             !- Output Variable or Output Meter Index Key Name
  Infiltration Sensible Heat Loss Energy; !- Output Variable or Output Meter Name

OS:EnergyManagementSystem:Sensor,
  {cc3552ae-d5a2-4e48-911c-3ec4307cc4b9}, !- Handle
  airflow_gain_1,                         !- Name
  natural vent flow,                      !- Output Variable or Output Meter Index Key Name
  Infiltration Sensible Heat Gain Energy; !- Output Variable or Output Meter Name

OS:EnergyManagementSystem:Sensor,
  {fecbec4e-424c-41fc-a2e2-c65eb2312f8f}, !- Handle
  airflow_loss_1,                         !- Name
  natural vent flow,                      !- Output Variable or Output Meter Index Key Name
  Infiltration Sensible Heat Loss Energy; !- Output Variable or Output Meter Name

OS:EnergyManagementSystem:Sensor,
  {8bdc4604-e7ad-4a78-91f1-95c18c5b14f2}, !- Handle
  airflow_gain_2,                         !- Name
  whole house fan flow,                   !- Output Variable or Output Meter Index Key Name
  Infiltration Sensible Heat Gain Energy; !- Output Variable or Output Meter Name

OS:EnergyManagementSystem:Sensor,
  {c7977477-e7d7-4214-9ce3-b1fbded3151b}, !- Handle
  airflow_loss_2,                         !- Name
  whole house fan flow,                   !- Output Variable or Output Meter Index Key Name
  Infiltration Sensible Heat Loss Energy; !- Output Variable or Output Meter Name

OS:EnergyManagementSystem:Sensor,
  {c893b3ae-cbe0-4d85-8985-2068dcc5cc49}, !- Handle
  mv_conv,                                !- Name
  mech vent bath fan 0,                   !- Output Variable or Output Meter Index Key Name
  Electric Equipment Convective Heating Energy; !- Output Variable or Output Meter Name

OS:EnergyManagementSystem:Sensor,
  {902cfa45-d1c6-432f-a62c-2dae215c541e}, !- Handle
  mv_rad,                                 !- Name
  mech vent bath fan 0,                   !- Output Variable or Output Meter Index Key Name
  Electric Equipment Radiant Heating Energy; !- Output Variable or Output Meter Name

OS:EnergyManagementSystem:Sensor,
  {ace84c79-becc-47cf-9a71-dea26503093f}, !- Handle
  mv_conv_1,                              !- Name
  mech vent house fan,                    !- Output Variable or Output Meter Index Key Name
  Electric Equipment Convective Heating Energy; !- Output Variable or Output Meter Name

OS:EnergyManagementSystem:Sensor,
  {f8c43cab-6cb1-4625-bd34-0826fc5ee024}, !- Handle
  mv_rad_1,                               !- Name
  mech vent house fan,                    !- Output Variable or Output Meter Index Key Name
  Electric Equipment Radiant Heating Energy; !- Output Variable or Output Meter Name

OS:EnergyManagementSystem:Sensor,
  {67b3ba67-4969-4530-828e-c1dd2b0a9586}, !- Handle
  mv_conv_2,                              !- Name
  mech vent house fan cfis,               !- Output Variable or Output Meter Index Key Name
  Electric Equipment Convective Heating Energy; !- Output Variable or Output Meter Name

OS:EnergyManagementSystem:Sensor,
  {a8c8ac50-c741-45e7-b9a9-be05f43298e2}, !- Handle
  mv_rad_2,                               !- Name
  mech vent house fan cfis,               !- Output Variable or Output Meter Index Key Name
  Electric Equipment Radiant Heating Energy; !- Output Variable or Output Meter Name

OS:EnergyManagementSystem:Sensor,
  {9692b2be-33b3-41fa-be81-904f5d115adf}, !- Handle
  mv_conv_3,                              !- Name
  mech vent range fan 0,                  !- Output Variable or Output Meter Index Key Name
  Electric Equipment Convective Heating Energy; !- Output Variable or Output Meter Name

OS:EnergyManagementSystem:Sensor,
  {917232ac-5e33-4431-b054-85ae6e5ca637}, !- Handle
  mv_rad_3,                               !- Name
  mech vent range fan 0,                  !- Output Variable or Output Meter Index Key Name
  Electric Equipment Radiant Heating Energy; !- Output Variable or Output Meter Name

OS:EnergyManagementSystem:Sensor,
  {66d31ae0-9834-4f0f-8e01-6a35da6c6fe3}, !- Handle
  mv_conv_4,                              !- Name
  mech vent house fan latent load,        !- Output Variable or Output Meter Index Key Name
  Other Equipment Convective Heating Energy; !- Output Variable or Output Meter Name

OS:EnergyManagementSystem:Sensor,
  {ed5f61be-0b57-4a54-a55a-6a752e27c41f}, !- Handle
  mv_rad_4,                               !- Name
  mech vent house fan latent load,        !- Output Variable or Output Meter Index Key Name
  Other Equipment Radiant Heating Energy; !- Output Variable or Output Meter Name

OS:EnergyManagementSystem:Sensor,
  {4b88811d-5cbc-4bae-9990-d1e018f6df7d}, !- Handle
  mv_conv_5,                              !- Name
  mech vent house fan sensible load,      !- Output Variable or Output Meter Index Key Name
  Other Equipment Convective Heating Energy; !- Output Variable or Output Meter Name

OS:EnergyManagementSystem:Sensor,
  {9bb52743-afbe-43e9-856b-4282cf708a2e}, !- Handle
  mv_rad_5,                               !- Name
  mech vent house fan sensible load,      !- Output Variable or Output Meter Index Key Name
  Other Equipment Radiant Heating Energy; !- Output Variable or Output Meter Name

OS:EnergyManagementSystem:Sensor,
  {c295b153-b3ad-458b-8c98-f145ac6c47df}, !- Handle
  ig_lgt_conv,                            !- Name
  interior lighting,                      !- Output Variable or Output Meter Index Key Name
  Lights Convective Heating Energy;       !- Output Variable or Output Meter Name

OS:EnergyManagementSystem:Sensor,
  {cb433f0b-8810-4a4e-9498-fd5ea7fdbb4d}, !- Handle
  ig_lgt_rad,                             !- Name
  interior lighting,                      !- Output Variable or Output Meter Index Key Name
  Lights Radiant Heating Energy;          !- Output Variable or Output Meter Name

OS:EnergyManagementSystem:Sensor,
  {059c5761-012d-447e-8180-d82556af12ff}, !- Handle
  ig_lgt_vis,                             !- Name
  interior lighting,                      !- Output Variable or Output Meter Index Key Name
  Lights Visible Radiation Heating Energy; !- Output Variable or Output Meter Name

OS:EnergyManagementSystem:Sensor,
  {bd1d7ae7-a502-481f-b402-7fd54da90cc1}, !- Handle
  ig_ee_conv,                             !- Name
  ceiling fan,                            !- Output Variable or Output Meter Index Key Name
  Electric Equipment Convective Heating Energy; !- Output Variable or Output Meter Name

OS:EnergyManagementSystem:Sensor,
  {cdce5451-e1d9-42f2-956d-2070219905ca}, !- Handle
  ig_ee_rad,                              !- Name
  ceiling fan,                            !- Output Variable or Output Meter Index Key Name
  Electric Equipment Radiant Heating Energy; !- Output Variable or Output Meter Name

OS:EnergyManagementSystem:Sensor,
  {92953eb7-d202-4238-b29f-d2b53375a6d5}, !- Handle
  ig_ee_conv_1,                           !- Name
  clothes dryer,                          !- Output Variable or Output Meter Index Key Name
  Electric Equipment Convective Heating Energy; !- Output Variable or Output Meter Name

OS:EnergyManagementSystem:Sensor,
  {6dc11d8e-1d6a-44ce-9d70-cd3d28182ccd}, !- Handle
  ig_ee_rad_1,                            !- Name
  clothes dryer,                          !- Output Variable or Output Meter Index Key Name
  Electric Equipment Radiant Heating Energy; !- Output Variable or Output Meter Name

OS:EnergyManagementSystem:Sensor,
  {fdaf5930-ccb6-4955-9a7d-5a916057ff05}, !- Handle
  ig_ee_conv_2,                           !- Name
  clothes washer,                         !- Output Variable or Output Meter Index Key Name
  Electric Equipment Convective Heating Energy; !- Output Variable or Output Meter Name

OS:EnergyManagementSystem:Sensor,
  {ca49fb7f-abef-4073-8b3b-6d63fd5bef7d}, !- Handle
  ig_ee_rad_2,                            !- Name
  clothes washer,                         !- Output Variable or Output Meter Index Key Name
  Electric Equipment Radiant Heating Energy; !- Output Variable or Output Meter Name

OS:EnergyManagementSystem:Sensor,
  {2690cec8-87e4-49e8-a169-0cb846f2b118}, !- Handle
  ig_ee_conv_3,                           !- Name
  cooking range,                          !- Output Variable or Output Meter Index Key Name
  Electric Equipment Convective Heating Energy; !- Output Variable or Output Meter Name

OS:EnergyManagementSystem:Sensor,
  {1f01d576-a661-454c-9ae0-ff3596026b55}, !- Handle
  ig_ee_rad_3,                            !- Name
  cooking range,                          !- Output Variable or Output Meter Index Key Name
  Electric Equipment Radiant Heating Energy; !- Output Variable or Output Meter Name

OS:EnergyManagementSystem:Sensor,
  {cdb68538-e3f2-40c9-b580-8bd5df6ddb15}, !- Handle
  ig_ee_conv_4,                           !- Name
  dishwasher,                             !- Output Variable or Output Meter Index Key Name
  Electric Equipment Convective Heating Energy; !- Output Variable or Output Meter Name

OS:EnergyManagementSystem:Sensor,
  {2f9a91d0-ddae-451c-9d4a-7fc0a9f9cb22}, !- Handle
  ig_ee_rad_4,                            !- Name
  dishwasher,                             !- Output Variable or Output Meter Index Key Name
  Electric Equipment Radiant Heating Energy; !- Output Variable or Output Meter Name

OS:EnergyManagementSystem:Sensor,
  {52bd091d-1c20-4f9a-92a5-c9718ebb40c1}, !- Handle
  ig_ee_conv_5,                           !- Name
  fridge,                                 !- Output Variable or Output Meter Index Key Name
  Electric Equipment Convective Heating Energy; !- Output Variable or Output Meter Name

OS:EnergyManagementSystem:Sensor,
  {b4f6c893-bd62-434f-9b4e-ec03e5d70dfc}, !- Handle
  ig_ee_rad_5,                            !- Name
  fridge,                                 !- Output Variable or Output Meter Index Key Name
  Electric Equipment Radiant Heating Energy; !- Output Variable or Output Meter Name

OS:EnergyManagementSystem:Sensor,
  {1576a41f-e4b5-4c7c-b7ee-63e0fd553941}, !- Handle
  ig_ee_conv_6,                           !- Name
  fridge 1,                               !- Output Variable or Output Meter Index Key Name
  Electric Equipment Convective Heating Energy; !- Output Variable or Output Meter Name

OS:EnergyManagementSystem:Sensor,
  {bb318abe-210d-4302-9aec-40752f4992e3}, !- Handle
  ig_ee_rad_6,                            !- Name
  fridge 1,                               !- Output Variable or Output Meter Index Key Name
  Electric Equipment Radiant Heating Energy; !- Output Variable or Output Meter Name

OS:EnergyManagementSystem:Sensor,
  {b2ceb2cf-feab-4f13-9ee9-8555ff4889bb}, !- Handle
  ig_ee_conv_7,                           !- Name
  misc plug loads,                        !- Output Variable or Output Meter Index Key Name
  Electric Equipment Convective Heating Energy; !- Output Variable or Output Meter Name

OS:EnergyManagementSystem:Sensor,
  {7cbe3d3a-69f6-42af-9a45-5fd4bf730a19}, !- Handle
  ig_ee_rad_7,                            !- Name
  misc plug loads,                        !- Output Variable or Output Meter Index Key Name
  Electric Equipment Radiant Heating Energy; !- Output Variable or Output Meter Name

OS:EnergyManagementSystem:Sensor,
  {6f8f51ca-adea-4d74-8735-18739d288078}, !- Handle
  ig_ee_conv_8,                           !- Name
  misc tv,                                !- Output Variable or Output Meter Index Key Name
  Electric Equipment Convective Heating Energy; !- Output Variable or Output Meter Name

OS:EnergyManagementSystem:Sensor,
  {0fe4451b-65c5-4748-8576-5fb00959c279}, !- Handle
  ig_ee_rad_8,                            !- Name
  misc tv,                                !- Output Variable or Output Meter Index Key Name
  Electric Equipment Radiant Heating Energy; !- Output Variable or Output Meter Name

OS:EnergyManagementSystem:Sensor,
  {1cb699ec-a7a3-4fd9-9c98-55ea808dfceb}, !- Handle
  ig_ee_conv_9,                           !- Name
  misc well pump,                         !- Output Variable or Output Meter Index Key Name
  Electric Equipment Convective Heating Energy; !- Output Variable or Output Meter Name

OS:EnergyManagementSystem:Sensor,
  {f393969f-a824-4f38-a5eb-09f38f5616d5}, !- Handle
  ig_ee_rad_9,                            !- Name
  misc well pump,                         !- Output Variable or Output Meter Index Key Name
  Electric Equipment Radiant Heating Energy; !- Output Variable or Output Meter Name

OS:EnergyManagementSystem:Sensor,
  {d9b83c10-9263-4a1f-a4d3-e6b819677b78}, !- Handle
  ig_ee_conv_10,                          !- Name
  whole house fan,                        !- Output Variable or Output Meter Index Key Name
  Electric Equipment Convective Heating Energy; !- Output Variable or Output Meter Name

OS:EnergyManagementSystem:Sensor,
  {dd912ce4-641a-4a04-b0b9-c99ef91a969e}, !- Handle
  ig_ee_rad_10,                           !- Name
  whole house fan,                        !- Output Variable or Output Meter Index Key Name
  Electric Equipment Radiant Heating Energy; !- Output Variable or Output Meter Name

OS:EnergyManagementSystem:Sensor,
  {49f4765e-e3fe-4282-bc0e-e82803008e19}, !- Handle
  ig_oe_conv,                             !- Name
  clothes dryer 1,                        !- Output Variable or Output Meter Index Key Name
  Other Equipment Convective Heating Energy; !- Output Variable or Output Meter Name

OS:EnergyManagementSystem:Sensor,
  {1bbc4b32-d2da-4f83-9ef4-38bfdaaaa9bd}, !- Handle
  ig_oe_rad,                              !- Name
  clothes dryer 1,                        !- Output Variable or Output Meter Index Key Name
  Other Equipment Radiant Heating Energy; !- Output Variable or Output Meter Name

OS:EnergyManagementSystem:Sensor,
  {4fca4f5c-1ba8-4f88-bc80-87e800e13f92}, !- Handle
  ig_oe_conv_1,                           !- Name
  cooking range 1,                        !- Output Variable or Output Meter Index Key Name
  Other Equipment Convective Heating Energy; !- Output Variable or Output Meter Name

OS:EnergyManagementSystem:Sensor,
  {ed21379c-e84b-4c05-bd59-aa07da169033}, !- Handle
  ig_oe_rad_1,                            !- Name
  cooking range 1,                        !- Output Variable or Output Meter Index Key Name
  Other Equipment Radiant Heating Energy; !- Output Variable or Output Meter Name

OS:EnergyManagementSystem:Sensor,
  {2302bec3-b561-4e77-9ebf-6cefc58de97c}, !- Handle
  ig_oe_conv_2,                           !- Name
  general water use latent,               !- Output Variable or Output Meter Index Key Name
  Other Equipment Convective Heating Energy; !- Output Variable or Output Meter Name

OS:EnergyManagementSystem:Sensor,
  {b0b58f6a-2e79-41a9-8ec9-02f12bc91cb1}, !- Handle
  ig_oe_rad_2,                            !- Name
  general water use latent,               !- Output Variable or Output Meter Index Key Name
  Other Equipment Radiant Heating Energy; !- Output Variable or Output Meter Name

OS:EnergyManagementSystem:Sensor,
  {4f1fea57-32b2-4c60-b03b-bca981a4d886}, !- Handle
  ig_oe_conv_3,                           !- Name
  general water use sensible,             !- Output Variable or Output Meter Index Key Name
  Other Equipment Convective Heating Energy; !- Output Variable or Output Meter Name

OS:EnergyManagementSystem:Sensor,
  {7a1df9fb-5e81-4b5f-a418-346e2f4962fc}, !- Handle
  ig_oe_rad_3,                            !- Name
  general water use sensible,             !- Output Variable or Output Meter Index Key Name
  Other Equipment Radiant Heating Energy; !- Output Variable or Output Meter Name

OS:EnergyManagementSystem:Sensor,
  {f826e425-203b-4798-b39e-1c3b57722ff7}, !- Handle
  ig_oe_conv_4,                           !- Name
  water heater energy adjustment1,        !- Output Variable or Output Meter Index Key Name
  Other Equipment Convective Heating Energy; !- Output Variable or Output Meter Name

OS:EnergyManagementSystem:Sensor,
  {8a9841ab-729f-43e9-a188-7075bcb816dc}, !- Handle
  ig_oe_rad_4,                            !- Name
  water heater energy adjustment1,        !- Output Variable or Output Meter Index Key Name
  Other Equipment Radiant Heating Energy; !- Output Variable or Output Meter Name

OS:EnergyManagementSystem:Sensor,
  {797ab12b-6f74-496c-a865-cf9de4f12dee}, !- Handle
  ig_ppl_conv,                            !- Name
  occupants,                              !- Output Variable or Output Meter Index Key Name
  People Convective Heating Energy;       !- Output Variable or Output Meter Name

OS:EnergyManagementSystem:Sensor,
  {dcd42635-72e3-44a4-9991-a964734ee205}, !- Handle
  ig_ppl_rad,                             !- Name
  occupants,                              !- Output Variable or Output Meter Index Key Name
  People Radiant Heating Energy;          !- Output Variable or Output Meter Name

OS:EnergyManagementSystem:Sensor,
  {2746b844-9b3b-4cae-819c-4c494c17b937}, !- Handle
  dhw_loss,                               !- Name
  water heater,                           !- Output Variable or Output Meter Index Key Name
  Water Heater Heat Loss Energy;          !- Output Variable or Output Meter Name

OS:EnergyManagementSystem:Sensor,
  {4bbb6ac5-0ff8-4400-9a6d-1912600c6cab}, !- Handle
  dhw_rtf,                                !- Name
  water heater,                           !- Output Variable or Output Meter Index Key Name
  Water Heater Runtime Fraction;          !- Output Variable or Output Meter Name

OS:EnergyManagementSystem:Sensor,
  {eb97a388-af6b-46bc-a78e-452df2f8b2a4}, !- Handle
  tin_s_1,                                !- Name
  conditioned space,                      !- Output Variable or Output Meter Index Key Name
  Zone Mean Air Temperature;              !- Output Variable or Output Meter Name

OS:EnergyManagementSystem:Sensor,
  {8d9493d7-6259-4a75-845c-62fa1bb30fa0}, !- Handle
  htg_sp_s_1,                             !- Name
  heating setpoint,                       !- Output Variable or Output Meter Index Key Name
  Schedule Value;                         !- Output Variable or Output Meter Name

OS:EnergyManagementSystem:Sensor,
  {c8788a9d-004b-4ebe-9755-f6d46751aeee}, !- Handle
  clg_sp_s_1,                             !- Name
  cooling setpoint,                       !- Output Variable or Output Meter Index Key Name
  Schedule Value;                         !- Output Variable or Output Meter Name

OS:EnergyManagementSystem:ProgramCallingManager,
  {885d53bd-cbf3-4b28-bffe-76dfe8ee4b81}, !- Handle
  component_loads_program_calling_manager, !- Name
  EndOfZoneTimestepAfterZoneReporting,    !- EnergyPlus Model Calling Point
  {0b30a84e-6e7e-40c7-89c2-4fb1030235a4}; !- Program Name 1

OS:EnergyManagementSystem:Program,
  {315c9baf-9552-421e-947f-162ea6025eee}, !- Handle
  total_airflows_program,                 !- Name
  Set total_infil_flow_rate = 0,          !- Program Line 1
  Set total_mechvent_flow_rate = 0,       !- Program Line 2
  Set total_natvent_flow_rate = 0,        !- Program Line 3
  Set total_whf_flow_rate = 0,            !- Program Line 4
  Set total_infil_flow_rate = total_infil_flow_rate + (infil_program_Qinf * 1), !- Program Line 5
  Set total_mechvent_flow_rate = total_mechvent_flow_rate + (infil_program_Qfan * 1), !- Program Line 6
  Set total_natvent_flow_rate = total_natvent_flow_rate + (natural_vent_program_Qnv * 1), !- Program Line 7
  Set total_whf_flow_rate = total_whf_flow_rate + (natural_vent_program_Qwhf * 1); !- Program Line 8

OS:AdditionalProperties,
  {b810da42-15e7-41f3-a54f-2baf9aac07cb}, !- Handle
  {315c9baf-9552-421e-947f-162ea6025eee}, !- Object Name
  ObjectType,                             !- Feature Name 1
  String,                                 !- Feature Data Type 1
  total airflows program;                 !- Feature Value 1

OS:EnergyManagementSystem:ProgramCallingManager,
  {95e0071c-a2d3-4eb8-bbcc-aa87b96536d3}, !- Handle
  total_airflows_program_calling_manager, !- Name
  EndOfZoneTimestepAfterZoneReporting,    !- EnergyPlus Model Calling Point
  {315c9baf-9552-421e-947f-162ea6025eee}; !- Program Name 1

OS:Output:JSON,
  {b2baa5ab-5938-4119-8847-ace084cc5326}, !- Handle
  TimeSeriesAndTabular,                   !- Option Type
  No,                                     !- Output JSON
  No,                                     !- Output CBOR
  Yes;                                    !- Output MessagePack

OS:OutputControl:Files,
  {72c4fb78-87fa-4e60-9dff-72a71e3aeadc}, !- Handle
  No,                                     !- Output CSV
  No,                                     !- Output MTR
  No,                                     !- Output ESO
  No,                                     !- Output EIO
  No,                                     !- Output Tabular
  No,                                     !- Output SQLite
  Yes,                                    !- Output JSON
  No,                                     !- Output AUDIT
  Yes,                                    !- Output Space Sizing
  Yes,                                    !- Output Zone Sizing
  Yes,                                    !- Output System Sizing
  Yes,                                    !- Output DXF
  No,                                     !- Output BND
  No,                                     !- Output RDD
  No,                                     !- Output MDD
  No,                                     !- Output MTD
  No,                                     !- Output SHD
  Yes,                                    !- Output DFS
  Yes,                                    !- Output GLHE
  Yes,                                    !- Output DelightIn
  Yes,                                    !- Output DelightELdmp
  Yes,                                    !- Output DelightDFdmp
  Yes,                                    !- Output EDD
  Yes,                                    !- Output DBG
  No,                                     !- Output PerfLog
  Yes,                                    !- Output SLN
  Yes,                                    !- Output SCI
  Yes,                                    !- Output WRL
  Yes,                                    !- Output Screen
  Yes,                                    !- Output ExtShd
  Yes;                                    !- Output Tarcog

OS:Building,
  {d823c070-db7b-45cc-a5b1-95186b039245}, !- Handle
  Building 1,                             !- Name
  ,                                       !- Building Sector Type
  ,                                       !- North Axis {deg}
  ,                                       !- Nominal Floor to Floor Height {m}
  ,                                       !- Space Type Name
  ,                                       !- Default Construction Set Name
  ;                                       !- Default Schedule Set Name

OS:AdditionalProperties,
  {e408e7c5-b424-4abe-b313-77c8e776ac38}, !- Handle
  {d823c070-db7b-45cc-a5b1-95186b039245}, !- Object Name
  hpxml_path,                             !- Feature Name 1
  String,                                 !- Feature Data Type 1
  /var/simdata/openstudio/run/home.xml,   !- Feature Value 1
  hpxml_defaults_path,                    !- Feature Name 2
  String,                                 !- Feature Data Type 2
  /var/simdata/openstudio/run/in.xml,     !- Feature Value 2
  building_id,                            !- Feature Name 3
  String,                                 !- Feature Data Type 3
  ,                                       !- Feature Value 3
  emissions_scenario_names,               !- Feature Name 4
  String,                                 !- Feature Data Type 4
  ["AER_HighRECost_Avg"&#44 "AER_HighRECostLowNGPrice_Avg"&#44 "AER_LowRECost_Avg"&#44 "AER_LowRECostHighNGPrice_Avg"&#44 "AER_MidCase_Avg"&#44 "LRMER_HighRECost_15"&#44 "LRMER_HighRECost_25"&#44 "LRMER_HighRECostLowNGPrice_15"&#44 "LRMER_HighRECostLowNGPrice_25"&#44 "LRMER_LowRECost_15"&#44 "LRMER_LowRECost_25"&#44 "LRMER_LowRECostHighNGPrice_15"&#44 "LRMER_LowRECostHighNGPrice_25"&#44 "LRMER_MidCase_15"&#44 "LRMER_MidCase_25"], !- Feature Value 4
  emissions_scenario_types,               !- Feature Name 5
  String,                                 !- Feature Data Type 5
  ["CO2e"&#44 "CO2e"&#44 "CO2e"&#44 "CO2e"&#44 "CO2e"&#44 "CO2e"&#44 "CO2e"&#44 "CO2e"&#44 "CO2e"&#44 "CO2e"&#44 "CO2e"&#44 "CO2e"&#44 "CO2e"&#44 "CO2e"&#44 "CO2e"], !- Feature Value 5
  heated_zones,                           !- Feature Name 6
  String,                                 !- Feature Data Type 6
  ["conditioned space"],                  !- Feature Value 6
  cooled_zones,                           !- Feature Name 7
  String,                                 !- Feature Data Type 7
  ["conditioned space"],                  !- Feature Value 7
  is_southern_hemisphere,                 !- Feature Name 8
  Boolean,                                !- Feature Data Type 8
  false;                                  !- Feature Value 8

OS:Meter:Custom,
  {84ff727d-bad2-4a00-99bc-d933e9e82618}, !- Handle
  Electricity:Total,                      !- Name
  Electricity,                            !- Fuel Type
  ,                                       !- Key Name 1
  Electricity:Facility;                   !- Output Variable or Meter Name 1

OS:Meter:Custom,
  {0b14bc4e-6732-4e3d-af00-ca824c03a4c1}, !- Handle
  Electricity:Net,                        !- Name
  Electricity,                            !- Fuel Type
  ,                                       !- Key Name 1
  Electricity:Facility;                   !- Output Variable or Meter Name 1

